FechaPublicacion,Etapa,FechaInicio,FechaFin,Caso,NombreCaso,CodigoAreaOperativa,AportesProyectados,AnioEstudio,MesEstudio
2023-10-09,31,2025-05-01,2025-05-31,Coordinado,Percentil 95,Are0128,28518606.0,2022,11
2023-10-09,31,2025-05-01,2025-05-31,Coordinado,Percentil 95,Are0056,45685312.0,2022,11
2023-10-09,31,2025-05-01,2025-05-31,Autonomo,Percentil 5,Are0056,48008904.0,2022,11
2023-10-09,31,2025-05-01,2025-05-31,Coordinado,Promedio,Are0010,273021760.0,2022,11
2023-10-09,31,2025-05-01,2025-05-31,Coordinado,Promedio,Are0002,143896000.0,2022,11
2023-10-09,31,2025-05-01,2025-05-31,Coordinado,Percentil 5,Are0010,192000000.0,2022,11
2023-10-09,31,2025-05-01,2025-05-31,Autonomo,Percentil 95,Are0056,48008904.0,2022,11
2023-10-09,31,2025-05-01,2025-05-31,Autonomo,Promedio,Are0127,4266581.0,2022,11
2023-10-09,31,2025-05-01,2025-05-31,Autonomo,Percentil 5,Are0012,9804516.0,2022,11
2023-10-09,31,2025-05-01,2025-05-31,Coordinado,Promedio,Are0012,21266188.0,2022,11
2023-10-09,31,2025-05-01,2025-05-31,Autonomo,Percentil 95,Are0012,9804516.0,2022,11
2023-10-09,31,2025-05-01,2025-05-31,Coordinado,Percentil 5,Are0056,45685312.0,2022,11
2023-10-09,37,2025-05-01,2025-05-31,Coordinado,Percentil 5,Are0056,37724868.0,2022,5
2023-10-09,37,2025-05-01,2025-05-31,Coordinado,Promedio,Are0056,61360660.0,2022,5
2023-10-09,37,2025-05-01,2025-05-31,Autonomo,Percentil 5,Are0056,43097192.0,2022,5
2023-10-09,37,2025-05-01,2025-05-31,Autonomo,Promedio,Are0010,277200384.0,2022,5
2023-10-09,37,2025-05-01,2025-05-31,Autonomo,Percentil 95,Are0127,2013548.375,2022,5
2023-10-09,37,2025-05-01,2025-05-31,Autonomo,Percentil 95,Are0012,8491613.0,2022,5
2023-10-09,37,2025-05-01,2025-05-31,Autonomo,Promedio,Are0012,22794288.0,2022,5
2023-10-09,37,2025-05-01,2025-05-31,Autonomo,Percentil 5,Are0128,27474852.0,2022,5
2023-10-09,37,2025-05-01,2025-05-31,Coordinado,Percentil 95,Are0010,391967744.0,2022,5
2023-10-09,37,2025-05-01,2025-05-31,Autonomo,Percentil 95,Are0010,423741920.0,2022,5
2023-10-09,37,2025-05-01,2025-05-31,Autonomo,Promedio,Are0002,140322320.0,2022,5
2023-10-09,37,2025-05-01,2025-05-31,Coordinado,Percentil 95,Are0128,24357406.0,2022,5
2023-10-09,37,2025-05-01,2025-05-31,Coordinado,Promedio,Are0002,135836096.0,2022,5
2023-10-09,37,2025-05-01,2025-05-31,Coordinado,Promedio,Are0012,18965678.0,2022,5
2023-10-09,37,2025-05-01,2025-05-31,Autonomo,Promedio,Are0128,42164720.0,2022,5
2023-10-09,37,2025-05-01,2025-05-31,Coordinado,Promedio,Are0127,3361900.75,2022,5
2023-10-09,37,2025-05-01,2025-05-31,Autonomo,Percentil 95,Are0002,81303552.0,2022,5
2023-10-09,37,2025-05-01,2025-05-31,Coordinado,Percentil 5,Are0012,7743226.0,2022,5
2023-10-09,37,2025-05-01,2025-05-31,Autonomo,Percentil 5,Are0012,8491613.0,2022,5
2023-10-09,37,2025-05-01,2025-05-31,Coordinado,Percentil 95,Are0127,1820000.0,2022,5
2023-10-09,37,2025-05-01,2025-05-31,Coordinado,Percentil 95,Are0012,7743226.0,2022,5
2023-10-09,37,2025-05-01,2025-05-31,Coordinado,Promedio,Are0128,36552496.0,2022,5
2023-10-09,37,2025-05-01,2025-05-31,Autonomo,Percentil 95,Are0056,43097192.0,2022,5
2023-10-09,37,2025-05-01,2025-05-31,Autonomo,Percentil 5,Are0127,2013548.375,2022,5
2023-10-09,37,2025-05-01,2025-05-31,Autonomo,Percentil 5,Are0002,81303552.0,2022,5
2023-10-09,37,2025-05-01,2025-05-31,Coordinado,Percentil 5,Are0010,170264512.0,2022,5
2023-10-09,37,2025-05-01,2025-05-31,Autonomo,Percentil 5,Are0010,176167744.0,2022,5
2023-10-09,37,2025-05-01,2025-05-31,Autonomo,Promedio,Are0127,4458918.5,2022,5
2023-10-09,37,2025-05-01,2025-05-31,Coordinado,Percentil 5,Are0128,24357406.0,2022,5
2023-10-09,37,2025-05-01,2025-05-31,Autonomo,Percentil 95,Are0128,27474852.0,2022,5
2023-10-09,37,2025-05-01,2025-05-31,Autonomo,Promedio,Are0056,67460600.0,2022,5
2023-10-09,37,2025-05-01,2025-05-31,Coordinado,Percentil 95,Are0002,78886136.0,2022,5
2023-10-09,37,2025-05-01,2025-05-31,Coordinado,Percentil 5,Are0002,78886136.0,2022,5
2023-10-09,37,2025-05-01,2025-05-31,Coordinado,Promedio,Are0010,256076704.0,2022,5
2023-10-09,37,2025-05-01,2025-05-31,Coordinado,Percentil 95,Are0056,37724868.0,2022,5
2023-10-09,37,2025-05-01,2025-05-31,Coordinado,Percentil 5,Are0127,1820000.0,2022,5
2023-10-10,27,2025-05-01,2025-05-31,Coordinado,Promedio,Are0128,41299236.0,2023,3
2023-10-10,27,2025-05-01,2025-05-31,Coordinado,Percentil 5,Are0010,192161296.0,2023,3
2023-10-10,27,2025-05-01,2025-05-31,Coordinado,Percentil 95,Are0127,2233483.75,2023,3
2023-10-10,27,2025-05-01,2025-05-31,Coordinado,Promedio,Are0056,68629160.0,2023,3
2023-10-10,27,2025-05-01,2025-05-31,Autonomo,Promedio,Are0002,146359376.0,2023,3
2023-10-10,27,2025-05-01,2025-05-31,Coordinado,Percentil 5,Are0127,2233483.75,2023,3
2023-10-10,27,2025-05-01,2025-05-31,Autonomo,Percentil 95,Are0127,2378903.25,2023,3
2023-10-10,27,2025-05-01,2025-05-31,Autonomo,Percentil 5,Are0012,10526452.0,2023,3
2023-10-10,27,2025-05-01,2025-05-31,Autonomo,Percentil 95,Are0010,426387104.0,2023,3
2023-10-10,27,2025-05-01,2025-05-31,Autonomo,Percentil 5,Are0056,46276652.0,2023,3
2023-10-10,27,2025-05-01,2025-05-31,Autonomo,Percentil 5,Are0010,192709680.0,2023,3
2023-10-10,27,2025-05-01,2025-05-31,Coordinado,Percentil 95,Are0002,77074416.0,2023,3
2023-10-10,27,2025-05-01,2025-05-31,Autonomo,Percentil 5,Are0002,76966216.0,2023,3
2023-10-10,27,2025-05-01,2025-05-31,Autonomo,Promedio,Are0056,69420880.0,2023,3
2023-10-10,27,2025-05-01,2025-05-31,Coordinado,Promedio,Are0002,145037472.0,2023,3
2023-10-10,27,2025-05-01,2025-05-31,Coordinado,Percentil 5,Are0002,77074416.0,2023,3
2023-10-10,27,2025-05-01,2025-05-31,Coordinado,Percentil 5,Are0056,45401228.0,2023,3
2023-10-10,27,2025-05-01,2025-05-31,Autonomo,Percentil 5,Are0127,2378903.25,2023,3
2023-10-10,27,2025-05-01,2025-05-31,Autonomo,Percentil 5,Are0128,28642352.0,2023,3
2023-10-10,27,2025-05-01,2025-05-31,Autonomo,Promedio,Are0128,42314596.0,2023,3
2023-10-10,27,2025-05-01,2025-05-31,Coordinado,Percentil 95,Are0056,45401228.0,2023,3
2023-10-10,27,2025-05-01,2025-05-31,Autonomo,Percentil 95,Are0056,46276652.0,2023,3
2023-10-10,27,2025-05-01,2025-05-31,Coordinado,Promedio,Are0010,281769152.0,2023,3
2025-02-15,4,2025-05-01,2025-05-31,Autonomo,Percentil 5,Are0128,26208304.0,2025,2
2025-02-15,4,2025-05-01,2025-05-31,Autonomo,Promedio,Are0128,43544608.0,2025,2
2025-02-15,4,2025-05-01,2025-05-31,Autonomo,Percentil 95,Are0056,40145556.0,2025,2
2025-02-15,4,2025-05-01,2025-05-31,Autonomo,Percentil 5,Are0056,40145556.0,2025,2
2025-02-15,4,2025-05-01,2025-05-31,Autonomo,Promedio,Are0056,71105336.0,2025,2
2025-02-15,4,2025-05-01,2025-05-31,Autonomo,Percentil 95,Are0012,8071613.0,2025,2
2025-02-15,4,2025-05-01,2025-05-31,Autonomo,Percentil 5,Are0012,8071613.0,2025,2
2025-02-15,4,2025-05-01,2025-05-31,Autonomo,Promedio,Are0012,22921452.0,2025,2
2025-02-15,4,2025-05-01,2025-05-31,Autonomo,Percentil 95,Are0002,61414124.0,2025,2
2025-02-15,4,2025-05-01,2025-05-31,Autonomo,Percentil 5,Are0002,61414124.0,2025,2
2025-02-15,4,2025-05-01,2025-05-31,Autonomo,Promedio,Are0002,132527336.0,2025,2
2023-10-10,29,2025-05-01,2025-05-31,Autonomo,Promedio,Are0010,278740544.0,2023,1
2023-10-10,29,2025-05-01,2025-05-31,Autonomo,Percentil 95,Are0012,11520000.0,2023,1
2023-10-10,29,2025-05-01,2025-05-31,Coordinado,Percentil 5,Are0010,192748384.0,2023,1
2023-10-10,29,2025-05-01,2025-05-31,Autonomo,Percentil 95,Are0002,78522672.0,2023,1
2023-10-10,29,2025-05-01,2025-05-31,Autonomo,Percentil 5,Are0002,78522672.0,2023,1
2023-10-10,29,2025-05-01,2025-05-31,Autonomo,Percentil 5,Are0128,29958316.0,2023,1
2023-10-10,29,2025-05-01,2025-05-31,Autonomo,Promedio,Are0012,22537358.0,2023,1
2023-10-10,29,2025-05-01,2025-05-31,Coordinado,Percentil 95,Are0010,388838720.0,2023,1
2023-10-10,29,2025-05-01,2025-05-31,Autonomo,Promedio,Are0056,68119768.0,2023,1
2023-10-10,29,2025-05-01,2025-05-31,Autonomo,Percentil 95,Are0128,29958316.0,2023,1
2023-10-10,29,2025-05-01,2025-05-31,Coordinado,Percentil 5,Are0128,28602348.0,2023,1
2023-10-10,29,2025-05-01,2025-05-31,Autonomo,Promedio,Are0127,4012687.0,2023,1
2023-10-10,29,2025-05-01,2025-05-31,Coordinado,Percentil 5,Are0056,46402776.0,2023,1
2023-10-10,29,2025-05-01,2025-05-31,Autonomo,Percentil 95,Are0127,2209613.0,2023,1
2023-10-10,29,2025-05-01,2025-05-31,Coordinado,Percentil 5,Are0127,2170516.25,2023,1
2023-10-10,29,2025-05-01,2025-05-31,Coordinado,Percentil 5,Are0012,10172903.0,2023,1
2023-10-10,29,2025-05-01,2025-05-31,Coordinado,Percentil 5,Are0002,78104608.0,2023,1
2023-10-10,29,2025-05-01,2025-05-31,Coordinado,Percentil 95,Are0012,10172903.0,2023,1
2023-10-10,29,2025-05-01,2025-05-31,Coordinado,Promedio,Are0010,273275584.0,2023,1
2023-10-10,29,2025-05-01,2025-05-31,Coordinado,Promedio,Are0002,141653904.0,2023,1
2023-10-10,29,2025-05-01,2025-05-31,Coordinado,Promedio,Are0128,39501908.0,2023,1
2023-10-10,29,2025-05-01,2025-05-31,Autonomo,Promedio,Are0002,143364112.0,2023,1
2023-10-10,29,2025-05-01,2025-05-31,Autonomo,Percentil 95,Are0010,389193536.0,2023,1
2023-10-10,29,2025-05-01,2025-05-31,Autonomo,Percentil 5,Are0012,11520000.0,2023,1
2023-10-10,29,2025-05-01,2025-05-31,Autonomo,Percentil 5,Are0056,46832808.0,2023,1
2023-10-10,29,2025-05-01,2025-05-31,Coordinado,Percentil 95,Are0056,46402776.0,2023,1
2023-10-10,29,2025-05-01,2025-05-31,Autonomo,Promedio,Are0128,40705980.0,2023,1
2023-10-10,29,2025-05-01,2025-05-31,Autonomo,Percentil 95,Are0056,46832808.0,2023,1
2023-10-10,29,2025-05-01,2025-05-31,Coordinado,Percentil 95,Are0127,2170516.25,2023,1
2023-10-10,29,2025-05-01,2025-05-31,Coordinado,Promedio,Are0056,67105280.0,2023,1
2023-10-10,29,2025-05-01,2025-05-31,Coordinado,Promedio,Are0127,3750640.0,2023,1
2023-10-10,29,2025-05-01,2025-05-31,Autonomo,Percentil 5,Are0127,2209613.0,2023,1
2023-10-10,29,2025-05-01,2025-05-31,Coordinado,Promedio,Are0012,21264216.0,2023,1
2023-10-10,29,2025-05-01,2025-05-31,Autonomo,Percentil 5,Are0010,200148384.0,2023,1
2023-10-10,29,2025-05-01,2025-05-31,Coordinado,Percentil 95,Are0128,28602348.0,2023,1
2023-10-10,29,2025-05-01,2025-05-31,Coordinado,Percentil 95,Are0002,78104608.0,2023,1
2023-10-09,31,2025-05-01,2025-05-31,Autonomo,Percentil 95,Are0128,32028362.0,2022,11
2023-10-09,31,2025-05-01,2025-05-31,Autonomo,Promedio,Are0002,147304880.0,2022,11
2023-10-09,31,2025-05-01,2025-05-31,Autonomo,Percentil 5,Are0128,32028362.0,2022,11
2023-10-09,31,2025-05-01,2025-05-31,Coordinado,Percentil 5,Are0012,9351613.0,2022,11
2023-10-09,31,2025-05-01,2025-05-31,Autonomo,Promedio,Are0128,42351472.0,2022,11
2023-10-09,31,2025-05-01,2025-05-31,Coordinado,Percentil 95,Are0002,87662648.0,2022,11
2023-10-09,31,2025-05-01,2025-05-31,Autonomo,Promedio,Are0012,23880090.0,2022,11
2023-10-09,31,2025-05-01,2025-05-31,Coordinado,Percentil 95,Are0127,1932419.375,2022,11
2023-10-09,31,2025-05-01,2025-05-31,Autonomo,Promedio,Are0056,70402368.0,2022,11
2023-10-09,31,2025-05-01,2025-05-31,Coordinado,Percentil 95,Are0010,373000000.0,2022,11
2023-10-09,31,2025-05-01,2025-05-31,Coordinado,Percentil 5,Are0127,1932419.375,2022,11
2023-10-09,31,2025-05-01,2025-05-31,Autonomo,Percentil 95,Are0002,91722152.0,2022,11
2023-10-09,31,2025-05-01,2025-05-31,Autonomo,Percentil 95,Are0010,404129024.0,2022,11
2023-10-09,31,2025-05-01,2025-05-31,Coordinado,Percentil 5,Are0128,28518606.0,2022,11
2023-10-09,31,2025-05-01,2025-05-31,Autonomo,Percentil 95,Are0127,1844709.625,2022,11
2023-10-09,31,2025-05-01,2025-05-31,Coordinado,Percentil 5,Are0002,87662648.0,2022,11
2023-10-09,31,2025-05-01,2025-05-31,Coordinado,Percentil 95,Are0012,9351613.0,2022,11
2023-10-09,31,2025-05-01,2025-05-31,Coordinado,Promedio,Are0128,37500280.0,2022,11
2023-10-09,31,2025-05-01,2025-05-31,Coordinado,Promedio,Are0127,3570987.75,2022,11
2023-10-09,31,2025-05-01,2025-05-31,Autonomo,Percentil 5,Are0002,91722152.0,2022,11
2023-10-09,31,2025-05-01,2025-05-31,Autonomo,Promedio,Are0010,288205632.0,2022,11
2023-10-09,31,2025-05-01,2025-05-31,Autonomo,Percentil 5,Are0127,1844709.625,2022,11
2023-10-09,31,2025-05-01,2025-05-31,Coordinado,Promedio,Are0056,66788528.0,2022,11
2023-10-09,31,2025-05-01,2025-05-31,Autonomo,Percentil 5,Are0010,198896768.0,2022,11
2023-10-09,34,2025-05-01,2025-05-31,Coordinado,Promedio,Are0128,38197516.0,2022,8
2023-10-09,34,2025-05-01,2025-05-31,Autonomo,Percentil 5,Are0002,92459800.0,2022,8
2023-10-09,34,2025-05-01,2025-05-31,Coordinado,Promedio,Are0010,269545600.0,2022,8
2023-10-09,34,2025-05-01,2025-05-31,Autonomo,Percentil 5,Are0010,195193552.0,2022,8
2023-10-09,34,2025-05-01,2025-05-31,Autonomo,Percentil 5,Are0012,12023548.0,2022,8
2023-10-09,34,2025-05-01,2025-05-31,Coordinado,Percentil 5,Are0056,40885836.0,2022,8
2023-10-09,34,2025-05-01,2025-05-31,Coordinado,Percentil 95,Are0127,2066612.875,2022,8
2023-10-09,34,2025-05-01,2025-05-31,Coordinado,Promedio,Are0127,3464275.5,2022,8
2023-10-09,34,2025-05-01,2025-05-31,Coordinado,Percentil 5,Are0010,185838704.0,2022,8
2023-10-09,34,2025-05-01,2025-05-31,Coordinado,Percentil 95,Are0012,9333871.0,2022,8
2023-10-09,34,2025-05-01,2025-05-31,Coordinado,Promedio,Are0012,20082470.0,2022,8
2023-10-09,34,2025-05-01,2025-05-31,Coordinado,Promedio,Are0002,148101856.0,2022,8
2023-10-09,34,2025-05-01,2025-05-31,Autonomo,Percentil 5,Are0056,46201612.0,2022,8
2023-10-10,26,2025-05-01,2025-05-31,Autonomo,Percentil 95,Are0127,2135483.75,2023,4
2023-10-10,26,2025-05-01,2025-05-31,Coordinado,Promedio,Are0002,146458192.0,2023,4
2023-10-10,26,2025-05-01,2025-05-31,Autonomo,Percentil 5,Are0127,2135483.75,2023,4
2023-10-10,26,2025-05-01,2025-05-31,Coordinado,Percentil 95,Are0056,47060052.0,2023,4
2023-10-10,26,2025-05-01,2025-05-31,Autonomo,Promedio,Are0128,42710240.0,2023,4
2023-10-10,26,2025-05-01,2025-05-31,Coordinado,Percentil 5,Are0010,187183872.0,2023,4
2023-10-10,26,2025-05-01,2025-05-31,Autonomo,Percentil 5,Are0002,83511824.0,2023,4
2023-10-10,26,2025-05-01,2025-05-31,Coordinado,Percentil 5,Are0012,10104516.0,2023,4
2023-10-10,26,2025-05-01,2025-05-31,Autonomo,Promedio,Are0010,291765440.0,2023,4
2023-10-10,26,2025-05-01,2025-05-31,Autonomo,Percentil 5,Are0010,194251616.0,2023,4
2023-10-10,26,2025-05-01,2025-05-31,Autonomo,Promedio,Are0002,147978752.0,2023,4
2023-10-10,26,2025-05-01,2025-05-31,Coordinado,Percentil 95,Are0012,10104516.0,2023,4
2023-10-10,26,2025-05-01,2025-05-31,Coordinado,Percentil 95,Are0127,2067032.25,2023,4
2023-10-10,26,2025-05-01,2025-05-31,Autonomo,Percentil 95,Are0002,83511824.0,2023,4
2023-10-10,26,2025-05-01,2025-05-31,Coordinado,Promedio,Are0010,286939072.0,2023,4
2023-10-10,26,2025-05-01,2025-05-31,Coordinado,Promedio,Are0128,41412328.0,2023,4
2023-10-10,26,2025-05-01,2025-05-31,Autonomo,Percentil 95,Are0056,48187764.0,2023,4
2023-10-10,26,2025-05-01,2025-05-31,Coordinado,Percentil 95,Are0010,407870976.0,2023,4
2023-10-10,26,2025-05-01,2025-05-31,Autonomo,Percentil 95,Are0128,29306504.0,2023,4
2023-10-10,26,2025-05-01,2025-05-31,Autonomo,Percentil 95,Are0012,10104516.0,2023,4
2023-10-10,26,2025-05-01,2025-05-31,Autonomo,Percentil 95,Are0010,411483872.0,2023,4
2023-10-10,26,2025-05-01,2025-05-31,Autonomo,Percentil 5,Are0056,48187764.0,2023,4
2023-10-10,26,2025-05-01,2025-05-31,Coordinado,Percentil 95,Are0002,83163120.0,2023,4
2023-10-10,26,2025-05-01,2025-05-31,Autonomo,Percentil 5,Are0128,29306504.0,2023,4
2023-10-10,26,2025-05-01,2025-05-31,Coordinado,Percentil 5,Are0128,29028638.0,2023,4
2023-10-10,26,2025-05-01,2025-05-31,Coordinado,Percentil 5,Are0002,83163120.0,2023,4
2023-10-10,26,2025-05-01,2025-05-31,Coordinado,Promedio,Are0012,23363004.0,2023,4
2023-10-10,26,2025-05-01,2025-05-31,Coordinado,Percentil 5,Are0056,47060052.0,2023,4
2023-10-10,26,2025-05-01,2025-05-31,Coordinado,Percentil 95,Are0128,29028638.0,2023,4
2023-10-10,26,2025-05-01,2025-05-31,Coordinado,Promedio,Are0127,4183010.0,2023,4
2023-10-10,26,2025-05-01,2025-05-31,Coordinado,Percentil 5,Are0127,2067032.25,2023,4
2023-10-10,26,2025-05-01,2025-05-31,Coordinado,Promedio,Are0056,71522912.0,2023,4
2023-10-10,26,2025-05-01,2025-05-31,Autonomo,Percentil 5,Are0012,10104516.0,2023,4
2023-10-10,26,2025-05-01,2025-05-31,Autonomo,Promedio,Are0012,24503580.0,2023,4
2023-10-10,26,2025-05-01,2025-05-31,Autonomo,Promedio,Are0127,4367417.0,2023,4
2023-10-10,26,2025-05-01,2025-05-31,Autonomo,Promedio,Are0056,72205904.0,2023,4
2023-10-09,38,2025-05-01,2025-05-31,Coordinado,Promedio,Are0128,37558564.0,2022,4
2023-10-09,38,2025-05-01,2025-05-31,Autonomo,Percentil 5,Are0056,45278904.0,2022,4
2023-10-09,38,2025-05-01,2025-05-31,Coordinado,Percentil 5,Are0127,2083193.5,2022,4
2023-10-09,38,2025-05-01,2025-05-31,Coordinado,Percentil 5,Are0010,170080640.0,2022,4
2023-10-09,38,2025-05-01,2025-05-31,Coordinado,Promedio,Are0010,259732096.0,2022,4
2023-10-09,38,2025-05-01,2025-05-31,Autonomo,Percentil 5,Are0012,8844839.0,2022,4
2023-10-09,38,2025-05-01,2025-05-31,Coordinado,Percentil 95,Are0127,2083193.5,2022,4
2023-10-09,38,2025-05-01,2025-05-31,Coordinado,Promedio,Are0002,137722864.0,2022,4
2023-10-09,38,2025-05-01,2025-05-31,Autonomo,Percentil 95,Are0002,82828848.0,2022,4
2023-10-09,38,2025-05-01,2025-05-31,Coordinado,Promedio,Are0056,60649976.0,2022,4
2023-10-09,38,2025-05-01,2025-05-31,Autonomo,Promedio,Are0127,4374376.5,2022,4
2023-10-09,38,2025-05-01,2025-05-31,Autonomo,Percentil 5,Are0127,2393096.75,2022,4
2023-10-09,38,2025-05-01,2025-05-31,Coordinado,Percentil 5,Are0012,7601935.5,2022,4
2023-10-09,38,2025-05-01,2025-05-31,Autonomo,Percentil 5,Are0010,178109680.0,2022,4
2023-10-09,38,2025-05-01,2025-05-31,Autonomo,Percentil 5,Are0002,82828848.0,2022,4
2023-10-09,38,2025-05-01,2025-05-31,Coordinado,Percentil 5,Are0056,40006988.0,2022,4
2023-10-09,38,2025-05-01,2025-05-31,Coordinado,Percentil 95,Are0128,26937162.0,2022,4
2023-10-09,38,2025-05-01,2025-05-31,Coordinado,Percentil 95,Are0056,40006988.0,2022,4
2023-10-09,38,2025-05-01,2025-05-31,Coordinado,Promedio,Are0012,20336470.0,2022,4
2023-10-09,38,2025-05-01,2025-05-31,Autonomo,Percentil 95,Are0127,2393096.75,2022,4
2023-10-09,38,2025-05-01,2025-05-31,Autonomo,Percentil 95,Are0012,8844839.0,2022,4
2023-10-09,38,2025-05-01,2025-05-31,Coordinado,Percentil 95,Are0012,7601935.5,2022,4
2023-10-10,27,2025-05-01,2025-05-31,Autonomo,Percentil 95,Are0128,28642352.0,2023,3
2023-10-10,27,2025-05-01,2025-05-31,Coordinado,Percentil 95,Are0010,423645152.0,2023,3
2023-10-10,27,2025-05-01,2025-05-31,Autonomo,Promedio,Are0010,286112640.0,2023,3
2023-10-10,27,2025-05-01,2025-05-31,Coordinado,Percentil 95,Are0128,28426558.0,2023,3
2023-10-10,27,2025-05-01,2025-05-31,Coordinado,Promedio,Are0127,4270797.0,2023,3
2023-10-10,27,2025-05-01,2025-05-31,Coordinado,Percentil 5,Are0012,10392581.0,2023,3
2023-10-10,27,2025-05-01,2025-05-31,Autonomo,Promedio,Are0127,4541157.0,2023,3
2023-10-10,27,2025-05-01,2025-05-31,Autonomo,Percentil 95,Are0002,76966216.0,2023,3
2023-10-10,27,2025-05-01,2025-05-31,Coordinado,Percentil 95,Are0012,10392581.0,2023,3
2023-10-10,27,2025-05-01,2025-05-31,Coordinado,Percentil 5,Are0128,28426558.0,2023,3
2023-10-10,27,2025-05-01,2025-05-31,Autonomo,Promedio,Are0012,23476870.0,2023,3
2023-10-10,27,2025-05-01,2025-05-31,Autonomo,Percentil 95,Are0012,10526452.0,2023,3
2023-10-10,27,2025-05-01,2025-05-31,Coordinado,Promedio,Are0012,22532226.0,2023,3
2023-10-10,24,2025-05-01,2025-05-31,Autonomo,Percentil 95,Are0128,28642888.0,2023,6
2023-10-10,24,2025-05-01,2025-05-31,Autonomo,Percentil 95,Are0127,2170258.0,2023,6
2023-10-10,24,2025-05-01,2025-05-31,Coordinado,Promedio,Are0010,283243648.0,2023,6
2023-10-10,24,2025-05-01,2025-05-31,Autonomo,Percentil 5,Are0056,44368420.0,2023,6
2023-10-10,24,2025-05-01,2025-05-31,Coordinado,Percentil 95,Are0012,9670323.0,2023,6
2023-10-10,24,2025-05-01,2025-05-31,Autonomo,Promedio,Are0002,147271744.0,2023,6
2023-10-10,24,2025-05-01,2025-05-31,Coordinado,Percentil 5,Are0056,44177580.0,2023,6
2023-10-10,24,2025-05-01,2025-05-31,Autonomo,Percentil 95,Are0002,77596432.0,2023,6
2023-10-10,24,2025-05-01,2025-05-31,Autonomo,Percentil 5,Are0002,77596432.0,2023,6
2023-10-10,24,2025-05-01,2025-05-31,Autonomo,Percentil 5,Are0012,9670323.0,2023,6
2023-10-10,24,2025-05-01,2025-05-31,Autonomo,Promedio,Are0010,287600928.0,2023,6
2023-10-10,24,2025-05-01,2025-05-31,Coordinado,Promedio,Are0127,3882899.0,2023,6
2023-10-10,24,2025-05-01,2025-05-31,Autonomo,Percentil 5,Are0128,28642888.0,2023,6
2023-10-10,24,2025-05-01,2025-05-31,Coordinado,Percentil 95,Are0010,408354848.0,2023,6
2023-10-10,24,2025-05-01,2025-05-31,Coordinado,Percentil 5,Are0012,9670323.0,2023,6
2023-10-10,24,2025-05-01,2025-05-31,Autonomo,Percentil 95,Are0012,9670323.0,2023,6
2023-10-10,24,2025-05-01,2025-05-31,Coordinado,Percentil 5,Are0002,77992880.0,2023,6
2023-10-10,24,2025-05-01,2025-05-31,Coordinado,Promedio,Are0002,146427312.0,2023,6
2023-10-10,24,2025-05-01,2025-05-31,Coordinado,Promedio,Are0128,39766480.0,2023,6
2023-10-10,24,2025-05-01,2025-05-31,Coordinado,Percentil 95,Are0002,77992880.0,2023,6
2023-10-10,24,2025-05-01,2025-05-31,Autonomo,Percentil 5,Are0127,2170258.0,2023,6
2023-10-10,24,2025-05-01,2025-05-31,Coordinado,Percentil 95,Are0128,27146932.0,2023,6
2023-10-10,24,2025-05-01,2025-05-31,Coordinado,Promedio,Are0056,71002096.0,2023,6
2023-10-10,24,2025-05-01,2025-05-31,Autonomo,Promedio,Are0127,4115000.25,2023,6
2023-10-10,24,2025-05-01,2025-05-31,Coordinado,Percentil 5,Are0128,27146932.0,2023,6
2023-10-10,24,2025-05-01,2025-05-31,Autonomo,Percentil 95,Are0056,44368420.0,2023,6
2023-10-10,24,2025-05-01,2025-05-31,Autonomo,Promedio,Are0128,41391200.0,2023,6
2023-10-10,24,2025-05-01,2025-05-31,Coordinado,Percentil 5,Are0010,185712896.0,2023,6
2023-10-10,24,2025-05-01,2025-05-31,Autonomo,Promedio,Are0056,71698240.0,2023,6
2023-10-10,24,2025-05-01,2025-05-31,Autonomo,Percentil 95,Are0010,411354848.0,2023,6
2023-10-10,24,2025-05-01,2025-05-31,Coordinado,Percentil 95,Are0056,44177580.0,2023,6
2023-10-10,24,2025-05-01,2025-05-31,Coordinado,Percentil 95,Are0127,2016193.5,2023,6
2023-10-10,24,2025-05-01,2025-05-31,Coordinado,Percentil 5,Are0127,2016193.5,2023,6
2023-10-10,24,2025-05-01,2025-05-31,Coordinado,Promedio,Are0012,22164054.0,2023,6
2023-10-10,24,2025-05-01,2025-05-31,Autonomo,Promedio,Are0012,23123870.0,2023,6
2023-10-10,24,2025-05-01,2025-05-31,Autonomo,Percentil 5,Are0010,185629040.0,2023,6
2023-10-09,34,2025-05-01,2025-05-31,Autonomo,Percentil 95,Are0056,46201612.0,2022,8
2023-10-09,34,2025-05-01,2025-05-31,Coordinado,Percentil 95,Are0128,27002606.0,2022,8
2023-10-09,34,2025-05-01,2025-05-31,Autonomo,Percentil 95,Are0012,12023548.0,2022,8
2023-10-09,34,2025-05-01,2025-05-31,Coordinado,Percentil 95,Are0010,364967744.0,2022,8
2023-10-09,34,2025-05-01,2025-05-31,Autonomo,Promedio,Are0128,44404580.0,2022,8
2023-10-09,34,2025-05-01,2025-05-31,Autonomo,Percentil 95,Are0010,391064512.0,2022,8
2023-10-09,34,2025-05-01,2025-05-31,Autonomo,Promedio,Are0056,66275176.0,2022,8
2023-10-09,34,2025-05-01,2025-05-31,Coordinado,Percentil 5,Are0002,88940608.0,2022,8
2023-10-09,34,2025-05-01,2025-05-31,Autonomo,Percentil 95,Are0128,30213746.0,2022,8
2023-10-09,34,2025-05-01,2025-05-31,Autonomo,Percentil 5,Are0128,30213746.0,2022,8
2023-10-09,34,2025-05-01,2025-05-31,Coordinado,Percentil 95,Are0056,40885836.0,2022,8
2023-10-09,34,2025-05-01,2025-05-31,Autonomo,Percentil 5,Are0127,2397193.5,2022,8
2023-10-09,34,2025-05-01,2025-05-31,Coordinado,Promedio,Are0056,59699240.0,2022,8
2023-10-09,34,2025-05-01,2025-05-31,Coordinado,Percentil 95,Are0002,88940608.0,2022,8
2023-10-09,34,2025-05-01,2025-05-31,Autonomo,Percentil 95,Are0127,2397193.5,2022,8
2023-10-09,34,2025-05-01,2025-05-31,Autonomo,Percentil 95,Are0002,92459800.0,2022,8
2023-10-09,34,2025-05-01,2025-05-31,Autonomo,Promedio,Are0012,24988812.0,2022,8
2023-10-09,34,2025-05-01,2025-05-31,Autonomo,Promedio,Are0127,4624156.0,2022,8
2023-10-09,34,2025-05-01,2025-05-31,Autonomo,Promedio,Are0010,292511424.0,2022,8
2023-10-09,34,2025-05-01,2025-05-31,Autonomo,Promedio,Are0002,152218288.0,2022,8
2023-10-09,34,2025-05-01,2025-05-31,Coordinado,Percentil 5,Are0012,9333871.0,2022,8
2023-10-09,34,2025-05-01,2025-05-31,Coordinado,Percentil 5,Are0128,27002606.0,2022,8
2023-10-09,34,2025-05-01,2025-05-31,Coordinado,Percentil 5,Are0127,2066612.875,2022,8
2024-11-15,7,2025-05-01,2025-05-31,Autonomo,Percentil 95,Are0056,38645824.0,2024,11
2024-11-15,7,2025-05-01,2025-05-31,Autonomo,Percentil 5,Are0056,38645824.0,2024,11
2024-11-15,7,2025-05-01,2025-05-31,Autonomo,Promedio,Are0056,65587436.0,2024,11
2024-11-15,7,2025-05-01,2025-05-31,Autonomo,Percentil 95,Are0012,6384516.0,2024,11
2024-11-15,7,2025-05-01,2025-05-31,Autonomo,Percentil 5,Are0012,6384516.0,2024,11
2024-11-15,7,2025-05-01,2025-05-31,Autonomo,Promedio,Are0012,22819396.0,2024,11
2024-11-15,7,2025-05-01,2025-05-31,Autonomo,Percentil 95,Are0002,64405904.0,2024,11
2024-11-15,7,2025-05-01,2025-05-31,Autonomo,Percentil 5,Are0002,64405904.0,2024,11
2024-11-15,7,2025-05-01,2025-05-31,Autonomo,Promedio,Are0002,128004568.0,2024,11
2024-04-15,14,2025-05-01,2025-05-31,Autonomo,Percentil 95,Are0127,1459290.375,2024,4
2024-04-15,14,2025-05-01,2025-05-31,Autonomo,Percentil 5,Are0127,1459290.375,2024,4
2024-04-15,14,2025-05-01,2025-05-31,Autonomo,Promedio,Are0127,4152755.75,2024,4
2024-04-15,14,2025-05-01,2025-05-31,Autonomo,Percentil 95,Are0010,373516128.0,2024,4
2024-04-15,14,2025-05-01,2025-05-31,Autonomo,Percentil 5,Are0010,133377416.0,2024,4
2024-04-15,14,2025-05-01,2025-05-31,Autonomo,Promedio,Are0010,274698272.0,2024,4
2024-04-15,14,2025-05-01,2025-05-31,Autonomo,Percentil 95,Are0128,22657336.0,2024,4
2024-04-15,14,2025-05-01,2025-05-31,Autonomo,Percentil 5,Are0128,22657336.0,2024,4
2024-04-15,14,2025-05-01,2025-05-31,Autonomo,Promedio,Are0128,42231140.0,2024,4
2024-04-15,14,2025-05-01,2025-05-31,Autonomo,Percentil 95,Are0056,35524120.0,2024,4
2024-04-15,14,2025-05-01,2025-05-31,Autonomo,Percentil 5,Are0056,35524120.0,2024,4
2024-04-15,14,2025-05-01,2025-05-31,Autonomo,Promedio,Are0056,68659024.0,2024,4
2024-04-15,14,2025-05-01,2025-05-31,Autonomo,Percentil 95,Are0012,7822258.0,2024,4
2024-04-15,14,2025-05-01,2025-05-31,Autonomo,Percentil 5,Are0012,7822258.0,2024,4
2024-04-15,14,2025-05-01,2025-05-31,Autonomo,Promedio,Are0012,21995662.0,2024,4
2024-04-15,14,2025-05-01,2025-05-31,Autonomo,Percentil 95,Are0002,54120964.0,2024,4
2024-04-15,14,2025-05-01,2025-05-31,Autonomo,Percentil 5,Are0002,54120964.0,2024,4
2024-04-15,14,2025-05-01,2025-05-31,Autonomo,Promedio,Are0002,137659792.0,2024,4
2024-09-15,9,2025-05-01,2025-05-31,Autonomo,Percentil 95,Are0127,1784838.75,2024,9
2024-09-15,9,2025-05-01,2025-05-31,Autonomo,Percentil 95,Are0056,40212112.0,2024,9
2024-09-15,9,2025-05-01,2025-05-31,Autonomo,Percentil 95,Are0012,6946451.5,2024,9
2024-09-15,9,2025-05-01,2025-05-31,Autonomo,Percentil 95,Are0002,54974960.0,2024,9
2024-09-15,9,2025-05-01,2025-05-31,Autonomo,Percentil 5,Are0127,1784838.75,2024,9
2024-09-15,9,2025-05-01,2025-05-31,Autonomo,Percentil 95,Are0010,423935488.0,2024,9
2024-09-15,9,2025-05-01,2025-05-31,Autonomo,Percentil 95,Are0128,24228448.0,2024,9
2024-09-15,9,2025-05-01,2025-05-31,Autonomo,Percentil 5,Are0056,40212112.0,2024,9
2024-09-15,9,2025-05-01,2025-05-31,Autonomo,Percentil 5,Are0012,6946451.5,2024,9
2024-09-15,9,2025-05-01,2025-05-31,Autonomo,Promedio,Are0127,4037332.0,2024,9
2024-09-15,9,2025-05-01,2025-05-31,Autonomo,Percentil 5,Are0010,134025808.0,2024,9
2024-09-15,9,2025-05-01,2025-05-31,Autonomo,Percentil 5,Are0128,24228448.0,2024,9
2024-09-15,9,2025-05-01,2025-05-31,Autonomo,Percentil 5,Are0002,54974960.0,2024,9
2024-09-15,9,2025-05-01,2025-05-31,Autonomo,Promedio,Are0010,265879680.0,2024,9
2024-09-15,9,2025-05-01,2025-05-31,Autonomo,Promedio,Are0128,41650468.0,2024,9
2024-09-15,9,2025-05-01,2025-05-31,Autonomo,Promedio,Are0056,66256728.0,2024,9
2024-09-15,9,2025-05-01,2025-05-31,Autonomo,Promedio,Are0012,20452000.0,2024,9
2024-09-15,9,2025-05-01,2025-05-31,Autonomo,Promedio,Are0002,133483440.0,2024,9
2024-10-15,8,2025-05-01,2025-05-31,Autonomo,Percentil 95,Are0127,2281032.25,2024,10
2024-10-15,8,2025-05-01,2025-05-31,Autonomo,Percentil 5,Are0127,2281032.25,2024,10
2024-10-15,8,2025-05-01,2025-05-31,Autonomo,Promedio,Are0127,4677338.5,2024,10
2024-10-15,8,2025-05-01,2025-05-31,Autonomo,Percentil 95,Are0010,500741920.0,2024,10
2024-10-15,8,2025-05-01,2025-05-31,Autonomo,Percentil 5,Are0010,132751616.0,2024,10
2024-10-15,8,2025-05-01,2025-05-31,Autonomo,Promedio,Are0010,272934272.0,2024,10
2024-10-15,8,2025-05-01,2025-05-31,Autonomo,Percentil 95,Are0128,22939552.0,2024,10
2024-10-15,8,2025-05-01,2025-05-31,Autonomo,Percentil 5,Are0128,22939552.0,2024,10
2024-10-15,8,2025-05-01,2025-05-31,Autonomo,Promedio,Are0128,43634676.0,2024,10
2024-10-15,8,2025-05-01,2025-05-31,Autonomo,Percentil 95,Are0056,33197146.0,2024,10
2024-10-15,8,2025-05-01,2025-05-31,Autonomo,Percentil 5,Are0056,33197146.0,2024,10
2024-10-15,8,2025-05-01,2025-05-31,Autonomo,Promedio,Are0056,66777716.0,2024,10
2024-10-15,8,2025-05-01,2025-05-31,Autonomo,Percentil 95,Are0012,6998064.5,2024,10
2024-10-15,8,2025-05-01,2025-05-31,Autonomo,Percentil 5,Are0012,6998064.5,2024,10
2024-10-15,8,2025-05-01,2025-05-31,Autonomo,Promedio,Are0012,22636384.0,2024,10
2024-10-15,8,2025-05-01,2025-05-31,Autonomo,Percentil 95,Are0002,59999120.0,2024,10
2024-10-15,8,2025-05-01,2025-05-31,Autonomo,Percentil 5,Are0002,59999120.0,2024,10
2024-10-15,8,2025-05-01,2025-05-31,Autonomo,Promedio,Are0002,135207776.0,2024,10
2024-02-15,16,2025-05-01,2025-05-31,Autonomo,Percentil 95,Are0127,1794032.25,2024,2
2024-02-15,16,2025-05-01,2025-05-31,Autonomo,Percentil 5,Are0127,1794032.25,2024,2
2024-02-15,16,2025-05-01,2025-05-31,Autonomo,Promedio,Are0127,4174274.25,2024,2
2024-02-15,16,2025-05-01,2025-05-31,Autonomo,Percentil 95,Are0010,521612896.0,2024,2
2024-02-15,16,2025-05-01,2025-05-31,Autonomo,Percentil 5,Are0010,162916128.0,2024,2
2024-02-15,16,2025-05-01,2025-05-31,Autonomo,Promedio,Are0010,277568768.0,2024,2
2024-02-15,16,2025-05-01,2025-05-31,Autonomo,Percentil 95,Are0128,28464588.0,2024,2
2024-02-15,16,2025-05-01,2025-05-31,Autonomo,Percentil 5,Are0128,28464588.0,2024,2
2024-03-20,15,2025-05-01,2025-05-31,Autonomo,Percentil 95,Are0056,41708416.0,2024,3
2024-03-20,15,2025-05-01,2025-05-31,Autonomo,Percentil 5,Are0056,41708416.0,2024,3
2024-03-20,15,2025-05-01,2025-05-31,Autonomo,Promedio,Are0056,69480176.0,2024,3
2024-03-20,15,2025-05-01,2025-05-31,Autonomo,Percentil 95,Are0012,9013871.0,2024,3
2024-03-20,15,2025-05-01,2025-05-31,Autonomo,Percentil 5,Are0012,9013871.0,2024,3
2024-03-20,15,2025-05-01,2025-05-31,Autonomo,Promedio,Are0012,22328058.0,2024,3
2024-03-20,15,2025-05-01,2025-05-31,Autonomo,Percentil 95,Are0002,65262408.0,2024,3
2024-03-20,15,2025-05-01,2025-05-31,Autonomo,Percentil 5,Are0002,65262408.0,2024,3
2024-03-20,15,2025-05-01,2025-05-31,Autonomo,Promedio,Are0002,138767376.0,2024,3
2024-02-02,17,2025-05-01,2025-05-31,Autonomo,Percentil 95,Are0127,2283935.5,2024,1
2024-02-02,17,2025-05-01,2025-05-31,Autonomo,Percentil 5,Are0127,2283935.5,2024,1
2024-02-02,17,2025-05-01,2025-05-31,Autonomo,Promedio,Are0127,4050277.5,2024,1
2024-02-02,17,2025-05-01,2025-05-31,Autonomo,Percentil 95,Are0010,384709664.0,2024,1
2024-02-02,17,2025-05-01,2025-05-31,Autonomo,Percentil 5,Are0010,190864512.0,2024,1
2024-02-02,17,2025-05-01,2025-05-31,Autonomo,Promedio,Are0010,279300736.0,2024,1
2024-02-02,17,2025-05-01,2025-05-31,Autonomo,Percentil 95,Are0128,30310212.0,2024,1
2024-02-02,17,2025-05-01,2025-05-31,Autonomo,Percentil 5,Are0128,30310212.0,2024,1
2024-02-02,17,2025-05-01,2025-05-31,Autonomo,Promedio,Are0128,42215140.0,2024,1
2024-02-02,17,2025-05-01,2025-05-31,Autonomo,Percentil 95,Are0056,46791960.0,2024,1
2024-02-02,17,2025-05-01,2025-05-31,Autonomo,Percentil 5,Are0056,46791960.0,2024,1
2024-02-02,17,2025-05-01,2025-05-31,Autonomo,Promedio,Are0056,70011984.0,2024,1
2024-02-02,17,2025-05-01,2025-05-31,Autonomo,Percentil 95,Are0012,9938710.0,2024,1
2024-02-02,17,2025-05-01,2025-05-31,Autonomo,Percentil 5,Are0012,9938710.0,2024,1
2024-02-02,17,2025-05-01,2025-05-31,Autonomo,Promedio,Are0012,23072970.0,2024,1
2024-02-02,17,2025-05-01,2025-05-31,Autonomo,Percentil 95,Are0002,78901760.0,2024,1
2024-02-02,17,2025-05-01,2025-05-31,Autonomo,Percentil 5,Are0002,78901760.0,2024,1
2024-02-02,17,2025-05-01,2025-05-31,Autonomo,Promedio,Are0002,139950448.0,2024,1
2025-03-15,3,2025-05-01,2025-05-31,Autonomo,Percentil 95,Are0127,2482838.75,2025,3
2025-03-15,3,2025-05-01,2025-05-31,Autonomo,Percentil 5,Are0127,2482838.75,2025,3
2025-03-15,3,2025-05-01,2025-05-31,Autonomo,Promedio,Are0127,5000347.0,2025,3
2025-03-15,3,2025-05-01,2025-05-31,Autonomo,Percentil 95,Are0010,490709664.0,2025,3
2025-03-15,3,2025-05-01,2025-05-31,Autonomo,Percentil 5,Are0010,171529040.0,2025,3
2025-03-15,3,2025-05-01,2025-05-31,Autonomo,Promedio,Are0010,297657568.0,2025,3
2025-03-15,3,2025-05-01,2025-05-31,Autonomo,Percentil 95,Are0128,30398678.0,2025,3
2025-03-15,3,2025-05-01,2025-05-31,Autonomo,Percentil 5,Are0128,30398678.0,2025,3
2025-03-15,3,2025-05-01,2025-05-31,Autonomo,Promedio,Are0128,45845912.0,2025,3
2025-03-15,3,2025-05-01,2025-05-31,Autonomo,Percentil 95,Are0056,44718780.0,2025,3
2025-03-15,3,2025-05-01,2025-05-31,Autonomo,Percentil 5,Are0056,44718780.0,2025,3
2025-03-15,3,2025-05-01,2025-05-31,Autonomo,Promedio,Are0056,75274392.0,2025,3
2025-03-15,3,2025-05-01,2025-05-31,Autonomo,Percentil 95,Are0012,8299032.5,2025,3
2025-03-15,3,2025-05-01,2025-05-31,Autonomo,Percentil 5,Are0012,8299032.5,2025,3
2025-03-15,3,2025-05-01,2025-05-31,Autonomo,Promedio,Are0012,23668710.0,2025,3
2025-03-15,3,2025-05-01,2025-05-31,Autonomo,Percentil 95,Are0002,75866600.0,2025,3
2025-03-15,3,2025-05-01,2025-05-31,Autonomo,Percentil 5,Are0002,75866600.0,2025,3
2025-03-15,3,2025-05-01,2025-05-31,Autonomo,Promedio,Are0002,147867824.0,2025,3
2025-05-15,1,2025-05-01,2025-05-31,Autonomo,Percentil 95,Are0127,3844516.25,2025,5
2025-05-15,1,2025-05-01,2025-05-31,Autonomo,Percentil 5,Are0127,3844516.25,2025,5
2025-05-15,1,2025-05-01,2025-05-31,Autonomo,Promedio,Are0127,6060951.5,2025,5
2025-05-15,1,2025-05-01,2025-05-31,Autonomo,Percentil 95,Are0010,482774208.0,2025,5
2025-05-15,1,2025-05-01,2025-05-31,Autonomo,Percentil 5,Are0010,226725808.0,2025,5
2025-05-15,1,2025-05-01,2025-05-31,Autonomo,Promedio,Are0010,342460224.0,2025,5
2025-05-15,1,2025-05-01,2025-05-31,Autonomo,Percentil 95,Are0128,33314600.0,2025,5
2025-05-15,1,2025-05-01,2025-05-31,Autonomo,Percentil 5,Are0128,33314600.0,2025,5
2025-05-15,1,2025-05-01,2025-05-31,Autonomo,Promedio,Are0128,51198176.0,2025,5
2025-05-15,1,2025-05-01,2025-05-31,Autonomo,Percentil 95,Are0056,48531776.0,2025,5
2025-05-15,1,2025-05-01,2025-05-31,Autonomo,Percentil 5,Are0056,48531776.0,2025,5
2025-05-15,1,2025-05-01,2025-05-31,Autonomo,Promedio,Are0056,85869144.0,2025,5
2025-05-15,1,2025-05-01,2025-05-31,Autonomo,Percentil 95,Are0012,13007419.0,2025,5
2025-05-15,1,2025-05-01,2025-05-31,Autonomo,Percentil 5,Are0012,13007419.0,2025,5
2025-05-15,1,2025-05-01,2025-05-31,Autonomo,Promedio,Are0012,26030510.0,2025,5
2025-05-15,1,2025-05-01,2025-05-31,Autonomo,Percentil 95,Are0002,108652704.0,2025,5
2025-05-15,1,2025-05-01,2025-05-31,Autonomo,Percentil 5,Are0002,108652704.0,2025,5
2025-05-15,1,2025-05-01,2025-05-31,Autonomo,Promedio,Are0002,173302480.0,2025,5
2024-11-15,7,2025-05-01,2025-05-31,Autonomo,Percentil 95,Are0127,1798129.0,2024,11
2024-11-15,7,2025-05-01,2025-05-31,Autonomo,Percentil 5,Are0127,1798129.0,2024,11
2024-11-15,7,2025-05-01,2025-05-31,Autonomo,Promedio,Are0127,4710319.5,2024,11
2024-11-15,7,2025-05-01,2025-05-31,Autonomo,Percentil 95,Are0010,456709664.0,2024,11
2024-11-15,7,2025-05-01,2025-05-31,Autonomo,Percentil 5,Are0010,143758064.0,2024,11
2024-11-15,7,2025-05-01,2025-05-31,Autonomo,Promedio,Are0010,264217104.0,2024,11
2024-11-15,7,2025-05-01,2025-05-31,Autonomo,Percentil 95,Are0128,27217862.0,2024,11
2024-11-15,7,2025-05-01,2025-05-31,Autonomo,Percentil 5,Are0128,27217862.0,2024,11
2024-11-15,7,2025-05-01,2025-05-31,Autonomo,Promedio,Are0128,43095704.0,2024,11
2024-07-15,11,2025-05-01,2025-05-31,Autonomo,Percentil 5,Are0012,8570000.0,2024,7
2024-07-15,11,2025-05-01,2025-05-31,Autonomo,Promedio,Are0127,3986761.5,2024,7
2024-07-15,11,2025-05-01,2025-05-31,Autonomo,Percentil 5,Are0010,171803232.0,2024,7
2024-07-15,11,2025-05-01,2025-05-31,Autonomo,Percentil 5,Are0128,27540778.0,2024,7
2024-07-15,11,2025-05-01,2025-05-31,Autonomo,Percentil 5,Are0002,65385692.0,2024,7
2024-07-15,11,2025-05-01,2025-05-31,Autonomo,Promedio,Are0010,279289920.0,2024,7
2024-07-15,11,2025-05-01,2025-05-31,Autonomo,Promedio,Are0128,42683656.0,2024,7
2024-07-15,11,2025-05-01,2025-05-31,Autonomo,Promedio,Are0056,67951280.0,2024,7
2024-07-15,11,2025-05-01,2025-05-31,Autonomo,Promedio,Are0012,21645942.0,2024,7
2024-07-15,11,2025-05-01,2025-05-31,Autonomo,Promedio,Are0002,143022480.0,2024,7
2024-08-15,10,2025-05-01,2025-05-31,Autonomo,Percentil 95,Are0127,1461709.625,2024,8
2024-08-15,10,2025-05-01,2025-05-31,Autonomo,Percentil 95,Are0056,34017232.0,2024,8
2024-08-15,10,2025-05-01,2025-05-31,Autonomo,Percentil 95,Are0012,7854838.5,2024,8
2024-08-15,10,2025-05-01,2025-05-31,Autonomo,Percentil 95,Are0002,81996488.0,2024,8
2024-08-15,10,2025-05-01,2025-05-31,Autonomo,Percentil 5,Are0127,1461709.625,2024,8
2024-08-15,10,2025-05-01,2025-05-31,Autonomo,Percentil 95,Are0010,430000000.0,2024,8
2024-08-15,10,2025-05-01,2025-05-31,Autonomo,Percentil 95,Are0128,27150954.0,2024,8
2024-08-15,10,2025-05-01,2025-05-31,Autonomo,Percentil 5,Are0056,34017232.0,2024,8
2024-08-15,10,2025-05-01,2025-05-31,Autonomo,Percentil 5,Are0012,7854838.5,2024,8
2024-08-15,10,2025-05-01,2025-05-31,Autonomo,Promedio,Are0127,3996079.0,2024,8
2024-08-15,10,2025-05-01,2025-05-31,Autonomo,Percentil 5,Are0010,169490320.0,2024,8
2024-08-15,10,2025-05-01,2025-05-31,Autonomo,Percentil 5,Are0128,27150954.0,2024,8
2024-08-15,10,2025-05-01,2025-05-31,Autonomo,Percentil 5,Are0002,81996488.0,2024,8
2024-08-15,10,2025-05-01,2025-05-31,Autonomo,Promedio,Are0010,277116768.0,2024,8
2024-08-15,10,2025-05-01,2025-05-31,Autonomo,Promedio,Are0128,42778576.0,2024,8
2024-08-15,10,2025-05-01,2025-05-31,Autonomo,Promedio,Are0056,66556000.0,2024,8
2024-08-15,10,2025-05-01,2025-05-31,Autonomo,Promedio,Are0012,22390884.0,2024,8
2024-08-15,10,2025-05-01,2025-05-31,Autonomo,Promedio,Are0002,141395552.0,2024,8
2024-01-15,18,2025-05-01,2025-05-31,Autonomo,Percentil 95,Are0127,2184290.25,2023,12
2024-01-15,18,2025-05-01,2025-05-31,Autonomo,Percentil 5,Are0127,2184290.25,2023,12
2024-01-15,18,2025-05-01,2025-05-31,Autonomo,Promedio,Are0127,4037923.75,2023,12
2024-01-15,18,2025-05-01,2025-05-31,Autonomo,Percentil 95,Are0010,393161280.0,2023,12
2024-01-15,18,2025-05-01,2025-05-31,Autonomo,Percentil 5,Are0010,190922576.0,2023,12
2024-01-15,18,2025-05-01,2025-05-31,Autonomo,Promedio,Are0010,277692416.0,2023,12
2024-01-15,18,2025-05-01,2025-05-31,Autonomo,Percentil 95,Are0128,30639678.0,2023,12
2024-01-15,18,2025-05-01,2025-05-31,Autonomo,Percentil 5,Are0128,30639678.0,2023,12
2024-01-15,18,2025-05-01,2025-05-31,Autonomo,Promedio,Are0128,43013288.0,2023,12
2024-01-15,18,2025-05-01,2025-05-31,Autonomo,Percentil 95,Are0056,45232376.0,2023,12
2024-01-15,18,2025-05-01,2025-05-31,Autonomo,Percentil 5,Are0056,45232376.0,2023,12
2024-01-15,18,2025-05-01,2025-05-31,Autonomo,Promedio,Are0056,69587592.0,2023,12
2024-01-15,18,2025-05-01,2025-05-31,Autonomo,Percentil 95,Are0012,8709032.0,2023,12
2024-01-15,18,2025-05-01,2025-05-31,Autonomo,Percentil 5,Are0012,8709032.0,2023,12
2024-01-15,18,2025-05-01,2025-05-31,Autonomo,Promedio,Are0012,22433736.0,2023,12
2024-01-15,18,2025-05-01,2025-05-31,Autonomo,Percentil 95,Are0002,84841128.0,2023,12
2024-01-15,18,2025-05-01,2025-05-31,Autonomo,Percentil 5,Are0002,84841128.0,2023,12
2024-01-15,18,2025-05-01,2025-05-31,Autonomo,Promedio,Are0002,138620064.0,2023,12
2025-01-23,5,2025-05-01,2025-05-31,Autonomo,Percentil 95,Are0127,1977193.5,2025,1
2025-01-23,5,2025-05-01,2025-05-31,Autonomo,Percentil 5,Are0127,1977193.5,2025,1
2025-01-23,5,2025-05-01,2025-05-31,Autonomo,Promedio,Are0127,4344537.5,2025,1
2025-01-23,5,2025-05-01,2025-05-31,Autonomo,Percentil 95,Are0010,469064512.0,2025,1
2025-01-23,5,2025-05-01,2025-05-31,Autonomo,Percentil 5,Are0010,134674192.0,2025,1
2025-01-23,5,2025-05-01,2025-05-31,Autonomo,Promedio,Are0010,254143168.0,2025,1
2025-01-23,5,2025-05-01,2025-05-31,Autonomo,Percentil 95,Are0128,25033210.0,2025,1
2025-01-23,5,2025-05-01,2025-05-31,Autonomo,Percentil 5,Are0128,25033210.0,2025,1
2025-01-23,5,2025-05-01,2025-05-31,Autonomo,Promedio,Are0128,41176052.0,2025,1
2025-01-23,5,2025-05-01,2025-05-31,Autonomo,Percentil 95,Are0056,31107432.0,2025,1
2025-01-23,5,2025-05-01,2025-05-31,Autonomo,Percentil 5,Are0056,31107432.0,2025,1
2025-01-23,5,2025-05-01,2025-05-31,Autonomo,Promedio,Are0056,65251216.0,2025,1
2025-01-23,5,2025-05-01,2025-05-31,Autonomo,Percentil 95,Are0012,6960322.5,2025,1
2025-01-23,5,2025-05-01,2025-05-31,Autonomo,Percentil 5,Are0012,6960322.5,2025,1
2025-01-23,5,2025-05-01,2025-05-31,Autonomo,Promedio,Are0012,21286452.0,2025,1
2025-01-23,5,2025-05-01,2025-05-31,Autonomo,Percentil 95,Are0002,55802328.0,2025,1
2025-01-23,5,2025-05-01,2025-05-31,Autonomo,Percentil 5,Are0002,55802328.0,2025,1
2025-01-23,5,2025-05-01,2025-05-31,Autonomo,Promedio,Are0002,122084824.0,2025,1
2025-02-15,4,2025-05-01,2025-05-31,Autonomo,Percentil 95,Are0127,2128032.25,2025,2
2025-02-15,4,2025-05-01,2025-05-31,Autonomo,Percentil 5,Are0127,2128032.25,2025,2
2025-02-15,4,2025-05-01,2025-05-31,Autonomo,Promedio,Are0127,4695352.5,2025,2
2025-02-15,4,2025-05-01,2025-05-31,Autonomo,Percentil 95,Are0010,461870976.0,2025,2
2025-02-15,4,2025-05-01,2025-05-31,Autonomo,Percentil 5,Are0010,153451616.0,2025,2
2025-02-15,4,2025-05-01,2025-05-31,Autonomo,Promedio,Are0010,274794816.0,2025,2
2025-02-15,4,2025-05-01,2025-05-31,Autonomo,Percentil 95,Are0128,26208304.0,2025,2
2024-02-15,16,2025-05-01,2025-05-31,Autonomo,Promedio,Are0128,42997992.0,2024,2
2024-02-15,16,2025-05-01,2025-05-31,Autonomo,Percentil 95,Are0056,41667608.0,2024,2
2024-02-15,16,2025-05-01,2025-05-31,Autonomo,Percentil 5,Are0056,41667608.0,2024,2
2024-02-15,16,2025-05-01,2025-05-31,Autonomo,Promedio,Are0056,69480816.0,2024,2
2024-02-15,16,2025-05-01,2025-05-31,Autonomo,Percentil 95,Are0012,9140000.0,2024,2
2024-02-15,16,2025-05-01,2025-05-31,Autonomo,Percentil 5,Are0012,9140000.0,2024,2
2024-02-15,16,2025-05-01,2025-05-31,Autonomo,Promedio,Are0012,22243704.0,2024,2
2024-02-15,16,2025-05-01,2025-05-31,Autonomo,Percentil 95,Are0002,65485568.0,2024,2
2024-02-15,16,2025-05-01,2025-05-31,Autonomo,Percentil 5,Are0002,65485568.0,2024,2
2024-02-15,16,2025-05-01,2025-05-31,Autonomo,Promedio,Are0002,138671632.0,2024,2
2024-06-16,12,2025-05-01,2025-05-31,Autonomo,Percentil 95,Are0127,1851709.625,2024,6
2024-06-16,12,2025-05-01,2025-05-31,Autonomo,Percentil 95,Are0056,35889552.0,2024,6
2024-06-16,12,2025-05-01,2025-05-31,Autonomo,Percentil 95,Are0012,6662903.0,2024,6
2024-06-16,12,2025-05-01,2025-05-31,Autonomo,Percentil 95,Are0002,59048268.0,2024,6
2024-06-16,12,2025-05-01,2025-05-31,Autonomo,Percentil 5,Are0127,1851709.625,2024,6
2024-06-16,12,2025-05-01,2025-05-31,Autonomo,Percentil 95,Are0010,473032256.0,2024,6
2024-06-16,12,2025-05-01,2025-05-31,Autonomo,Percentil 95,Are0128,23247796.0,2024,6
2024-06-16,12,2025-05-01,2025-05-31,Autonomo,Percentil 5,Are0056,35889552.0,2024,6
2024-06-16,12,2025-05-01,2025-05-31,Autonomo,Percentil 5,Are0012,6662903.0,2024,6
2024-06-16,12,2025-05-01,2025-05-31,Autonomo,Promedio,Are0127,4229346.0,2024,6
2024-06-16,12,2025-05-01,2025-05-31,Autonomo,Percentil 5,Are0010,133280648.0,2024,6
2024-06-16,12,2025-05-01,2025-05-31,Autonomo,Percentil 5,Are0128,23247796.0,2024,6
2024-06-16,12,2025-05-01,2025-05-31,Autonomo,Percentil 5,Are0002,59048268.0,2024,6
2024-06-16,12,2025-05-01,2025-05-31,Autonomo,Promedio,Are0010,278318496.0,2024,6
2024-06-16,12,2025-05-01,2025-05-31,Autonomo,Promedio,Are0128,43135116.0,2024,6
2024-06-16,12,2025-05-01,2025-05-31,Autonomo,Promedio,Are0056,70324928.0,2024,6
2024-06-16,12,2025-05-01,2025-05-31,Autonomo,Promedio,Are0012,21934238.0,2024,6
2024-06-16,12,2025-05-01,2025-05-31,Autonomo,Promedio,Are0002,138694752.0,2024,6
2024-12-16,6,2025-05-01,2025-05-31,Autonomo,Percentil 95,Are0127,2279774.25,2024,12
2024-12-16,6,2025-05-01,2025-05-31,Autonomo,Percentil 5,Are0127,2279774.25,2024,12
2024-12-16,6,2025-05-01,2025-05-31,Autonomo,Promedio,Are0127,4692795.0,2024,12
2024-12-16,6,2025-05-01,2025-05-31,Autonomo,Percentil 95,Are0010,438935488.0,2024,12
2024-12-16,6,2025-05-01,2025-05-31,Autonomo,Percentil 5,Are0010,165470960.0,2024,12
2024-12-16,6,2025-05-01,2025-05-31,Autonomo,Promedio,Are0010,268640960.0,2024,12
2024-12-16,6,2025-05-01,2025-05-31,Autonomo,Percentil 95,Are0128,26454930.0,2024,12
2024-12-16,6,2025-05-01,2025-05-31,Autonomo,Percentil 5,Are0128,26454930.0,2024,12
2024-12-16,6,2025-05-01,2025-05-31,Autonomo,Promedio,Are0128,41241560.0,2024,12
2024-12-16,6,2025-05-01,2025-05-31,Autonomo,Percentil 95,Are0056,40238212.0,2024,12
2024-12-16,6,2025-05-01,2025-05-31,Autonomo,Percentil 5,Are0056,40238212.0,2024,12
2024-12-16,6,2025-05-01,2025-05-31,Autonomo,Promedio,Are0056,72833792.0,2024,12
2024-12-16,6,2025-05-01,2025-05-31,Autonomo,Percentil 95,Are0012,7250322.5,2024,12
2024-12-16,6,2025-05-01,2025-05-31,Autonomo,Percentil 5,Are0012,7250322.5,2024,12
2024-12-16,6,2025-05-01,2025-05-31,Autonomo,Promedio,Are0012,23415422.0,2024,12
2024-12-16,6,2025-05-01,2025-05-31,Autonomo,Percentil 95,Are0002,55793392.0,2024,12
2024-12-16,6,2025-05-01,2025-05-31,Autonomo,Percentil 5,Are0002,55793392.0,2024,12
2024-12-16,6,2025-05-01,2025-05-31,Autonomo,Promedio,Are0002,126457848.0,2024,12
2024-05-16,13,2025-05-01,2025-05-31,Autonomo,Percentil 95,Are0127,1355967.75,2024,5
2024-05-16,13,2025-05-01,2025-05-31,Autonomo,Percentil 5,Are0127,1355967.75,2024,5
2024-05-16,13,2025-05-01,2025-05-31,Autonomo,Promedio,Are0127,4035589.0,2024,5
2024-05-16,13,2025-05-01,2025-05-31,Autonomo,Percentil 95,Are0010,365612896.0,2024,5
2024-05-16,13,2025-05-01,2025-05-31,Autonomo,Percentil 5,Are0010,129609680.0,2024,5
2024-05-16,13,2025-05-01,2025-05-31,Autonomo,Promedio,Are0010,271137312.0,2024,5
2024-05-16,13,2025-05-01,2025-05-31,Autonomo,Percentil 95,Are0128,22311470.0,2024,5
2024-05-16,13,2025-05-01,2025-05-31,Autonomo,Percentil 5,Are0128,22311470.0,2024,5
2024-05-16,13,2025-05-01,2025-05-31,Autonomo,Promedio,Are0128,41940000.0,2024,5
2024-05-16,13,2025-05-01,2025-05-31,Autonomo,Percentil 95,Are0056,35919568.0,2024,5
2024-05-16,13,2025-05-01,2025-05-31,Autonomo,Percentil 5,Are0056,35919568.0,2024,5
2024-05-16,13,2025-05-01,2025-05-31,Autonomo,Promedio,Are0056,68376760.0,2024,5
2024-05-16,13,2025-05-01,2025-05-31,Autonomo,Percentil 95,Are0012,6946451.5,2024,5
2024-05-16,13,2025-05-01,2025-05-31,Autonomo,Percentil 5,Are0012,6946451.5,2024,5
2024-05-16,13,2025-05-01,2025-05-31,Autonomo,Promedio,Are0012,21310842.0,2024,5
2024-05-16,13,2025-05-01,2025-05-31,Autonomo,Percentil 95,Are0002,53589504.0,2024,5
2024-05-16,13,2025-05-01,2025-05-31,Autonomo,Percentil 5,Are0002,53589504.0,2024,5
2024-05-16,13,2025-05-01,2025-05-31,Autonomo,Promedio,Are0002,135474032.0,2024,5
2024-07-15,11,2025-05-01,2025-05-31,Autonomo,Percentil 95,Are0127,1712741.875,2024,7
2024-07-15,11,2025-05-01,2025-05-31,Autonomo,Percentil 95,Are0056,38438140.0,2024,7
2024-07-15,11,2025-05-01,2025-05-31,Autonomo,Percentil 95,Are0012,8570000.0,2024,7
2024-07-15,11,2025-05-01,2025-05-31,Autonomo,Percentil 95,Are0002,65385692.0,2024,7
2024-07-15,11,2025-05-01,2025-05-31,Autonomo,Percentil 5,Are0127,1712741.875,2024,7
2024-07-15,11,2025-05-01,2025-05-31,Autonomo,Percentil 95,Are0010,443000000.0,2024,7
2024-07-15,11,2025-05-01,2025-05-31,Autonomo,Percentil 95,Are0128,27540778.0,2024,7
2024-07-15,11,2025-05-01,2025-05-31,Autonomo,Percentil 5,Are0056,38438140.0,2024,7
2023-10-09,33,2025-05-01,2025-05-31,Autonomo,Percentil 5,Are0056,45218292.0,2022,9
2023-10-09,33,2025-05-01,2025-05-31,Autonomo,Percentil 5,Are0002,86081920.0,2022,9
2023-10-09,33,2025-05-01,2025-05-31,Coordinado,Percentil 95,Are0127,1944451.625,2022,9
2023-10-09,33,2025-05-01,2025-05-31,Coordinado,Percentil 95,Are0128,27115336.0,2022,9
2023-10-09,33,2025-05-01,2025-05-31,Coordinado,Promedio,Are0056,58928436.0,2022,9
2023-10-09,33,2025-05-01,2025-05-31,Autonomo,Percentil 5,Are0128,30911754.0,2022,9
2023-10-09,33,2025-05-01,2025-05-31,Coordinado,Percentil 5,Are0128,27115336.0,2022,9
2023-10-09,33,2025-05-01,2025-05-31,Autonomo,Promedio,Are0012,23909464.0,2022,9
2023-10-09,33,2025-05-01,2025-05-31,Coordinado,Promedio,Are0128,37137340.0,2022,9
2023-10-09,33,2025-05-01,2025-05-31,Autonomo,Percentil 5,Are0127,2440935.5,2022,9
2023-10-09,33,2025-05-01,2025-05-31,Coordinado,Promedio,Are0012,19426470.0,2022,9
2023-10-09,33,2025-05-01,2025-05-31,Coordinado,Percentil 95,Are0056,38213160.0,2022,9
2023-10-09,33,2025-05-01,2025-05-31,Coordinado,Percentil 95,Are0012,10004194.0,2022,9
2023-10-09,33,2025-05-01,2025-05-31,Autonomo,Percentil 95,Are0010,414032256.0,2022,9
2023-10-09,33,2025-05-01,2025-05-31,Autonomo,Promedio,Are0002,147812736.0,2022,9
2023-10-09,33,2025-05-01,2025-05-31,Coordinado,Percentil 5,Are0010,175587104.0,2022,9
2023-10-09,33,2025-05-01,2025-05-31,Coordinado,Percentil 5,Are0056,38213160.0,2022,9
2023-10-09,33,2025-05-01,2025-05-31,Coordinado,Percentil 95,Are0010,384096768.0,2022,9
2023-10-09,33,2025-05-01,2025-05-31,Autonomo,Percentil 95,Are0012,10841290.0,2022,9
2023-10-09,33,2025-05-01,2025-05-31,Autonomo,Percentil 5,Are0010,188922576.0,2022,9
2023-10-09,33,2025-05-01,2025-05-31,Coordinado,Promedio,Are0002,143945568.0,2022,9
2023-10-09,33,2025-05-01,2025-05-31,Autonomo,Percentil 95,Are0127,2440935.5,2022,9
2023-10-09,33,2025-05-01,2025-05-31,Autonomo,Promedio,Are0128,43310260.0,2022,9
2023-10-09,33,2025-05-01,2025-05-31,Coordinado,Percentil 5,Are0002,85972664.0,2022,9
2023-10-09,33,2025-05-01,2025-05-31,Coordinado,Percentil 5,Are0127,1944451.625,2022,9
2023-10-09,33,2025-05-01,2025-05-31,Autonomo,Percentil 95,Are0056,45218292.0,2022,9
2023-10-09,33,2025-05-01,2025-05-31,Coordinado,Percentil 95,Are0002,85972664.0,2022,9
2023-10-09,33,2025-05-01,2025-05-31,Autonomo,Percentil 95,Are0002,86081920.0,2022,9
2023-10-09,33,2025-05-01,2025-05-31,Autonomo,Percentil 5,Are0012,10841290.0,2022,9
2023-10-09,33,2025-05-01,2025-05-31,Autonomo,Promedio,Are0056,65814692.0,2022,9
2023-10-09,33,2025-05-01,2025-05-31,Coordinado,Percentil 5,Are0012,10004194.0,2022,9
2023-10-09,33,2025-05-01,2025-05-31,Coordinado,Promedio,Are0127,3413358.5,2022,9
2023-10-09,33,2025-05-01,2025-05-31,Autonomo,Percentil 95,Are0128,30911754.0,2022,9
2023-10-09,33,2025-05-01,2025-05-31,Autonomo,Promedio,Are0127,4398743.0,2022,9
2023-10-09,41,2025-05-01,2025-05-31,Coordinado,Percentil 5,Are0010,172003232.0,2022,1
2023-10-09,41,2025-05-01,2025-05-31,Coordinado,Percentil 5,Are0056,37815412.0,2022,1
2023-10-09,41,2025-05-01,2025-05-31,Autonomo,Percentil 95,Are0127,2135516.25,2022,1
2023-10-09,41,2025-05-01,2025-05-31,Autonomo,Percentil 5,Are0127,2135516.25,2022,1
2023-10-09,41,2025-05-01,2025-05-31,Coordinado,Percentil 95,Are0010,381967744.0,2022,1
2023-10-09,41,2025-05-01,2025-05-31,Coordinado,Percentil 95,Are0127,2009193.5,2022,1
2023-10-09,41,2025-05-01,2025-05-31,Coordinado,Percentil 95,Are0002,81650264.0,2022,1
2023-10-09,41,2025-05-01,2025-05-31,Autonomo,Promedio,Are0056,72277128.0,2022,1
2023-10-09,41,2025-05-01,2025-05-31,Autonomo,Percentil 5,Are0128,29473432.0,2022,1
2023-10-09,41,2025-05-01,2025-05-31,Autonomo,Percentil 95,Are0056,41398224.0,2022,1
2023-10-09,41,2025-05-01,2025-05-31,Autonomo,Promedio,Are0012,24497678.0,2022,1
2023-10-09,41,2025-05-01,2025-05-31,Coordinado,Percentil 95,Are0056,37815412.0,2022,1
2023-10-09,41,2025-05-01,2025-05-31,Coordinado,Percentil 5,Are0127,2009193.5,2022,1
2023-10-09,41,2025-05-01,2025-05-31,Autonomo,Percentil 5,Are0056,41398224.0,2022,1
2023-10-09,41,2025-05-01,2025-05-31,Autonomo,Percentil 5,Are0010,181951616.0,2022,1
2023-10-09,41,2025-05-01,2025-05-31,Autonomo,Percentil 95,Are0002,83760368.0,2022,1
2023-10-09,41,2025-05-01,2025-05-31,Coordinado,Promedio,Are0012,21349820.0,2022,1
2023-10-09,41,2025-05-01,2025-05-31,Coordinado,Percentil 5,Are0012,9705161.0,2022,1
2023-10-09,41,2025-05-01,2025-05-31,Autonomo,Promedio,Are0010,289026016.0,2022,1
2023-10-09,41,2025-05-01,2025-05-31,Coordinado,Promedio,Are0056,65850532.0,2022,1
2023-10-09,41,2025-05-01,2025-05-31,Autonomo,Percentil 5,Are0012,11119032.0,2022,1
2023-10-09,41,2025-05-01,2025-05-31,Autonomo,Percentil 95,Are0012,11119032.0,2022,1
2023-10-09,41,2025-05-01,2025-05-31,Coordinado,Promedio,Are0002,142014272.0,2022,1
2023-10-09,41,2025-05-01,2025-05-31,Autonomo,Percentil 95,Are0128,29473432.0,2022,1
2023-10-09,41,2025-05-01,2025-05-31,Coordinado,Percentil 5,Are0128,24656794.0,2022,1
2023-10-09,41,2025-05-01,2025-05-31,Autonomo,Percentil 5,Are0002,83760368.0,2022,1
2023-10-09,41,2025-05-01,2025-05-31,Coordinado,Percentil 5,Are0002,81650264.0,2022,1
2023-10-09,41,2025-05-01,2025-05-31,Autonomo,Promedio,Are0127,4180901.5,2022,1
2023-10-09,41,2025-05-01,2025-05-31,Coordinado,Promedio,Are0010,271124224.0,2022,1
2023-10-09,41,2025-05-01,2025-05-31,Coordinado,Promedio,Are0128,38396192.0,2022,1
2023-10-09,41,2025-05-01,2025-05-31,Coordinado,Percentil 95,Are0128,24656794.0,2022,1
2023-10-09,41,2025-05-01,2025-05-31,Coordinado,Promedio,Are0127,3513981.25,2022,1
2023-10-09,41,2025-05-01,2025-05-31,Autonomo,Promedio,Are0002,144831904.0,2022,1
2023-10-09,41,2025-05-01,2025-05-31,Autonomo,Percentil 95,Are0010,418709664.0,2022,1
2023-10-09,41,2025-05-01,2025-05-31,Autonomo,Promedio,Are0128,43238932.0,2022,1
2023-10-09,41,2025-05-01,2025-05-31,Coordinado,Percentil 95,Are0012,9705161.0,2022,1
2023-10-10,30,2025-05-01,2025-05-31,Autonomo,Promedio,Are0012,21150142.0,2022,12
2023-10-10,22,2025-05-01,2025-05-31,Coordinado,Promedio,Are0127,4306642.5,2023,8
2023-10-10,22,2025-05-01,2025-05-31,Coordinado,Percentil 5,Are0010,180448384.0,2023,8
2023-10-10,22,2025-05-01,2025-05-31,Autonomo,Percentil 5,Are0002,73533032.0,2023,8
2023-10-10,22,2025-05-01,2025-05-31,Autonomo,Percentil 5,Are0010,181041936.0,2023,8
2023-10-10,22,2025-05-01,2025-05-31,Coordinado,Percentil 95,Are0002,72360800.0,2023,8
2023-10-10,22,2025-05-01,2025-05-31,Coordinado,Percentil 95,Are0127,1954354.875,2023,8
2023-10-10,22,2025-05-01,2025-05-31,Coordinado,Promedio,Are0002,140192512.0,2023,8
2023-10-10,22,2025-05-01,2025-05-31,Autonomo,Promedio,Are0010,274351776.0,2023,8
2023-10-10,22,2025-05-01,2025-05-31,Coordinado,Percentil 95,Are0056,43753176.0,2023,8
2023-10-10,22,2025-05-01,2025-05-31,Coordinado,Promedio,Are0128,39477284.0,2023,8
2023-10-10,22,2025-05-01,2025-05-31,Coordinado,Promedio,Are0056,65778264.0,2023,8
2023-10-10,22,2025-05-01,2025-05-31,Coordinado,Percentil 95,Are0128,26482636.0,2023,8
2023-10-10,22,2025-05-01,2025-05-31,Coordinado,Percentil 5,Are0056,43753176.0,2023,8
2023-10-10,22,2025-05-01,2025-05-31,Autonomo,Percentil 5,Are0056,43753176.0,2023,8
2023-10-10,22,2025-05-01,2025-05-31,Coordinado,Percentil 5,Are0012,11879032.0,2023,8
2023-10-10,22,2025-05-01,2025-05-31,Coordinado,Percentil 5,Are0128,26482636.0,2023,8
2023-10-10,22,2025-05-01,2025-05-31,Autonomo,Promedio,Are0002,141069728.0,2023,8
2023-10-10,22,2025-05-01,2025-05-31,Autonomo,Percentil 95,Are0128,27204678.0,2023,8
2023-10-10,22,2025-05-01,2025-05-31,Coordinado,Percentil 5,Are0002,72360800.0,2023,8
2023-10-10,22,2025-05-01,2025-05-31,Coordinado,Percentil 5,Are0127,1954354.875,2023,8
2023-10-10,22,2025-05-01,2025-05-31,Autonomo,Percentil 95,Are0127,1923774.25,2023,8
2023-10-10,22,2025-05-01,2025-05-31,Coordinado,Promedio,Are0010,271784448.0,2023,8
2023-10-10,22,2025-05-01,2025-05-31,Autonomo,Percentil 95,Are0012,11874839.0,2023,8
2023-10-10,22,2025-05-01,2025-05-31,Autonomo,Percentil 5,Are0012,11874839.0,2023,8
2023-10-10,22,2025-05-01,2025-05-31,Coordinado,Percentil 95,Are0012,11879032.0,2023,8
2023-10-10,22,2025-05-01,2025-05-31,Autonomo,Percentil 5,Are0128,27204678.0,2023,8
2023-10-10,22,2025-05-01,2025-05-31,Autonomo,Promedio,Are0012,22795496.0,2023,8
2023-10-10,22,2025-05-01,2025-05-31,Autonomo,Percentil 95,Are0010,370838720.0,2023,8
2023-10-10,22,2025-05-01,2025-05-31,Coordinado,Promedio,Are0012,22030746.0,2023,8
2023-10-10,22,2025-05-01,2025-05-31,Autonomo,Promedio,Are0128,40000992.0,2023,8
2023-10-10,22,2025-05-01,2025-05-31,Autonomo,Promedio,Are0127,4459397.0,2023,8
2023-10-10,22,2025-05-01,2025-05-31,Autonomo,Promedio,Are0056,66026240.0,2023,8
2023-10-10,22,2025-05-01,2025-05-31,Autonomo,Percentil 95,Are0056,43753176.0,2023,8
2023-10-10,22,2025-05-01,2025-05-31,Coordinado,Percentil 95,Are0010,370290336.0,2023,8
2023-12-15,19,2025-05-01,2025-05-31,Coordinado,Percentil 95,Are0127,1967516.125,2023,11
2023-12-15,19,2025-05-01,2025-05-31,Coordinado,Percentil 5,Are0127,1967516.125,2023,11
2023-12-15,19,2025-05-01,2025-05-31,Coordinado,Promedio,Are0127,4192273.0,2023,11
2023-12-15,19,2025-05-01,2025-05-31,Autonomo,Percentil 95,Are0127,2041258.125,2023,11
2023-12-15,19,2025-05-01,2025-05-31,Autonomo,Percentil 5,Are0127,2041258.125,2023,11
2023-12-15,19,2025-05-01,2025-05-31,Autonomo,Promedio,Are0127,4209872.5,2023,11
2023-12-15,19,2025-05-01,2025-05-31,Coordinado,Percentil 95,Are0010,387645152.0,2023,11
2023-12-15,19,2025-05-01,2025-05-31,Coordinado,Percentil 5,Are0010,184180640.0,2023,11
2023-12-15,19,2025-05-01,2025-05-31,Coordinado,Promedio,Are0010,279454720.0,2023,11
2023-12-15,19,2025-05-01,2025-05-31,Autonomo,Percentil 95,Are0010,391032256.0,2023,11
2023-12-15,19,2025-05-01,2025-05-31,Autonomo,Percentil 5,Are0010,183754832.0,2023,11
2023-12-15,19,2025-05-01,2025-05-31,Autonomo,Promedio,Are0010,280038848.0,2023,11
2023-12-15,19,2025-05-01,2025-05-31,Coordinado,Percentil 95,Are0128,29891342.0,2023,11
2023-12-15,19,2025-05-01,2025-05-31,Coordinado,Percentil 5,Are0128,29891342.0,2023,11
2023-12-15,19,2025-05-01,2025-05-31,Coordinado,Promedio,Are0128,42711200.0,2023,11
2023-12-15,19,2025-05-01,2025-05-31,Autonomo,Percentil 95,Are0128,30587242.0,2023,11
2023-12-15,19,2025-05-01,2025-05-31,Autonomo,Percentil 5,Are0128,30587242.0,2023,11
2023-12-15,19,2025-05-01,2025-05-31,Autonomo,Promedio,Are0128,43022048.0,2023,11
2023-12-15,19,2025-05-01,2025-05-31,Coordinado,Percentil 95,Are0056,48136096.0,2023,11
2023-12-15,19,2025-05-01,2025-05-31,Coordinado,Percentil 5,Are0056,48136096.0,2023,11
2023-12-15,19,2025-05-01,2025-05-31,Coordinado,Promedio,Are0056,70176456.0,2023,11
2023-12-15,19,2025-05-01,2025-05-31,Autonomo,Percentil 95,Are0056,47826572.0,2023,11
2023-12-15,19,2025-05-01,2025-05-31,Autonomo,Percentil 5,Are0056,47826572.0,2023,11
2023-12-15,19,2025-05-01,2025-05-31,Autonomo,Promedio,Are0056,70211048.0,2023,11
2023-12-15,19,2025-05-01,2025-05-31,Coordinado,Percentil 95,Are0012,10054516.0,2023,11
2023-12-15,19,2025-05-01,2025-05-31,Coordinado,Percentil 5,Are0012,10054516.0,2023,11
2023-12-15,19,2025-05-01,2025-05-31,Coordinado,Promedio,Are0012,23070022.0,2023,11
2023-12-15,19,2025-05-01,2025-05-31,Autonomo,Percentil 95,Are0012,11270000.0,2023,11
2023-12-15,19,2025-05-01,2025-05-31,Autonomo,Percentil 5,Are0012,11270000.0,2023,11
2023-12-15,19,2025-05-01,2025-05-31,Autonomo,Promedio,Are0012,23193406.0,2023,11
2023-12-15,19,2025-05-01,2025-05-31,Coordinado,Percentil 95,Are0002,80333280.0,2023,11
2023-12-15,19,2025-05-01,2025-05-31,Coordinado,Percentil 5,Are0002,80333280.0,2023,11
2023-12-15,19,2025-05-01,2025-05-31,Coordinado,Promedio,Are0002,139304144.0,2023,11
2023-12-15,19,2025-05-01,2025-05-31,Autonomo,Percentil 95,Are0002,81111520.0,2023,11
2023-12-15,19,2025-05-01,2025-05-31,Autonomo,Percentil 5,Are0002,81111520.0,2023,11
2023-12-15,19,2025-05-01,2025-05-31,Autonomo,Promedio,Are0002,139402128.0,2023,11
2023-10-09,33,2025-05-01,2025-05-31,Autonomo,Promedio,Are0010,285245312.0,2022,9
2023-10-09,33,2025-05-01,2025-05-31,Coordinado,Promedio,Are0010,262851200.0,2022,9
2023-10-10,23,2025-05-01,2025-05-31,Autonomo,Percentil 5,Are0128,26499246.0,2023,7
2023-10-10,23,2025-05-01,2025-05-31,Coordinado,Percentil 5,Are0128,27483288.0,2023,7
2023-10-10,23,2025-05-01,2025-05-31,Autonomo,Percentil 95,Are0010,405225792.0,2023,7
2023-10-10,23,2025-05-01,2025-05-31,Coordinado,Percentil 95,Are0127,1942096.75,2023,7
2023-10-10,23,2025-05-01,2025-05-31,Autonomo,Percentil 95,Are0012,9087419.0,2023,7
2023-10-10,23,2025-05-01,2025-05-31,Coordinado,Promedio,Are0128,40126976.0,2023,7
2023-10-10,23,2025-05-01,2025-05-31,Coordinado,Percentil 5,Are0002,75259240.0,2023,7
2023-10-10,23,2025-05-01,2025-05-31,Autonomo,Percentil 95,Are0128,26499246.0,2023,7
2023-10-10,23,2025-05-01,2025-05-31,Autonomo,Percentil 95,Are0002,76997152.0,2023,7
2023-10-10,23,2025-05-01,2025-05-31,Autonomo,Percentil 95,Are0127,2109354.75,2023,7
2023-10-10,23,2025-05-01,2025-05-31,Autonomo,Promedio,Are0010,281463488.0,2023,7
2023-10-10,23,2025-05-01,2025-05-31,Coordinado,Percentil 5,Are0012,9040323.0,2023,7
2023-10-10,23,2025-05-01,2025-05-31,Coordinado,Promedio,Are0056,67369816.0,2023,7
2023-10-10,23,2025-05-01,2025-05-31,Autonomo,Promedio,Are0127,4252974.5,2023,7
2023-10-10,23,2025-05-01,2025-05-31,Coordinado,Promedio,Are0127,3973522.0,2023,7
2023-10-10,23,2025-05-01,2025-05-31,Autonomo,Promedio,Are0056,67793496.0,2023,7
2023-10-10,23,2025-05-01,2025-05-31,Autonomo,Promedio,Are0012,22832130.0,2023,7
2023-10-09,40,2025-05-01,2025-05-31,Autonomo,Percentil 95,Are0056,43763408.0,2022,2
2023-10-09,40,2025-05-01,2025-05-31,Coordinado,Promedio,Are0128,37757216.0,2022,2
2023-10-09,40,2025-05-01,2025-05-31,Coordinado,Percentil 5,Are0010,179677424.0,2022,2
2023-10-09,40,2025-05-01,2025-05-31,Autonomo,Promedio,Are0002,144052288.0,2022,2
2023-10-09,40,2025-05-01,2025-05-31,Autonomo,Percentil 95,Are0128,27878232.0,2022,2
2023-10-09,40,2025-05-01,2025-05-31,Autonomo,Percentil 5,Are0002,83761208.0,2022,2
2023-10-09,40,2025-05-01,2025-05-31,Coordinado,Percentil 95,Are0012,8318387.0,2022,2
2023-10-09,40,2025-05-01,2025-05-31,Autonomo,Percentil 95,Are0012,9221290.0,2022,2
2023-10-09,40,2025-05-01,2025-05-31,Autonomo,Promedio,Are0012,23277864.0,2022,2
2023-10-09,40,2025-05-01,2025-05-31,Coordinado,Percentil 95,Are0128,25712484.0,2022,2
2023-10-09,40,2025-05-01,2025-05-31,Coordinado,Percentil 5,Are0012,8318387.0,2022,2
2023-10-09,40,2025-05-01,2025-05-31,Coordinado,Promedio,Are0127,3564419.75,2022,2
2023-10-09,40,2025-05-01,2025-05-31,Autonomo,Percentil 5,Are0012,9221290.0,2022,2
2023-10-09,40,2025-05-01,2025-05-31,Coordinado,Percentil 95,Are0002,83366048.0,2022,2
2023-10-09,40,2025-05-01,2025-05-31,Autonomo,Percentil 5,Are0128,27878232.0,2022,2
2023-10-09,40,2025-05-01,2025-05-31,Coordinado,Percentil 5,Are0056,39192960.0,2022,2
2023-10-09,40,2025-05-01,2025-05-31,Coordinado,Promedio,Are0012,21707396.0,2022,2
2023-10-09,40,2025-05-01,2025-05-31,Coordinado,Percentil 5,Are0127,2132806.5,2022,2
2023-10-09,40,2025-05-01,2025-05-31,Coordinado,Percentil 95,Are0056,39192960.0,2022,2
2023-10-09,40,2025-05-01,2025-05-31,Coordinado,Percentil 95,Are0127,2132806.5,2022,2
2023-10-09,40,2025-05-01,2025-05-31,Autonomo,Percentil 5,Are0127,2148451.5,2022,2
2023-10-09,40,2025-05-01,2025-05-31,Coordinado,Promedio,Are0002,143029824.0,2022,2
2023-10-09,40,2025-05-01,2025-05-31,Autonomo,Percentil 5,Are0056,43763408.0,2022,2
2023-10-09,40,2025-05-01,2025-05-31,Coordinado,Percentil 5,Are0002,83366048.0,2022,2
2023-10-09,40,2025-05-01,2025-05-31,Coordinado,Percentil 5,Are0128,25712484.0,2022,2
2023-10-09,40,2025-05-01,2025-05-31,Autonomo,Percentil 95,Are0010,396032256.0,2022,2
2023-10-09,40,2025-05-01,2025-05-31,Coordinado,Percentil 95,Are0010,388806464.0,2022,2
2023-10-09,40,2025-05-01,2025-05-31,Autonomo,Promedio,Are0128,41860648.0,2022,2
2023-10-09,40,2025-05-01,2025-05-31,Autonomo,Promedio,Are0056,69860256.0,2022,2
2023-10-09,40,2025-05-01,2025-05-31,Coordinado,Promedio,Are0010,271001344.0,2022,2
2023-10-09,40,2025-05-01,2025-05-31,Autonomo,Percentil 5,Are0010,184509680.0,2022,2
2023-10-09,40,2025-05-01,2025-05-31,Autonomo,Promedio,Are0127,3995443.25,2022,2
2023-10-09,40,2025-05-01,2025-05-31,Coordinado,Promedio,Are0056,64942624.0,2022,2
2023-10-09,40,2025-05-01,2025-05-31,Autonomo,Percentil 95,Are0127,2148451.5,2022,2
2023-10-09,40,2025-05-01,2025-05-31,Autonomo,Percentil 95,Are0002,83761208.0,2022,2
2023-10-09,40,2025-05-01,2025-05-31,Autonomo,Promedio,Are0010,283046624.0,2022,2
2023-10-09,32,2025-05-01,2025-05-31,Coordinado,Promedio,Are0127,3432156.5,2022,10
2023-10-09,32,2025-05-01,2025-05-31,Coordinado,Percentil 95,Are0128,28360874.0,2022,10
2023-10-09,32,2025-05-01,2025-05-31,Autonomo,Percentil 5,Are0056,43869580.0,2022,10
2023-10-09,32,2025-05-01,2025-05-31,Autonomo,Percentil 95,Are0056,43869580.0,2022,10
2023-10-09,32,2025-05-01,2025-05-31,Coordinado,Percentil 5,Are0127,1818096.75,2022,10
2023-10-09,32,2025-05-01,2025-05-31,Autonomo,Promedio,Are0012,24235484.0,2022,10
2023-10-09,32,2025-05-01,2025-05-31,Autonomo,Percentil 95,Are0012,12815484.0,2022,10
2023-10-09,32,2025-05-01,2025-05-31,Autonomo,Promedio,Are0002,147840112.0,2022,10
2023-10-09,32,2025-05-01,2025-05-31,Coordinado,Percentil 95,Are0056,39980880.0,2022,10
2023-10-09,32,2025-05-01,2025-05-31,Coordinado,Promedio,Are0012,19923670.0,2022,10
2023-10-09,32,2025-05-01,2025-05-31,Coordinado,Percentil 5,Are0002,95121472.0,2022,10
2023-10-09,32,2025-05-01,2025-05-31,Coordinado,Promedio,Are0056,59240356.0,2022,10
2023-10-09,32,2025-05-01,2025-05-31,Autonomo,Promedio,Are0010,284173216.0,2022,10
2023-10-09,32,2025-05-01,2025-05-31,Coordinado,Percentil 5,Are0012,10698065.0,2022,10
2023-10-09,32,2025-05-01,2025-05-31,Coordinado,Percentil 5,Are0128,28360874.0,2022,10
2023-10-09,32,2025-05-01,2025-05-31,Coordinado,Promedio,Are0128,36914880.0,2022,10
2023-10-09,32,2025-05-01,2025-05-31,Coordinado,Percentil 5,Are0056,39980880.0,2022,10
2023-10-09,32,2025-05-01,2025-05-31,Autonomo,Percentil 95,Are0002,95558568.0,2022,10
2023-10-10,30,2025-05-01,2025-05-31,Coordinado,Promedio,Are0128,37191792.0,2022,12
2023-10-10,30,2025-05-01,2025-05-31,Coordinado,Percentil 95,Are0128,27534016.0,2022,12
2023-10-10,30,2025-05-01,2025-05-31,Autonomo,Percentil 95,Are0002,90370664.0,2022,12
2023-10-10,30,2025-05-01,2025-05-31,Coordinado,Percentil 95,Are0056,43153724.0,2022,12
2023-10-10,30,2025-05-01,2025-05-31,Coordinado,Percentil 95,Are0002,90078064.0,2022,12
2023-10-10,30,2025-05-01,2025-05-31,Autonomo,Percentil 5,Are0128,29095052.0,2022,12
2023-10-10,30,2025-05-01,2025-05-31,Autonomo,Promedio,Are0127,3899471.5,2022,12
2023-10-10,30,2025-05-01,2025-05-31,Autonomo,Percentil 95,Are0012,9292581.0,2022,12
2023-10-10,30,2025-05-01,2025-05-31,Autonomo,Percentil 5,Are0012,9292581.0,2022,12
2023-10-10,30,2025-05-01,2025-05-31,Coordinado,Percentil 5,Are0056,43153724.0,2022,12
2023-10-10,30,2025-05-01,2025-05-31,Coordinado,Percentil 5,Are0128,27534016.0,2022,12
2023-10-10,30,2025-05-01,2025-05-31,Autonomo,Percentil 5,Are0002,90370664.0,2022,12
2023-10-10,30,2025-05-01,2025-05-31,Coordinado,Promedio,Are0010,269324384.0,2022,12
2023-10-10,30,2025-05-01,2025-05-31,Autonomo,Promedio,Are0002,148391584.0,2022,12
2023-10-10,30,2025-05-01,2025-05-31,Autonomo,Promedio,Are0056,68104392.0,2022,12
2023-10-10,30,2025-05-01,2025-05-31,Coordinado,Percentil 5,Are0010,182361296.0,2022,12
2023-10-10,30,2025-05-01,2025-05-31,Coordinado,Promedio,Are0056,64574916.0,2022,12
2023-10-10,30,2025-05-01,2025-05-31,Autonomo,Promedio,Are0128,41051352.0,2022,12
2023-10-10,30,2025-05-01,2025-05-31,Autonomo,Percentil 95,Are0056,44960120.0,2022,12
2023-10-10,30,2025-05-01,2025-05-31,Coordinado,Percentil 5,Are0127,2037451.625,2022,12
2023-10-10,30,2025-05-01,2025-05-31,Coordinado,Percentil 5,Are0002,90078064.0,2022,12
2023-10-10,30,2025-05-01,2025-05-31,Autonomo,Percentil 95,Are0128,29095052.0,2022,12
2023-10-10,30,2025-05-01,2025-05-31,Coordinado,Percentil 95,Are0010,369096768.0,2022,12
2023-10-10,30,2025-05-01,2025-05-31,Coordinado,Promedio,Are0012,18957616.0,2022,12
2023-10-10,30,2025-05-01,2025-05-31,Coordinado,Promedio,Are0127,3352632.0,2022,12
2023-10-10,30,2025-05-01,2025-05-31,Autonomo,Percentil 95,Are0010,394451616.0,2022,12
2023-10-10,30,2025-05-01,2025-05-31,Autonomo,Promedio,Are0010,282597664.0,2022,12
2023-10-10,30,2025-05-01,2025-05-31,Autonomo,Percentil 5,Are0010,191267744.0,2022,12
2023-10-10,30,2025-05-01,2025-05-31,Coordinado,Percentil 95,Are0127,2037451.625,2022,12
2023-10-10,30,2025-05-01,2025-05-31,Autonomo,Percentil 5,Are0056,44960120.0,2022,12
2023-10-10,30,2025-05-01,2025-05-31,Coordinado,Percentil 95,Are0012,7730967.5,2022,12
2023-10-10,30,2025-05-01,2025-05-31,Autonomo,Percentil 95,Are0127,2237838.75,2022,12
2023-10-10,30,2025-05-01,2025-05-31,Autonomo,Percentil 5,Are0127,2237838.75,2022,12
2023-10-10,30,2025-05-01,2025-05-31,Coordinado,Promedio,Are0002,145247312.0,2022,12
2023-10-10,30,2025-05-01,2025-05-31,Coordinado,Percentil 5,Are0012,7730967.5,2022,12
2023-10-09,32,2025-05-01,2025-05-31,Autonomo,Percentil 5,Are0128,33055038.0,2022,10
2023-10-09,32,2025-05-01,2025-05-31,Autonomo,Promedio,Are0128,42464240.0,2022,10
2023-10-09,32,2025-05-01,2025-05-31,Coordinado,Percentil 95,Are0010,347903232.0,2022,10
2023-10-09,32,2025-05-01,2025-05-31,Autonomo,Percentil 5,Are0002,95558568.0,2022,10
2023-10-09,32,2025-05-01,2025-05-31,Coordinado,Percentil 95,Are0012,10698065.0,2022,10
2023-10-09,32,2025-05-01,2025-05-31,Autonomo,Percentil 95,Are0128,33055038.0,2022,10
2023-10-09,32,2025-05-01,2025-05-31,Coordinado,Promedio,Are0002,144512880.0,2022,10
2023-10-09,32,2025-05-01,2025-05-31,Autonomo,Percentil 5,Are0127,2210967.75,2022,10
2023-10-09,32,2025-05-01,2025-05-31,Autonomo,Percentil 5,Are0010,200935488.0,2022,10
2023-10-09,32,2025-05-01,2025-05-31,Coordinado,Percentil 95,Are0127,1818096.75,2022,10
2023-10-09,32,2025-05-01,2025-05-31,Autonomo,Percentil 5,Are0012,12815484.0,2022,10
2023-10-09,32,2025-05-01,2025-05-31,Autonomo,Promedio,Are0127,4371503.0,2022,10
2023-10-09,32,2025-05-01,2025-05-31,Autonomo,Percentil 95,Are0127,2210967.75,2022,10
2023-10-09,32,2025-05-01,2025-05-31,Coordinado,Percentil 5,Are0010,194041936.0,2022,10
2023-10-09,32,2025-05-01,2025-05-31,Coordinado,Percentil 95,Are0002,95121472.0,2022,10
2023-10-09,32,2025-05-01,2025-05-31,Autonomo,Percentil 95,Are0010,380129024.0,2022,10
2023-10-09,32,2025-05-01,2025-05-31,Coordinado,Promedio,Are0010,264024480.0,2022,10
2023-10-09,32,2025-05-01,2025-05-31,Autonomo,Promedio,Are0056,65261720.0,2022,10
2023-10-10,23,2025-05-01,2025-05-31,Autonomo,Percentil 95,Are0056,45683168.0,2023,7
2023-10-10,23,2025-05-01,2025-05-31,Coordinado,Percentil 95,Are0012,9040323.0,2023,7
2023-10-10,23,2025-05-01,2025-05-31,Coordinado,Promedio,Are0002,144253904.0,2023,7
2023-10-10,23,2025-05-01,2025-05-31,Coordinado,Percentil 95,Are0002,75259240.0,2023,7
2023-10-10,23,2025-05-01,2025-05-31,Autonomo,Percentil 5,Are0056,45683168.0,2023,7
2023-10-10,23,2025-05-01,2025-05-31,Autonomo,Percentil 5,Are0127,2109354.75,2023,7
2023-10-10,23,2025-05-01,2025-05-31,Coordinado,Percentil 95,Are0128,27483288.0,2023,7
2023-10-10,23,2025-05-01,2025-05-31,Coordinado,Promedio,Are0012,21326390.0,2023,7
2023-10-10,23,2025-05-01,2025-05-31,Autonomo,Promedio,Are0002,145228704.0,2023,7
2023-10-10,23,2025-05-01,2025-05-31,Autonomo,Percentil 5,Are0012,9087419.0,2023,7
2023-10-10,23,2025-05-01,2025-05-31,Coordinado,Percentil 5,Are0056,45282416.0,2023,7
2023-10-10,23,2025-05-01,2025-05-31,Autonomo,Percentil 5,Are0002,76997152.0,2023,7
2023-10-10,23,2025-05-01,2025-05-31,Autonomo,Promedio,Are0128,41356620.0,2023,7
2023-10-10,23,2025-05-01,2025-05-31,Coordinado,Percentil 95,Are0010,396193536.0,2023,7
2023-10-10,23,2025-05-01,2025-05-31,Autonomo,Percentil 5,Are0010,171480640.0,2023,7
2023-10-10,23,2025-05-01,2025-05-31,Coordinado,Percentil 5,Are0010,169254832.0,2023,7
2023-10-10,23,2025-05-01,2025-05-31,Coordinado,Promedio,Are0010,277050784.0,2023,7
2023-10-10,23,2025-05-01,2025-05-31,Coordinado,Percentil 5,Are0127,1942096.75,2023,7
2023-10-10,23,2025-05-01,2025-05-31,Coordinado,Percentil 95,Are0056,45282416.0,2023,7
2023-10-09,35,2025-05-01,2025-05-31,Autonomo,Percentil 95,Are0127,2295613.0,2022,7
2023-10-09,35,2025-05-01,2025-05-31,Coordinado,Promedio,Are0127,3426035.75,2022,7
2023-10-09,35,2025-05-01,2025-05-31,Coordinado,Percentil 5,Are0128,26987432.0,2022,7
2023-10-09,35,2025-05-01,2025-05-31,Coordinado,Percentil 5,Are0010,190390320.0,2022,7
2023-10-09,35,2025-05-01,2025-05-31,Autonomo,Percentil 5,Are0012,11874516.0,2022,7
2023-10-09,35,2025-05-01,2025-05-31,Autonomo,Percentil 95,Are0010,416870976.0,2022,7
2023-10-09,35,2025-05-01,2025-05-31,Autonomo,Percentil 5,Are0002,92491216.0,2022,7
2023-10-09,35,2025-05-01,2025-05-31,Coordinado,Percentil 95,Are0056,42036828.0,2022,7
2023-10-09,35,2025-05-01,2025-05-31,Autonomo,Percentil 95,Are0128,31714980.0,2022,7
2023-10-09,35,2025-05-01,2025-05-31,Autonomo,Percentil 95,Are0056,45681840.0,2022,7
2023-10-09,35,2025-05-01,2025-05-31,Autonomo,Promedio,Are0010,290017152.0,2022,7
2023-10-09,35,2025-05-01,2025-05-31,Coordinado,Percentil 95,Are0127,1863193.5,2022,7
2023-10-09,35,2025-05-01,2025-05-31,Coordinado,Percentil 5,Are0002,89170856.0,2022,7
2023-10-09,35,2025-05-01,2025-05-31,Coordinado,Promedio,Are0002,146396320.0,2022,7
2023-10-10,25,2025-05-01,2025-05-31,Coordinado,Promedio,Are0002,155165664.0,2023,5
2023-10-10,25,2025-05-01,2025-05-31,Autonomo,Percentil 5,Are0010,204835488.0,2023,5
2023-10-10,25,2025-05-01,2025-05-31,Coordinado,Promedio,Are0012,25331310.0,2023,5
2023-10-10,25,2025-05-01,2025-05-31,Autonomo,Percentil 95,Are0056,47730732.0,2023,5
2023-10-10,25,2025-05-01,2025-05-31,Autonomo,Percentil 5,Are0056,47730732.0,2023,5
2023-10-10,25,2025-05-01,2025-05-31,Coordinado,Percentil 5,Are0056,47834572.0,2023,5
2023-10-10,25,2025-05-01,2025-05-31,Coordinado,Promedio,Are0128,43001032.0,2023,5
2023-10-10,25,2025-05-01,2025-05-31,Autonomo,Promedio,Are0010,302396800.0,2023,5
2023-10-10,25,2025-05-01,2025-05-31,Coordinado,Percentil 5,Are0127,2152096.75,2023,5
2023-10-10,25,2025-05-01,2025-05-31,Autonomo,Percentil 95,Are0012,11076774.0,2023,5
2023-10-10,25,2025-05-01,2025-05-31,Autonomo,Percentil 95,Are0128,31542936.0,2023,5
2023-10-10,25,2025-05-01,2025-05-31,Coordinado,Percentil 95,Are0056,47834572.0,2023,5
2023-10-10,25,2025-05-01,2025-05-31,Autonomo,Percentil 5,Are0128,31542936.0,2023,5
2023-10-10,25,2025-05-01,2025-05-31,Autonomo,Percentil 95,Are0010,425129024.0,2023,5
2023-10-10,25,2025-05-01,2025-05-31,Coordinado,Percentil 5,Are0012,11026452.0,2023,5
2023-10-10,25,2025-05-01,2025-05-31,Autonomo,Percentil 95,Are0127,2419451.5,2023,5
2023-10-10,25,2025-05-01,2025-05-31,Coordinado,Percentil 5,Are0010,199603232.0,2023,5
2023-10-10,25,2025-05-01,2025-05-31,Coordinado,Percentil 5,Are0002,89202864.0,2023,5
2023-10-10,25,2025-05-01,2025-05-31,Autonomo,Promedio,Are0056,71413568.0,2023,5
2023-10-10,25,2025-05-01,2025-05-31,Coordinado,Percentil 95,Are0002,89202864.0,2023,5
2023-10-10,25,2025-05-01,2025-05-31,Coordinado,Percentil 95,Are0010,423774208.0,2023,5
2023-10-10,25,2025-05-01,2025-05-31,Coordinado,Promedio,Are0127,4198879.0,2023,5
2023-10-10,25,2025-05-01,2025-05-31,Autonomo,Percentil 5,Are0002,91004896.0,2023,5
2023-10-10,25,2025-05-01,2025-05-31,Coordinado,Promedio,Are0010,298435872.0,2023,5
2023-10-10,25,2025-05-01,2025-05-31,Coordinado,Percentil 95,Are0012,11026452.0,2023,5
2023-10-10,25,2025-05-01,2025-05-31,Coordinado,Percentil 5,Are0128,30216936.0,2023,5
2023-10-10,25,2025-05-01,2025-05-31,Autonomo,Promedio,Are0002,156583488.0,2023,5
2023-10-10,25,2025-05-01,2025-05-31,Autonomo,Percentil 95,Are0002,91004896.0,2023,5
2023-10-10,25,2025-05-01,2025-05-31,Autonomo,Percentil 5,Are0127,2419451.5,2023,5
2023-10-10,25,2025-05-01,2025-05-31,Autonomo,Promedio,Are0128,44108244.0,2023,5
2023-10-10,25,2025-05-01,2025-05-31,Autonomo,Percentil 5,Are0012,11076774.0,2023,5
2023-10-10,25,2025-05-01,2025-05-31,Coordinado,Percentil 95,Are0127,2152096.75,2023,5
2023-10-10,25,2025-05-01,2025-05-31,Autonomo,Promedio,Are0127,4465940.5,2023,5
2023-10-10,25,2025-05-01,2025-05-31,Coordinado,Promedio,Are0056,70738080.0,2023,5
2023-10-10,25,2025-05-01,2025-05-31,Autonomo,Promedio,Are0012,25825378.0,2023,5
2023-10-10,25,2025-05-01,2025-05-31,Coordinado,Percentil 95,Are0128,30216936.0,2023,5
2023-10-25,20,2025-05-01,2025-05-31,Autonomo,Promedio,Are0128,43733216.0,2023,10
2023-10-25,20,2025-05-01,2025-05-31,Coordinado,Percentil 5,Are0002,80109240.0,2023,10
2023-10-25,20,2025-05-01,2025-05-31,Coordinado,Percentil 5,Are0056,48516232.0,2023,10
2023-10-25,20,2025-05-01,2025-05-31,Autonomo,Percentil 5,Are0002,80087496.0,2023,10
2023-10-25,20,2025-05-01,2025-05-31,Coordinado,Percentil 5,Are0128,29519530.0,2023,10
2023-10-25,20,2025-05-01,2025-05-31,Coordinado,Percentil 95,Are0012,9272258.0,2023,10
2023-10-25,20,2025-05-01,2025-05-31,Coordinado,Promedio,Are0056,71432752.0,2023,10
2023-10-25,20,2025-05-01,2025-05-31,Coordinado,Percentil 95,Are0127,1931741.875,2023,10
2023-10-25,20,2025-05-01,2025-05-31,Coordinado,Percentil 5,Are0010,192393552.0,2023,10
2023-10-25,20,2025-05-01,2025-05-31,Coordinado,Percentil 5,Are0127,1931741.875,2023,10
2023-10-25,20,2025-05-01,2025-05-31,Coordinado,Promedio,Are0010,281527360.0,2023,10
2023-10-25,20,2025-05-01,2025-05-31,Coordinado,Promedio,Are0002,139792608.0,2023,10
2023-10-25,20,2025-05-01,2025-05-31,Autonomo,Promedio,Are0012,23697304.0,2023,10
2023-10-25,20,2025-05-01,2025-05-31,Autonomo,Percentil 95,Are0002,80087496.0,2023,10
2023-10-25,20,2025-05-01,2025-05-31,Autonomo,Promedio,Are0127,4246848.5,2023,10
2023-10-25,20,2025-05-01,2025-05-31,Autonomo,Promedio,Are0056,71633632.0,2023,10
2023-10-25,20,2025-05-01,2025-05-31,Autonomo,Percentil 5,Are0012,9881290.0,2023,10
2023-10-25,20,2025-05-01,2025-05-31,Coordinado,Percentil 5,Are0012,9272258.0,2023,10
2023-10-25,20,2025-05-01,2025-05-31,Autonomo,Percentil 5,Are0056,48811780.0,2023,10
2023-10-25,20,2025-05-01,2025-05-31,Autonomo,Percentil 5,Are0010,195551616.0,2023,10
2023-10-25,20,2025-05-01,2025-05-31,Coordinado,Percentil 95,Are0010,391161280.0,2023,10
2023-10-09,38,2025-05-01,2025-05-31,Coordinado,Percentil 95,Are0002,78732568.0,2022,4
2023-10-09,38,2025-05-01,2025-05-31,Autonomo,Promedio,Are0056,66949332.0,2022,4
2023-10-09,38,2025-05-01,2025-05-31,Coordinado,Percentil 95,Are0010,378419360.0,2022,4
2023-10-09,38,2025-05-01,2025-05-31,Autonomo,Percentil 95,Are0010,407645152.0,2022,4
2023-10-09,38,2025-05-01,2025-05-31,Autonomo,Promedio,Are0128,41971124.0,2022,4
2023-10-09,38,2025-05-01,2025-05-31,Autonomo,Percentil 95,Are0128,27615032.0,2022,4
2023-10-09,38,2025-05-01,2025-05-31,Autonomo,Promedio,Are0002,141852880.0,2022,4
2023-10-09,38,2025-05-01,2025-05-31,Coordinado,Percentil 5,Are0128,26937162.0,2022,4
2023-10-09,38,2025-05-01,2025-05-31,Coordinado,Percentil 5,Are0002,78732568.0,2022,4
2023-10-09,38,2025-05-01,2025-05-31,Autonomo,Percentil 95,Are0056,45278904.0,2022,4
2023-10-09,38,2025-05-01,2025-05-31,Autonomo,Promedio,Are0012,23726180.0,2022,4
2023-10-09,38,2025-05-01,2025-05-31,Coordinado,Promedio,Are0127,3464393.75,2022,4
2023-10-09,38,2025-05-01,2025-05-31,Autonomo,Percentil 5,Are0128,27615032.0,2022,4
2023-10-09,38,2025-05-01,2025-05-31,Autonomo,Promedio,Are0010,278873632.0,2022,4
2023-10-10,21,2025-05-01,2025-05-31,Coordinado,Promedio,Are0002,144481136.0,2023,9
2023-10-10,21,2025-05-01,2025-05-31,Autonomo,Promedio,Are0056,71098688.0,2023,9
2023-10-10,21,2025-05-01,2025-05-31,Autonomo,Promedio,Are0012,23106890.0,2023,9
2023-10-10,21,2025-05-01,2025-05-31,Autonomo,Percentil 5,Are0127,2411645.25,2023,9
2023-10-10,21,2025-05-01,2025-05-31,Autonomo,Percentil 95,Are0056,46294108.0,2023,9
2023-10-10,21,2025-05-01,2025-05-31,Autonomo,Percentil 95,Are0127,2411645.25,2023,9
2023-10-10,21,2025-05-01,2025-05-31,Coordinado,Promedio,Are0128,44020448.0,2023,9
2023-10-10,21,2025-05-01,2025-05-31,Coordinado,Percentil 5,Are0128,31450242.0,2023,9
2023-10-10,21,2025-05-01,2025-05-31,Autonomo,Percentil 95,Are0012,10431935.0,2023,9
2023-10-10,21,2025-05-01,2025-05-31,Autonomo,Promedio,Are0002,145058672.0,2023,9
2023-10-10,21,2025-05-01,2025-05-31,Autonomo,Percentil 5,Are0010,198500000.0,2023,9
2023-10-10,21,2025-05-01,2025-05-31,Autonomo,Percentil 5,Are0128,31296404.0,2023,9
2023-10-10,21,2025-05-01,2025-05-31,Autonomo,Promedio,Are0127,4432362.5,2023,9
2023-10-10,21,2025-05-01,2025-05-31,Coordinado,Percentil 95,Are0012,10468387.0,2023,9
2023-10-10,21,2025-05-01,2025-05-31,Coordinado,Promedio,Are0010,286050272.0,2023,9
2023-10-10,21,2025-05-01,2025-05-31,Coordinado,Percentil 5,Are0002,85282432.0,2023,9
2023-10-10,21,2025-05-01,2025-05-31,Autonomo,Percentil 95,Are0128,31296404.0,2023,9
2023-10-10,21,2025-05-01,2025-05-31,Coordinado,Promedio,Are0012,22493420.0,2023,9
2023-10-10,21,2025-05-01,2025-05-31,Autonomo,Percentil 5,Are0002,85254696.0,2023,9
2023-10-10,21,2025-05-01,2025-05-31,Coordinado,Percentil 5,Are0010,198190320.0,2023,9
2023-10-10,21,2025-05-01,2025-05-31,Coordinado,Percentil 95,Are0127,2389613.0,2023,9
2023-10-10,21,2025-05-01,2025-05-31,Coordinado,Percentil 95,Are0010,412193536.0,2023,9
2023-10-10,21,2025-05-01,2025-05-31,Coordinado,Percentil 5,Are0127,2389613.0,2023,9
2023-10-10,21,2025-05-01,2025-05-31,Coordinado,Percentil 95,Are0056,45532008.0,2023,9
2023-10-10,21,2025-05-01,2025-05-31,Coordinado,Percentil 5,Are0012,10468387.0,2023,9
2023-10-10,21,2025-05-01,2025-05-31,Coordinado,Percentil 5,Are0056,45532008.0,2023,9
2023-10-10,21,2025-05-01,2025-05-31,Autonomo,Promedio,Are0128,44835712.0,2023,9
2023-10-10,21,2025-05-01,2025-05-31,Autonomo,Percentil 95,Are0010,412096768.0,2023,9
2023-10-10,21,2025-05-01,2025-05-31,Coordinado,Promedio,Are0127,4266067.5,2023,9
2023-10-10,21,2025-05-01,2025-05-31,Coordinado,Percentil 95,Are0002,85282432.0,2023,9
2023-10-10,21,2025-05-01,2025-05-31,Autonomo,Promedio,Are0010,288532224.0,2023,9
2023-10-10,21,2025-05-01,2025-05-31,Autonomo,Percentil 5,Are0012,10431935.0,2023,9
2023-10-10,21,2025-05-01,2025-05-31,Autonomo,Percentil 5,Are0056,46294108.0,2023,9
2023-10-10,21,2025-05-01,2025-05-31,Coordinado,Promedio,Are0056,70788688.0,2023,9
2023-10-10,21,2025-05-01,2025-05-31,Coordinado,Percentil 95,Are0128,31450242.0,2023,9
2023-10-10,21,2025-05-01,2025-05-31,Autonomo,Percentil 95,Are0002,85254696.0,2023,9
2023-10-09,35,2025-05-01,2025-05-31,Coordinado,Promedio,Are0056,60569176.0,2022,7
2023-10-09,35,2025-05-01,2025-05-31,Autonomo,Promedio,Are0128,43370464.0,2022,7
2023-10-09,35,2025-05-01,2025-05-31,Coordinado,Percentil 95,Are0010,394322592.0,2022,7
2023-10-09,35,2025-05-01,2025-05-31,Autonomo,Promedio,Are0012,25068762.0,2022,7
2023-10-09,35,2025-05-01,2025-05-31,Coordinado,Percentil 95,Are0128,26987432.0,2022,7
2023-10-09,35,2025-05-01,2025-05-31,Coordinado,Percentil 5,Are0056,42036828.0,2022,7
2023-10-09,35,2025-05-01,2025-05-31,Coordinado,Percentil 5,Are0127,1863193.5,2022,7
2023-10-09,35,2025-05-01,2025-05-31,Coordinado,Percentil 5,Are0012,9619677.0,2022,7
2023-10-09,35,2025-05-01,2025-05-31,Coordinado,Percentil 95,Are0012,9619677.0,2022,7
2023-10-09,35,2025-05-01,2025-05-31,Coordinado,Promedio,Are0128,37252716.0,2022,7
2023-10-09,35,2025-05-01,2025-05-31,Coordinado,Percentil 95,Are0002,89170856.0,2022,7
2023-10-09,35,2025-05-01,2025-05-31,Autonomo,Promedio,Are0127,4532267.5,2022,7
2023-10-09,35,2025-05-01,2025-05-31,Autonomo,Percentil 5,Are0010,202661296.0,2022,7
2023-10-09,35,2025-05-01,2025-05-31,Autonomo,Percentil 5,Are0127,2295613.0,2022,7
2023-10-09,35,2025-05-01,2025-05-31,Autonomo,Percentil 5,Are0128,31714980.0,2022,7
2023-10-09,35,2025-05-01,2025-05-31,Autonomo,Percentil 95,Are0012,11874516.0,2022,7
2023-10-09,35,2025-05-01,2025-05-31,Autonomo,Percentil 95,Are0002,92491216.0,2022,7
2023-10-09,35,2025-05-01,2025-05-31,Autonomo,Promedio,Are0002,150052224.0,2022,7
2023-10-09,35,2025-05-01,2025-05-31,Coordinado,Promedio,Are0010,267716896.0,2022,7
2023-10-09,35,2025-05-01,2025-05-31,Autonomo,Percentil 5,Are0056,45681840.0,2022,7
2023-10-09,35,2025-05-01,2025-05-31,Coordinado,Promedio,Are0012,20072220.0,2022,7
2023-10-09,35,2025-05-01,2025-05-31,Autonomo,Promedio,Are0056,66993696.0,2022,7
2023-10-09,36,2025-05-01,2025-05-31,Coordinado,Percentil 5,Are0056,38744644.0,2022,6
2023-10-09,36,2025-05-01,2025-05-31,Autonomo,Percentil 95,Are0128,28878222.0,2022,6
2023-10-09,36,2025-05-01,2025-05-31,Coordinado,Percentil 95,Are0010,376806464.0,2022,6
2023-10-09,36,2025-05-01,2025-05-31,Autonomo,Percentil 5,Are0056,42964292.0,2022,6
2023-10-09,36,2025-05-01,2025-05-31,Autonomo,Promedio,Are0002,146781024.0,2022,6
2023-10-09,36,2025-05-01,2025-05-31,Coordinado,Percentil 5,Are0010,185835488.0,2022,6
2023-10-09,36,2025-05-01,2025-05-31,Coordinado,Percentil 5,Are0128,26533284.0,2022,6
2023-10-09,36,2025-05-01,2025-05-31,Autonomo,Percentil 95,Are0056,42964292.0,2022,6
2023-10-09,36,2025-05-01,2025-05-31,Coordinado,Percentil 95,Are0127,2089580.625,2022,6
2023-10-09,36,2025-05-01,2025-05-31,Autonomo,Percentil 5,Are0128,28878222.0,2022,6
2023-10-09,36,2025-05-01,2025-05-31,Autonomo,Percentil 5,Are0010,191567744.0,2022,6
2023-10-09,36,2025-05-01,2025-05-31,Coordinado,Percentil 5,Are0012,9036452.0,2022,6
2023-10-09,36,2025-05-01,2025-05-31,Coordinado,Promedio,Are0056,59017704.0,2022,6
2023-10-09,36,2025-05-01,2025-05-31,Coordinado,Percentil 95,Are0012,9036452.0,2022,6
2023-10-09,36,2025-05-01,2025-05-31,Autonomo,Promedio,Are0128,42269988.0,2022,6
2023-10-09,36,2025-05-01,2025-05-31,Autonomo,Percentil 95,Are0010,405548384.0,2022,6
2023-10-09,36,2025-05-01,2025-05-31,Autonomo,Promedio,Are0012,23028516.0,2022,6
2023-10-09,36,2025-05-01,2025-05-31,Autonomo,Percentil 5,Are0002,86318640.0,2022,6
2023-10-09,36,2025-05-01,2025-05-31,Coordinado,Promedio,Are0002,143034352.0,2022,6
2023-10-09,36,2025-05-01,2025-05-31,Autonomo,Promedio,Are0010,282256160.0,2022,6
2023-10-09,36,2025-05-01,2025-05-31,Autonomo,Promedio,Are0127,4326762.0,2022,6
2023-10-09,36,2025-05-01,2025-05-31,Coordinado,Percentil 95,Are0056,38744644.0,2022,6
2023-10-09,36,2025-05-01,2025-05-31,Autonomo,Percentil 95,Are0012,10626774.0,2022,6
2023-10-09,36,2025-05-01,2025-05-31,Coordinado,Promedio,Are0012,19176968.0,2022,6
2023-10-09,36,2025-05-01,2025-05-31,Autonomo,Promedio,Are0056,65849596.0,2022,6
2023-10-09,36,2025-05-01,2025-05-31,Coordinado,Percentil 5,Are0002,86481864.0,2022,6
2023-10-09,36,2025-05-01,2025-05-31,Coordinado,Percentil 95,Are0002,86481864.0,2022,6
2023-10-09,36,2025-05-01,2025-05-31,Coordinado,Promedio,Are0127,3319295.25,2022,6
2023-10-09,36,2025-05-01,2025-05-31,Coordinado,Percentil 5,Are0127,2089580.625,2022,6
2023-10-09,36,2025-05-01,2025-05-31,Coordinado,Promedio,Are0128,36707512.0,2022,6
2023-10-09,36,2025-05-01,2025-05-31,Autonomo,Percentil 95,Are0127,2291290.25,2022,6
2023-10-09,36,2025-05-01,2025-05-31,Autonomo,Percentil 95,Are0002,86318640.0,2022,6
2023-10-09,36,2025-05-01,2025-05-31,Autonomo,Percentil 5,Are0012,10626774.0,2022,6
2023-10-10,39,2025-05-01,2025-05-31,Autonomo,Promedio,Are0010,276939168.0,2022,3
2023-10-10,39,2025-05-01,2025-05-31,Autonomo,Percentil 5,Are0128,29949536.0,2022,3
2023-10-10,39,2025-05-01,2025-05-31,Coordinado,Percentil 95,Are0002,85844400.0,2022,3
2023-10-10,39,2025-05-01,2025-05-31,Coordinado,Promedio,Are0010,269582784.0,2022,3
2023-10-10,39,2025-05-01,2025-05-31,Autonomo,Percentil 5,Are0010,201080640.0,2022,3
2023-10-10,39,2025-05-01,2025-05-31,Coordinado,Percentil 5,Are0056,44182860.0,2022,3
2023-10-10,39,2025-05-01,2025-05-31,Coordinado,Percentil 5,Are0127,2079871.0,2022,3
2023-10-10,39,2025-05-01,2025-05-31,Autonomo,Percentil 5,Are0012,11051290.0,2022,3
2023-10-10,39,2025-05-01,2025-05-31,Coordinado,Promedio,Are0128,40650336.0,2022,3
2023-10-10,39,2025-05-01,2025-05-31,Coordinado,Percentil 95,Are0128,28746964.0,2022,3
2023-10-10,39,2025-05-01,2025-05-31,Autonomo,Percentil 95,Are0127,2146225.75,2022,3
2023-10-10,39,2025-05-01,2025-05-31,Coordinado,Percentil 95,Are0127,2079871.0,2022,3
2023-10-10,39,2025-05-01,2025-05-31,Coordinado,Promedio,Are0002,139627808.0,2022,3
2023-10-10,39,2025-05-01,2025-05-31,Coordinado,Percentil 95,Are0012,10082258.0,2022,3
2023-10-10,39,2025-05-01,2025-05-31,Autonomo,Percentil 5,Are0127,2146225.75,2022,3
2023-10-10,39,2025-05-01,2025-05-31,Coordinado,Percentil 5,Are0010,188587104.0,2022,3
2023-10-10,39,2025-05-01,2025-05-31,Coordinado,Percentil 5,Are0012,10082258.0,2022,3
2023-10-10,39,2025-05-01,2025-05-31,Coordinado,Promedio,Are0056,64228540.0,2022,3
2023-10-10,39,2025-05-01,2025-05-31,Autonomo,Percentil 95,Are0012,11051290.0,2022,3
2023-10-10,39,2025-05-01,2025-05-31,Autonomo,Promedio,Are0128,41775888.0,2022,3
2023-10-10,39,2025-05-01,2025-05-31,Autonomo,Percentil 5,Are0002,87478184.0,2022,3
2023-10-10,39,2025-05-01,2025-05-31,Coordinado,Promedio,Are0012,21296320.0,2022,3
2023-10-10,39,2025-05-01,2025-05-31,Coordinado,Promedio,Are0127,3779656.5,2022,3
2023-10-10,39,2025-05-01,2025-05-31,Autonomo,Promedio,Are0056,66450332.0,2022,3
2023-10-10,39,2025-05-01,2025-05-31,Coordinado,Percentil 5,Are0002,85844400.0,2022,3
2023-10-10,39,2025-05-01,2025-05-31,Autonomo,Promedio,Are0127,4145930.75,2022,3
2023-10-10,39,2025-05-01,2025-05-31,Autonomo,Promedio,Are0012,22715984.0,2022,3
2023-10-10,39,2025-05-01,2025-05-31,Autonomo,Percentil 95,Are0002,87478184.0,2022,3
2023-10-10,39,2025-05-01,2025-05-31,Coordinado,Percentil 5,Are0128,28746964.0,2022,3
2023-10-10,39,2025-05-01,2025-05-31,Autonomo,Promedio,Are0002,141849920.0,2022,3
2023-10-10,39,2025-05-01,2025-05-31,Autonomo,Percentil 5,Are0056,45753160.0,2022,3
2023-10-10,39,2025-05-01,2025-05-31,Coordinado,Percentil 95,Are0010,395258080.0,2022,3
2023-10-10,39,2025-05-01,2025-05-31,Autonomo,Percentil 95,Are0056,45753160.0,2022,3
2023-10-10,39,2025-05-01,2025-05-31,Coordinado,Percentil 95,Are0056,44182860.0,2022,3
2023-10-10,39,2025-05-01,2025-05-31,Autonomo,Percentil 95,Are0128,29949536.0,2022,3
2023-10-10,39,2025-05-01,2025-05-31,Autonomo,Percentil 95,Are0010,402258080.0,2022,3
2023-10-10,22,2025-05-01,2025-05-31,Autonomo,Percentil 5,Are0127,1923774.25,2023,8
2023-10-10,22,2025-05-01,2025-05-31,Autonomo,Percentil 95,Are0002,73533032.0,2023,8
2023-10-25,20,2025-05-01,2025-05-31,Coordinado,Percentil 95,Are0056,48516232.0,2023,10
2023-10-25,20,2025-05-01,2025-05-31,Coordinado,Percentil 95,Are0002,80109240.0,2023,10
2023-10-25,20,2025-05-01,2025-05-31,Autonomo,Percentil 5,Are0128,31583788.0,2023,10
2023-10-25,20,2025-05-01,2025-05-31,Coordinado,Promedio,Are0127,4128296.5,2023,10
2023-10-25,20,2025-05-01,2025-05-31,Autonomo,Percentil 95,Are0010,398129024.0,2023,10
2023-10-25,20,2025-05-01,2025-05-31,Coordinado,Promedio,Are0128,42909328.0,2023,10
2023-10-25,20,2025-05-01,2025-05-31,Coordinado,Percentil 95,Are0128,29519530.0,2023,10
2023-10-25,20,2025-05-01,2025-05-31,Coordinado,Promedio,Are0012,23264422.0,2023,10
2023-10-25,20,2025-05-01,2025-05-31,Autonomo,Percentil 5,Are0127,2005677.375,2023,10
2023-10-25,20,2025-05-01,2025-05-31,Autonomo,Percentil 95,Are0128,31583788.0,2023,10
2023-10-25,20,2025-05-01,2025-05-31,Autonomo,Percentil 95,Are0012,9881290.0,2023,10
2023-10-25,20,2025-05-01,2025-05-31,Autonomo,Percentil 95,Are0056,48811780.0,2023,10
2023-10-25,20,2025-05-01,2025-05-31,Autonomo,Promedio,Are0010,283547072.0,2023,10
2023-10-25,20,2025-05-01,2025-05-31,Autonomo,Percentil 95,Are0127,2005677.375,2023,10
2023-10-25,20,2025-05-01,2025-05-31,Autonomo,Promedio,Are0002,140236832.0,2023,10
2025-04-15,2,2025-05-01,2025-05-31,Autonomo,Percentil 95,Are0128,35603144.0,2025,4
2025-04-15,2,2025-05-01,2025-05-31,Autonomo,Percentil 5,Are0128,35603144.0,2025,4
2025-04-15,2,2025-05-01,2025-05-31,Autonomo,Promedio,Are0128,49215752.0,2025,4
2025-04-15,2,2025-05-01,2025-05-31,Autonomo,Percentil 95,Are0056,42961708.0,2025,4
2025-04-15,2,2025-05-01,2025-05-31,Autonomo,Percentil 5,Are0056,42961708.0,2025,4
2025-04-15,2,2025-05-01,2025-05-31,Autonomo,Promedio,Are0056,82208912.0,2025,4
2025-04-15,2,2025-05-01,2025-05-31,Autonomo,Percentil 95,Are0127,2379000.0,2025,4
2025-04-15,2,2025-05-01,2025-05-31,Autonomo,Percentil 5,Are0127,2379000.0,2025,4
2025-04-15,2,2025-05-01,2025-05-31,Autonomo,Promedio,Are0127,5124479.5,2025,4
2025-04-15,2,2025-05-01,2025-05-31,Autonomo,Percentil 95,Are0010,440709664.0,2025,4
2025-04-15,2,2025-05-01,2025-05-31,Autonomo,Percentil 5,Are0010,205422576.0,2025,4
2025-04-15,2,2025-05-01,2025-05-31,Autonomo,Promedio,Are0010,307867456.0,2025,4
2025-04-15,2,2025-05-01,2025-05-31,Autonomo,Percentil 95,Are0012,9387742.0,2025,4
2025-04-15,2,2025-05-01,2025-05-31,Autonomo,Percentil 5,Are0012,9387742.0,2025,4
2025-04-15,2,2025-05-01,2025-05-31,Autonomo,Promedio,Are0012,24871416.0,2025,4
2025-04-15,2,2025-05-01,2025-05-31,Autonomo,Percentil 95,Are0002,85436656.0,2025,4
2025-04-15,2,2025-05-01,2025-05-31,Autonomo,Percentil 5,Are0002,85436656.0,2025,4
2025-04-15,2,2025-05-01,2025-05-31,Autonomo,Promedio,Are0002,146447424.0,2025,4
2023-10-10,28,2025-05-01,2025-05-31,Coordinado,Percentil 5,Are0056,46720776.0,2023,2
2023-10-10,28,2025-05-01,2025-05-31,Coordinado,Promedio,Are0002,146224704.0,2023,2
2023-10-10,28,2025-05-01,2025-05-31,Coordinado,Percentil 95,Are0012,10529032.0,2023,2
2023-10-10,28,2025-05-01,2025-05-31,Autonomo,Percentil 95,Are0127,2182483.75,2023,2
2023-10-10,28,2025-05-01,2025-05-31,Coordinado,Percentil 95,Are0128,26968504.0,2023,2
2023-10-10,28,2025-05-01,2025-05-31,Autonomo,Percentil 95,Are0128,29012694.0,2023,2
2023-10-10,28,2025-05-01,2025-05-31,Autonomo,Percentil 95,Are0056,46349708.0,2023,2
2023-10-10,28,2025-05-01,2025-05-31,Autonomo,Promedio,Are0010,288320032.0,2023,2
2023-10-10,28,2025-05-01,2025-05-31,Autonomo,Promedio,Are0002,147765968.0,2023,2
2023-10-10,28,2025-05-01,2025-05-31,Coordinado,Percentil 5,Are0127,2147580.75,2023,2
2023-10-10,28,2025-05-01,2025-05-31,Autonomo,Percentil 95,Are0002,89327920.0,2023,2
2023-10-10,28,2025-05-01,2025-05-31,Autonomo,Percentil 5,Are0056,46349708.0,2023,2
2023-10-10,28,2025-05-01,2025-05-31,Coordinado,Percentil 5,Are0128,26968504.0,2023,2
2023-10-10,28,2025-05-01,2025-05-31,Coordinado,Promedio,Are0056,69667544.0,2023,2
2023-10-10,28,2025-05-01,2025-05-31,Coordinado,Percentil 95,Are0056,46720776.0,2023,2
2023-10-10,28,2025-05-01,2025-05-31,Autonomo,Promedio,Are0128,42429128.0,2023,2
2023-10-10,28,2025-05-01,2025-05-31,Coordinado,Percentil 5,Are0010,181212896.0,2023,2
2023-10-10,28,2025-05-01,2025-05-31,Coordinado,Percentil 95,Are0127,2147580.75,2023,2
2023-10-10,28,2025-05-01,2025-05-31,Autonomo,Percentil 5,Are0010,190116128.0,2023,2
2023-10-10,28,2025-05-01,2025-05-31,Autonomo,Percentil 5,Are0002,89327920.0,2023,2
2023-10-10,28,2025-05-01,2025-05-31,Autonomo,Percentil 95,Are0012,11730323.0,2023,2
2023-10-10,28,2025-05-01,2025-05-31,Autonomo,Percentil 5,Are0127,2182483.75,2023,2
2023-10-10,28,2025-05-01,2025-05-31,Coordinado,Promedio,Are0010,283319360.0,2023,2
2023-10-10,28,2025-05-01,2025-05-31,Coordinado,Promedio,Are0127,4018183.25,2023,2
2023-10-10,28,2025-05-01,2025-05-31,Autonomo,Promedio,Are0056,70602896.0,2023,2
2023-10-10,28,2025-05-01,2025-05-31,Autonomo,Promedio,Are0127,4328825.5,2023,2
2023-10-10,28,2025-05-01,2025-05-31,Autonomo,Promedio,Are0012,23192462.0,2023,2
2023-10-10,28,2025-05-01,2025-05-31,Autonomo,Percentil 95,Are0010,411193536.0,2023,2
2023-10-10,28,2025-05-01,2025-05-31,Coordinado,Promedio,Are0012,22302446.0,2023,2
2023-10-10,28,2025-05-01,2025-05-31,Coordinado,Promedio,Are0128,41106496.0,2023,2
2023-10-10,28,2025-05-01,2025-05-31,Coordinado,Percentil 5,Are0002,89439208.0,2023,2
2023-10-10,28,2025-05-01,2025-05-31,Autonomo,Percentil 5,Are0128,29012694.0,2023,2
2023-10-10,28,2025-05-01,2025-05-31,Coordinado,Percentil 95,Are0002,89439208.0,2023,2
2023-10-10,28,2025-05-01,2025-05-31,Coordinado,Percentil 95,Are0010,404580640.0,2023,2
2023-10-10,28,2025-05-01,2025-05-31,Coordinado,Percentil 5,Are0012,10529032.0,2023,2
2023-10-10,28,2025-05-01,2025-05-31,Autonomo,Percentil 5,Are0012,11730323.0,2023,2
2023-10-09,36,2025-05-01,2025-05-31,Autonomo,Percentil 5,Are0127,2291290.25,2022,6
2023-10-09,36,2025-05-01,2025-05-31,Coordinado,Percentil 95,Are0128,26533284.0,2022,6
2023-10-09,36,2025-05-01,2025-05-31,Coordinado,Promedio,Are0010,261256064.0,2022,6
2024-03-20,15,2025-05-01,2025-05-31,Autonomo,Promedio,Are0128,42907252.0,2024,3
2024-03-20,15,2025-05-01,2025-05-31,Autonomo,Percentil 5,Are0128,28785654.0,2024,3
2024-03-20,15,2025-05-01,2025-05-31,Autonomo,Percentil 95,Are0128,28785654.0,2024,3
2024-03-20,15,2025-05-01,2025-05-31,Autonomo,Promedio,Are0010,277705760.0,2024,3
2024-03-20,15,2025-05-01,2025-05-31,Autonomo,Percentil 5,Are0010,163058064.0,2024,3
2024-03-20,15,2025-05-01,2025-05-31,Autonomo,Percentil 95,Are0010,519096768.0,2024,3
2024-03-20,15,2025-05-01,2025-05-31,Autonomo,Promedio,Are0127,4222831.0,2024,3
2024-03-20,15,2025-05-01,2025-05-31,Autonomo,Percentil 5,Are0127,1793612.875,2024,3
2024-03-20,15,2025-05-01,2025-05-31,Autonomo,Percentil 95,Are0127,1793612.875,2024,3
2023-10-25,19,2025-04-01,2025-04-30,Coordinado,Percentil 95,Are0012,5943666.5,2023,10
2023-10-25,19,2025-04-01,2025-04-30,Autonomo,Percentil 5,Are0056,28636376.0,2023,10
2023-10-25,19,2025-04-01,2025-04-30,Autonomo,Percentil 5,Are0128,26864964.0,2023,10
2023-10-25,19,2025-04-01,2025-04-30,Autonomo,Percentil 5,Are0010,137063328.0,2023,10
2023-10-25,19,2025-04-01,2025-04-30,Autonomo,Percentil 95,Are0056,28636376.0,2023,10
2023-10-25,19,2025-04-01,2025-04-30,Coordinado,Percentil 5,Are0127,705566.6875,2023,10
2023-10-25,19,2025-04-01,2025-04-30,Coordinado,Percentil 95,Are0010,316080000.0,2023,10
2023-10-25,19,2025-04-01,2025-04-30,Autonomo,Promedio,Are0056,46170704.0,2023,10
2023-10-25,19,2025-04-01,2025-04-30,Autonomo,Promedio,Are0128,40242532.0,2023,10
2023-10-25,19,2025-04-01,2025-04-30,Coordinado,Percentil 5,Are0010,138360000.0,2023,10
2023-10-25,19,2025-04-01,2025-04-30,Autonomo,Promedio,Are0002,111565480.0,2023,10
2023-10-25,19,2025-04-01,2025-04-30,Coordinado,Percentil 5,Are0128,27415210.0,2023,10
2023-10-10,20,2025-04-01,2025-04-30,Coordinado,Percentil 5,Are0002,64345548.0,2023,9
2023-10-10,20,2025-04-01,2025-04-30,Autonomo,Percentil 5,Are0056,27527446.0,2023,9
2023-10-10,20,2025-04-01,2025-04-30,Coordinado,Promedio,Are0056,46061636.0,2023,9
2023-10-10,20,2025-04-01,2025-04-30,Coordinado,Percentil 95,Are0056,27179460.0,2023,9
2023-10-10,20,2025-04-01,2025-04-30,Autonomo,Promedio,Are0128,39363796.0,2023,9
2023-10-10,20,2025-04-01,2025-04-30,Coordinado,Percentil 5,Are0010,133780000.0,2023,9
2023-10-10,20,2025-04-01,2025-04-30,Coordinado,Promedio,Are0002,112330336.0,2023,9
2023-10-10,20,2025-04-01,2025-04-30,Coordinado,Percentil 95,Are0010,320700000.0,2023,9
2023-10-10,20,2025-04-01,2025-04-30,Coordinado,Promedio,Are0012,15658770.0,2023,9
2023-10-10,20,2025-04-01,2025-04-30,Coordinado,Promedio,Are0127,2377707.25,2023,9
2023-10-10,20,2025-04-01,2025-04-30,Autonomo,Percentil 95,Are0010,323936672.0,2023,9
2023-10-10,20,2025-04-01,2025-04-30,Autonomo,Percentil 95,Are0002,64947548.0,2023,9
2023-10-10,20,2025-04-01,2025-04-30,Autonomo,Promedio,Are0127,2454060.25,2023,9
2023-10-10,20,2025-04-01,2025-04-30,Autonomo,Percentil 95,Are0127,816700.0,2023,9
2023-10-10,20,2025-04-01,2025-04-30,Autonomo,Percentil 5,Are0002,64947548.0,2023,9
2023-10-10,20,2025-04-01,2025-04-30,Coordinado,Promedio,Are0010,215171440.0,2023,9
2023-10-10,20,2025-04-01,2025-04-30,Coordinado,Percentil 95,Are0012,6151000.0,2023,9
2023-10-10,20,2025-04-01,2025-04-30,Autonomo,Promedio,Are0012,16158643.0,2023,9
2023-10-10,20,2025-04-01,2025-04-30,Autonomo,Percentil 95,Are0128,27522364.0,2023,9
2023-10-10,20,2025-04-01,2025-04-30,Coordinado,Percentil 5,Are0012,6151000.0,2023,9
2023-10-10,20,2025-04-01,2025-04-30,Autonomo,Percentil 95,Are0012,6601333.5,2023,9
2023-10-10,20,2025-04-01,2025-04-30,Coordinado,Percentil 95,Are0128,24403236.0,2023,9
2023-10-10,20,2025-04-01,2025-04-30,Coordinado,Percentil 95,Are0002,64345548.0,2023,9
2023-10-25,19,2025-04-01,2025-04-30,Autonomo,Percentil 95,Are0010,313996672.0,2023,10
2023-10-25,19,2025-04-01,2025-04-30,Coordinado,Promedio,Are0128,39807248.0,2023,10
2023-10-25,19,2025-04-01,2025-04-30,Autonomo,Promedio,Are0010,217554560.0,2023,10
2023-10-25,19,2025-04-01,2025-04-30,Coordinado,Percentil 95,Are0128,27415210.0,2023,10
2023-10-25,19,2025-04-01,2025-04-30,Autonomo,Percentil 95,Are0127,713300.0,2023,10
2023-10-25,19,2025-04-01,2025-04-30,Coordinado,Promedio,Are0010,216601760.0,2023,10
2023-10-25,19,2025-04-01,2025-04-30,Autonomo,Promedio,Are0127,2315590.75,2023,10
2023-10-25,19,2025-04-01,2025-04-30,Coordinado,Promedio,Are0012,16940360.0,2023,10
2023-10-25,19,2025-04-01,2025-04-30,Coordinado,Promedio,Are0056,46065856.0,2023,10
2023-10-25,19,2025-04-01,2025-04-30,Autonomo,Percentil 95,Are0128,26864964.0,2023,10
2023-10-25,19,2025-04-01,2025-04-30,Coordinado,Promedio,Are0002,111529952.0,2023,10
2023-10-25,19,2025-04-01,2025-04-30,Autonomo,Percentil 95,Are0012,6130333.5,2023,10
2023-10-25,19,2025-04-01,2025-04-30,Autonomo,Percentil 5,Are0012,6130333.5,2023,10
2023-10-25,19,2025-04-01,2025-04-30,Coordinado,Percentil 5,Are0002,61096572.0,2023,10
2023-10-25,19,2025-04-01,2025-04-30,Coordinado,Percentil 95,Are0127,705566.6875,2023,10
2023-10-25,19,2025-04-01,2025-04-30,Coordinado,Percentil 95,Are0056,29033584.0,2023,10
2023-10-25,19,2025-04-01,2025-04-30,Coordinado,Percentil 95,Are0002,61096572.0,2023,10
2023-10-25,19,2025-04-01,2025-04-30,Autonomo,Percentil 95,Are0002,61166836.0,2023,10
2023-10-25,19,2025-04-01,2025-04-30,Autonomo,Percentil 5,Are0127,713300.0,2023,10
2023-10-25,19,2025-04-01,2025-04-30,Coordinado,Promedio,Are0127,2258396.0,2023,10
2023-10-25,19,2025-04-01,2025-04-30,Autonomo,Promedio,Are0012,17260240.0,2023,10
2023-10-25,19,2025-04-01,2025-04-30,Coordinado,Percentil 5,Are0012,5943666.5,2023,10
2023-10-25,19,2025-04-01,2025-04-30,Autonomo,Percentil 5,Are0002,61166836.0,2023,10
2023-10-25,19,2025-04-01,2025-04-30,Coordinado,Percentil 5,Are0056,29033584.0,2023,10
2023-10-09,30,2025-04-01,2025-04-30,Autonomo,Percentil 95,Are0056,28632156.0,2022,11
2023-10-09,30,2025-04-01,2025-04-30,Autonomo,Promedio,Are0127,2397887.25,2022,11
2023-10-09,30,2025-04-01,2025-04-30,Coordinado,Percentil 5,Are0128,24534290.0,2022,11
2023-10-09,30,2025-04-01,2025-04-30,Autonomo,Percentil 5,Are0127,853533.3125,2022,11
2023-10-09,30,2025-04-01,2025-04-30,Autonomo,Promedio,Are0056,42184216.0,2022,11
2023-10-09,30,2025-04-01,2025-04-30,Coordinado,Percentil 95,Are0012,7233000.0,2022,11
2023-10-09,30,2025-04-01,2025-04-30,Autonomo,Percentil 95,Are0128,27081244.0,2022,11
2023-10-09,30,2025-04-01,2025-04-30,Autonomo,Percentil 5,Are0010,138473328.0,2022,11
2023-10-09,30,2025-04-01,2025-04-30,Autonomo,Promedio,Are0010,218147600.0,2022,11
2023-10-09,30,2025-04-01,2025-04-30,Autonomo,Promedio,Are0002,117991512.0,2022,11
2023-10-09,30,2025-04-01,2025-04-30,Autonomo,Percentil 5,Are0002,68106720.0,2022,11
2023-10-10,38,2025-04-01,2025-04-30,Autonomo,Promedio,Are0128,38372944.0,2022,3
2023-10-10,38,2025-04-01,2025-04-30,Autonomo,Percentil 5,Are0002,60588376.0,2022,3
2023-10-10,38,2025-04-01,2025-04-30,Coordinado,Percentil 95,Are0012,6066333.5,2022,3
2023-10-10,38,2025-04-01,2025-04-30,Coordinado,Promedio,Are0012,16696173.0,2022,3
2023-10-10,38,2025-04-01,2025-04-30,Autonomo,Promedio,Are0010,213213408.0,2022,3
2023-10-10,38,2025-04-01,2025-04-30,Coordinado,Percentil 95,Are0002,60288744.0,2022,3
2023-10-10,38,2025-04-01,2025-04-30,Coordinado,Percentil 95,Are0010,324406656.0,2022,3
2023-10-10,38,2025-04-01,2025-04-30,Autonomo,Percentil 95,Are0128,24483500.0,2022,3
2023-10-10,38,2025-04-01,2025-04-30,Autonomo,Percentil 95,Are0056,26251674.0,2022,3
2023-10-10,38,2025-04-01,2025-04-30,Autonomo,Promedio,Are0002,112185168.0,2022,3
2023-10-10,38,2025-04-01,2025-04-30,Coordinado,Percentil 95,Are0056,25235104.0,2022,3
2023-10-10,38,2025-04-01,2025-04-30,Autonomo,Percentil 95,Are0010,326963328.0,2022,3
2023-10-10,38,2025-04-01,2025-04-30,Autonomo,Percentil 5,Are0056,26251674.0,2022,3
2023-10-10,38,2025-04-01,2025-04-30,Autonomo,Promedio,Are0127,2481078.25,2022,3
2023-10-10,38,2025-04-01,2025-04-30,Coordinado,Percentil 5,Are0010,124616664.0,2022,3
2023-10-10,38,2025-04-01,2025-04-30,Coordinado,Promedio,Are0127,2163330.0,2022,3
2023-10-10,38,2025-04-01,2025-04-30,Coordinado,Promedio,Are0010,208494400.0,2022,3
2023-10-10,38,2025-04-01,2025-04-30,Autonomo,Promedio,Are0056,42579524.0,2022,3
2023-10-10,38,2025-04-01,2025-04-30,Coordinado,Percentil 95,Are0128,21963210.0,2022,3
2023-10-10,38,2025-04-01,2025-04-30,Autonomo,Percentil 95,Are0012,6473666.5,2022,3
2023-10-10,38,2025-04-01,2025-04-30,Autonomo,Promedio,Are0012,17594970.0,2022,3
2023-10-10,38,2025-04-01,2025-04-30,Coordinado,Percentil 5,Are0012,6066333.5,2022,3
2023-10-09,33,2025-04-01,2025-04-30,Coordinado,Percentil 5,Are0127,775400.0,2022,8
2023-10-09,33,2025-04-01,2025-04-30,Autonomo,Percentil 5,Are0010,137843328.0,2022,8
2023-10-09,33,2025-04-01,2025-04-30,Coordinado,Promedio,Are0056,36860060.0,2022,8
2023-10-09,33,2025-04-01,2025-04-30,Coordinado,Percentil 5,Are0010,132773336.0,2022,8
2023-10-09,33,2025-04-01,2025-04-30,Autonomo,Percentil 5,Are0012,7526666.5,2022,8
2023-10-09,33,2025-04-01,2025-04-30,Autonomo,Promedio,Are0127,2603814.0,2022,8
2023-10-09,33,2025-04-01,2025-04-30,Coordinado,Percentil 95,Are0127,775400.0,2022,8
2023-10-09,33,2025-04-01,2025-04-30,Coordinado,Promedio,Are0002,115619688.0,2022,8
2023-10-09,33,2025-04-01,2025-04-30,Coordinado,Promedio,Are0127,1928352.375,2022,8
2023-10-09,33,2025-04-01,2025-04-30,Coordinado,Percentil 5,Are0128,24075324.0,2022,8
2023-10-09,33,2025-04-01,2025-04-30,Autonomo,Percentil 95,Are0002,65512704.0,2022,8
2023-10-09,33,2025-04-01,2025-04-30,Autonomo,Promedio,Are0002,117471360.0,2022,8
2023-10-09,33,2025-04-01,2025-04-30,Coordinado,Percentil 95,Are0002,65446752.0,2022,8
2023-10-09,33,2025-04-01,2025-04-30,Autonomo,Promedio,Are0128,39890376.0,2022,8
2023-10-09,33,2025-04-01,2025-04-30,Coordinado,Percentil 95,Are0012,6789000.0,2022,8
2023-10-09,33,2025-04-01,2025-04-30,Coordinado,Percentil 5,Are0056,21349034.0,2022,8
2023-10-09,33,2025-04-01,2025-04-30,Coordinado,Percentil 5,Are0002,65446752.0,2022,8
2023-10-09,33,2025-04-01,2025-04-30,Autonomo,Percentil 5,Are0127,998133.3125,2022,8
2023-10-09,33,2025-04-01,2025-04-30,Autonomo,Percentil 5,Are0002,65512704.0,2022,8
2023-10-09,33,2025-04-01,2025-04-30,Autonomo,Percentil 95,Are0127,998133.3125,2022,8
2023-10-09,33,2025-04-01,2025-04-30,Autonomo,Percentil 5,Are0128,26215206.0,2022,8
2023-10-09,33,2025-04-01,2025-04-30,Coordinado,Percentil 95,Are0010,303209984.0,2022,8
2023-10-09,33,2025-04-01,2025-04-30,Coordinado,Percentil 5,Are0012,6789000.0,2022,8
2023-10-09,33,2025-04-01,2025-04-30,Coordinado,Percentil 95,Are0128,24075324.0,2022,8
2023-10-09,33,2025-04-01,2025-04-30,Autonomo,Promedio,Are0010,219964464.0,2022,8
2023-10-09,33,2025-04-01,2025-04-30,Coordinado,Promedio,Are0012,14750137.0,2022,8
2023-10-09,33,2025-04-01,2025-04-30,Coordinado,Percentil 95,Are0056,21349034.0,2022,8
2023-10-09,33,2025-04-01,2025-04-30,Autonomo,Percentil 95,Are0012,7526666.5,2022,8
2023-10-09,33,2025-04-01,2025-04-30,Autonomo,Promedio,Are0012,18589396.0,2022,8
2023-10-09,33,2025-04-01,2025-04-30,Coordinado,Promedio,Are0010,203731072.0,2022,8
2023-10-09,33,2025-04-01,2025-04-30,Autonomo,Percentil 95,Are0056,24111170.0,2022,8
2023-10-09,33,2025-04-01,2025-04-30,Autonomo,Percentil 5,Are0056,24111170.0,2022,8
2023-10-09,33,2025-04-01,2025-04-30,Autonomo,Percentil 95,Are0010,332923328.0,2022,8
2023-10-09,33,2025-04-01,2025-04-30,Autonomo,Promedio,Are0056,41409264.0,2022,8
2023-10-09,33,2025-04-01,2025-04-30,Coordinado,Promedio,Are0128,34572920.0,2022,8
2023-10-09,33,2025-04-01,2025-04-30,Autonomo,Percentil 95,Are0128,26215206.0,2022,8
2023-10-10,20,2025-04-01,2025-04-30,Autonomo,Percentil 5,Are0127,816700.0,2023,9
2023-10-10,20,2025-04-01,2025-04-30,Autonomo,Percentil 5,Are0128,27522364.0,2023,9
2023-10-10,20,2025-04-01,2025-04-30,Autonomo,Percentil 5,Are0012,6601333.5,2023,9
2023-10-10,20,2025-04-01,2025-04-30,Autonomo,Percentil 95,Are0056,27527446.0,2023,9
2023-10-10,20,2025-04-01,2025-04-30,Coordinado,Percentil 95,Are0127,710866.6875,2023,9
2023-10-10,20,2025-04-01,2025-04-30,Autonomo,Promedio,Are0002,112469472.0,2023,9
2023-10-10,20,2025-04-01,2025-04-30,Autonomo,Promedio,Are0056,46349256.0,2023,9
2023-10-10,20,2025-04-01,2025-04-30,Coordinado,Promedio,Are0128,38742844.0,2023,9
2023-10-10,20,2025-04-01,2025-04-30,Autonomo,Promedio,Are0010,216794864.0,2023,9
2023-10-10,20,2025-04-01,2025-04-30,Coordinado,Percentil 5,Are0056,27179460.0,2023,9
2023-10-10,20,2025-04-01,2025-04-30,Coordinado,Percentil 5,Are0128,24403236.0,2023,9
2023-10-10,20,2025-04-01,2025-04-30,Coordinado,Percentil 5,Are0127,710866.6875,2023,9
2023-10-10,20,2025-04-01,2025-04-30,Autonomo,Percentil 5,Are0010,135286672.0,2023,9
2024-07-15,10,2025-04-01,2025-04-30,Autonomo,Percentil 5,Are0010,119213336.0,2024,7
2024-07-15,10,2025-04-01,2025-04-30,Autonomo,Percentil 5,Are0128,24867390.0,2024,7
2024-07-15,10,2025-04-01,2025-04-30,Autonomo,Percentil 5,Are0002,58129572.0,2024,7
2024-07-15,10,2025-04-01,2025-04-30,Autonomo,Promedio,Are0010,217791840.0,2024,7
2024-07-15,10,2025-04-01,2025-04-30,Autonomo,Promedio,Are0128,39564552.0,2024,7
2024-07-15,10,2025-04-01,2025-04-30,Autonomo,Promedio,Are0056,41991860.0,2024,7
2024-07-15,10,2025-04-01,2025-04-30,Autonomo,Promedio,Are0012,16566393.0,2024,7
2024-07-15,10,2025-04-01,2025-04-30,Autonomo,Promedio,Are0002,117520976.0,2024,7
2024-06-16,11,2025-04-01,2025-04-30,Autonomo,Percentil 95,Are0127,616733.3125,2024,6
2024-06-16,11,2025-04-01,2025-04-30,Autonomo,Percentil 95,Are0056,20936044.0,2024,6
2024-06-16,11,2025-04-01,2025-04-30,Autonomo,Percentil 95,Are0012,4659666.5,2024,6
2024-06-16,11,2025-04-01,2025-04-30,Autonomo,Percentil 95,Are0002,47087568.0,2024,6
2024-06-16,11,2025-04-01,2025-04-30,Autonomo,Percentil 5,Are0127,616733.3125,2024,6
2024-06-16,11,2025-04-01,2025-04-30,Autonomo,Percentil 95,Are0010,396266656.0,2024,6
2024-06-16,11,2025-04-01,2025-04-30,Autonomo,Percentil 95,Are0128,21530446.0,2024,6
2024-06-16,11,2025-04-01,2025-04-30,Autonomo,Percentil 5,Are0056,20936044.0,2024,6
2024-06-16,11,2025-04-01,2025-04-30,Autonomo,Percentil 5,Are0012,4659666.5,2024,6
2024-06-16,11,2025-04-01,2025-04-30,Autonomo,Promedio,Are0127,2270722.0,2024,6
2024-06-16,11,2025-04-01,2025-04-30,Autonomo,Percentil 5,Are0010,103920000.0,2024,6
2024-06-16,11,2025-04-01,2025-04-30,Autonomo,Percentil 5,Are0128,21530446.0,2024,6
2024-06-16,11,2025-04-01,2025-04-30,Autonomo,Percentil 5,Are0002,47087568.0,2024,6
2024-06-16,11,2025-04-01,2025-04-30,Autonomo,Promedio,Are0010,212458560.0,2024,6
2024-06-16,11,2025-04-01,2025-04-30,Autonomo,Promedio,Are0128,39864980.0,2024,6
2024-06-16,11,2025-04-01,2025-04-30,Autonomo,Promedio,Are0056,43905480.0,2024,6
2024-06-16,11,2025-04-01,2025-04-30,Autonomo,Promedio,Are0012,15370857.0,2024,6
2024-06-16,11,2025-04-01,2025-04-30,Autonomo,Promedio,Are0002,111046160.0,2024,6
2024-02-15,15,2025-04-01,2025-04-30,Autonomo,Percentil 95,Are0127,616900.0,2024,2
2024-02-15,15,2025-04-01,2025-04-30,Autonomo,Percentil 5,Are0127,616900.0,2024,2
2024-02-15,15,2025-04-01,2025-04-30,Autonomo,Promedio,Are0127,2373803.0,2024,2
2024-02-15,15,2025-04-01,2025-04-30,Autonomo,Percentil 95,Are0010,396833344.0,2024,2
2024-02-15,15,2025-04-01,2025-04-30,Autonomo,Percentil 5,Are0010,104833336.0,2024,2
2024-02-15,15,2025-04-01,2025-04-30,Autonomo,Promedio,Are0010,212718928.0,2024,2
2024-02-15,15,2025-04-01,2025-04-30,Autonomo,Percentil 95,Are0128,20904484.0,2024,2
2024-02-15,15,2025-04-01,2025-04-30,Autonomo,Percentil 5,Are0128,20904484.0,2024,2
2024-02-15,15,2025-04-01,2025-04-30,Autonomo,Promedio,Are0128,39153572.0,2024,2
2024-02-15,15,2025-04-01,2025-04-30,Autonomo,Percentil 95,Are0056,22198954.0,2024,2
2024-02-15,15,2025-04-01,2025-04-30,Autonomo,Percentil 5,Are0056,22198954.0,2024,2
2024-02-15,15,2025-04-01,2025-04-30,Autonomo,Promedio,Are0056,42950588.0,2024,2
2024-02-15,15,2025-04-01,2025-04-30,Autonomo,Percentil 95,Are0012,6169333.5,2024,2
2024-02-15,15,2025-04-01,2025-04-30,Autonomo,Percentil 5,Are0012,6169333.5,2024,2
2024-02-15,15,2025-04-01,2025-04-30,Autonomo,Promedio,Are0012,15777200.0,2024,2
2024-02-15,15,2025-04-01,2025-04-30,Autonomo,Percentil 95,Are0002,47766308.0,2024,2
2024-02-15,15,2025-04-01,2025-04-30,Autonomo,Percentil 5,Are0002,47766308.0,2024,2
2024-02-15,15,2025-04-01,2025-04-30,Autonomo,Promedio,Are0002,112464096.0,2024,2
2024-11-15,6,2025-04-01,2025-04-30,Autonomo,Percentil 95,Are0127,673600.0,2024,11
2024-11-15,6,2025-04-01,2025-04-30,Autonomo,Percentil 5,Are0127,673600.0,2024,11
2024-11-15,6,2025-04-01,2025-04-30,Autonomo,Promedio,Are0127,2663030.75,2024,11
2024-11-15,6,2025-04-01,2025-04-30,Autonomo,Percentil 95,Are0010,345466656.0,2024,11
2024-11-15,6,2025-04-01,2025-04-30,Autonomo,Percentil 5,Are0010,108293336.0,2024,11
2024-11-15,6,2025-04-01,2025-04-30,Autonomo,Promedio,Are0010,194416464.0,2024,11
2024-11-15,6,2025-04-01,2025-04-30,Autonomo,Percentil 95,Are0128,23834184.0,2024,11
2024-11-15,6,2025-04-01,2025-04-30,Autonomo,Percentil 5,Are0128,23834184.0,2024,11
2024-11-15,6,2025-04-01,2025-04-30,Autonomo,Promedio,Are0128,38423312.0,2024,11
2024-11-15,6,2025-04-01,2025-04-30,Autonomo,Percentil 95,Are0056,19103890.0,2024,11
2024-11-15,6,2025-04-01,2025-04-30,Autonomo,Percentil 5,Are0056,19103890.0,2024,11
2024-11-15,6,2025-04-01,2025-04-30,Autonomo,Promedio,Are0056,41603976.0,2024,11
2024-11-15,6,2025-04-01,2025-04-30,Autonomo,Percentil 95,Are0012,4412666.5,2024,11
2024-11-15,6,2025-04-01,2025-04-30,Autonomo,Percentil 5,Are0012,4412666.5,2024,11
2024-11-15,6,2025-04-01,2025-04-30,Autonomo,Promedio,Are0012,15123137.0,2024,11
2024-11-15,6,2025-04-01,2025-04-30,Autonomo,Percentil 95,Are0002,39772600.0,2024,11
2024-11-15,6,2025-04-01,2025-04-30,Autonomo,Percentil 5,Are0002,39772600.0,2024,11
2024-11-15,6,2025-04-01,2025-04-30,Autonomo,Promedio,Are0002,96602816.0,2024,11
2024-05-16,12,2025-04-01,2025-04-30,Autonomo,Percentil 95,Are0127,776733.3125,2024,5
2024-05-16,12,2025-04-01,2025-04-30,Autonomo,Percentil 5,Are0127,776733.3125,2024,5
2024-05-16,12,2025-04-01,2025-04-30,Autonomo,Promedio,Are0127,2274228.75,2024,5
2024-05-16,12,2025-04-01,2025-04-30,Autonomo,Percentil 95,Are0010,415200000.0,2024,5
2024-05-16,12,2025-04-01,2025-04-30,Autonomo,Percentil 5,Are0010,89760000.0,2024,5
2024-05-16,12,2025-04-01,2025-04-30,Autonomo,Promedio,Are0010,208486640.0,2024,5
2024-05-16,12,2025-04-01,2025-04-30,Autonomo,Percentil 95,Are0128,17840344.0,2024,5
2024-05-16,12,2025-04-01,2025-04-30,Autonomo,Percentil 5,Are0128,17840344.0,2024,5
2024-05-16,12,2025-04-01,2025-04-30,Autonomo,Promedio,Are0128,38844852.0,2024,5
2023-10-09,30,2025-04-01,2025-04-30,Autonomo,Percentil 95,Are0010,320306656.0,2022,11
2023-10-09,30,2025-04-01,2025-04-30,Coordinado,Percentil 95,Are0010,313750016.0,2022,11
2023-10-09,30,2025-04-01,2025-04-30,Coordinado,Percentil 5,Are0012,7233000.0,2022,11
2023-10-09,30,2025-04-01,2025-04-30,Autonomo,Percentil 5,Are0012,7432666.5,2022,11
2023-10-09,30,2025-04-01,2025-04-30,Coordinado,Promedio,Are0012,15458047.0,2022,11
2023-10-09,30,2025-04-01,2025-04-30,Coordinado,Promedio,Are0056,39792600.0,2022,11
2023-10-09,30,2025-04-01,2025-04-30,Coordinado,Percentil 5,Are0010,137160000.0,2022,11
2023-10-09,30,2025-04-01,2025-04-30,Coordinado,Percentil 95,Are0002,67253224.0,2022,11
2023-10-09,30,2025-04-01,2025-04-30,Autonomo,Promedio,Are0128,38034324.0,2022,11
2023-10-09,30,2025-04-01,2025-04-30,Coordinado,Percentil 95,Are0127,787833.3125,2022,11
2023-10-09,30,2025-04-01,2025-04-30,Autonomo,Percentil 95,Are0127,853533.3125,2022,11
2023-10-09,30,2025-04-01,2025-04-30,Coordinado,Promedio,Are0002,116513424.0,2022,11
2023-10-09,30,2025-04-01,2025-04-30,Autonomo,Percentil 95,Are0012,7432666.5,2022,11
2023-10-09,30,2025-04-01,2025-04-30,Autonomo,Percentil 95,Are0002,68106720.0,2022,11
2023-10-09,30,2025-04-01,2025-04-30,Coordinado,Percentil 95,Are0128,24534290.0,2022,11
2023-10-09,30,2025-04-01,2025-04-30,Autonomo,Percentil 5,Are0056,28632156.0,2022,11
2023-10-09,30,2025-04-01,2025-04-30,Autonomo,Promedio,Are0012,17539600.0,2022,11
2023-10-09,30,2025-04-01,2025-04-30,Coordinado,Percentil 5,Are0127,787833.3125,2022,11
2023-10-09,30,2025-04-01,2025-04-30,Coordinado,Percentil 95,Are0056,26832490.0,2022,11
2023-10-09,30,2025-04-01,2025-04-30,Autonomo,Percentil 5,Are0128,27081244.0,2022,11
2023-10-09,30,2025-04-01,2025-04-30,Coordinado,Percentil 5,Are0056,26832490.0,2022,11
2023-10-09,30,2025-04-01,2025-04-30,Coordinado,Promedio,Are0128,34238320.0,2022,11
2023-10-09,30,2025-04-01,2025-04-30,Coordinado,Promedio,Are0010,207977040.0,2022,11
2023-10-09,30,2025-04-01,2025-04-30,Coordinado,Percentil 5,Are0002,67253224.0,2022,11
2023-10-09,30,2025-04-01,2025-04-30,Coordinado,Promedio,Are0127,1974677.375,2022,11
2024-03-20,14,2025-04-01,2025-04-30,Autonomo,Percentil 95,Are0127,655933.3125,2024,3
2024-03-20,14,2025-04-01,2025-04-30,Autonomo,Percentil 5,Are0127,655933.3125,2024,3
2024-03-20,14,2025-04-01,2025-04-30,Autonomo,Promedio,Are0127,2407247.75,2024,3
2024-03-20,14,2025-04-01,2025-04-30,Autonomo,Percentil 95,Are0010,398133344.0,2024,3
2024-03-20,14,2025-04-01,2025-04-30,Autonomo,Percentil 5,Are0010,104753336.0,2024,3
2024-03-20,14,2025-04-01,2025-04-30,Autonomo,Promedio,Are0010,212698736.0,2024,3
2024-03-20,14,2025-04-01,2025-04-30,Autonomo,Percentil 95,Are0128,20680084.0,2024,3
2024-03-20,14,2025-04-01,2025-04-30,Autonomo,Percentil 5,Are0128,20680084.0,2024,3
2024-03-20,14,2025-04-01,2025-04-30,Autonomo,Promedio,Are0128,39111492.0,2024,3
2024-03-20,14,2025-04-01,2025-04-30,Autonomo,Percentil 95,Are0056,22185184.0,2024,3
2024-03-20,14,2025-04-01,2025-04-30,Autonomo,Percentil 5,Are0056,22185184.0,2024,3
2024-03-20,14,2025-04-01,2025-04-30,Autonomo,Promedio,Are0056,42980172.0,2024,3
2024-03-20,14,2025-04-01,2025-04-30,Autonomo,Percentil 95,Are0012,6662333.5,2024,3
2024-03-20,14,2025-04-01,2025-04-30,Autonomo,Percentil 5,Are0012,6662333.5,2024,3
2024-03-20,14,2025-04-01,2025-04-30,Autonomo,Promedio,Are0012,15663977.0,2024,3
2024-03-20,14,2025-04-01,2025-04-30,Autonomo,Percentil 95,Are0002,47698352.0,2024,3
2024-03-20,14,2025-04-01,2025-04-30,Autonomo,Percentil 5,Are0002,47698352.0,2024,3
2024-03-20,14,2025-04-01,2025-04-30,Autonomo,Promedio,Are0002,112535760.0,2024,3
2024-09-15,8,2025-04-01,2025-04-30,Autonomo,Percentil 95,Are0127,668400.0,2024,9
2024-09-15,8,2025-04-01,2025-04-30,Autonomo,Percentil 95,Are0056,17242234.0,2024,9
2024-09-15,8,2025-04-01,2025-04-30,Autonomo,Percentil 95,Are0012,3507666.75,2024,9
2024-09-15,8,2025-04-01,2025-04-30,Autonomo,Percentil 95,Are0002,40329748.0,2024,9
2024-09-15,8,2025-04-01,2025-04-30,Autonomo,Percentil 5,Are0127,668400.0,2024,9
2024-09-15,8,2025-04-01,2025-04-30,Autonomo,Percentil 95,Are0010,413666656.0,2024,9
2024-09-15,8,2025-04-01,2025-04-30,Autonomo,Percentil 95,Are0128,20559074.0,2024,9
2024-09-15,8,2025-04-01,2025-04-30,Autonomo,Percentil 5,Are0056,17242234.0,2024,9
2024-09-15,8,2025-04-01,2025-04-30,Autonomo,Percentil 5,Are0012,3507666.75,2024,9
2024-09-15,8,2025-04-01,2025-04-30,Autonomo,Promedio,Are0127,2265468.0,2024,9
2024-09-15,8,2025-04-01,2025-04-30,Autonomo,Percentil 5,Are0010,96870000.0,2024,9
2024-09-15,8,2025-04-01,2025-04-30,Autonomo,Percentil 5,Are0128,20559074.0,2024,9
2024-09-15,8,2025-04-01,2025-04-30,Autonomo,Percentil 5,Are0002,40329748.0,2024,9
2024-09-15,8,2025-04-01,2025-04-30,Autonomo,Promedio,Are0010,208218832.0,2024,9
2024-09-15,8,2025-04-01,2025-04-30,Autonomo,Promedio,Are0128,39251096.0,2024,9
2024-09-15,8,2025-04-01,2025-04-30,Autonomo,Promedio,Are0056,43990620.0,2024,9
2024-09-15,8,2025-04-01,2025-04-30,Autonomo,Promedio,Are0012,14482570.0,2024,9
2024-09-15,8,2025-04-01,2025-04-30,Autonomo,Promedio,Are0002,108228872.0,2024,9
2024-07-15,10,2025-04-01,2025-04-30,Autonomo,Percentil 95,Are0127,653033.3125,2024,7
2024-07-15,10,2025-04-01,2025-04-30,Autonomo,Percentil 95,Are0056,22826260.0,2024,7
2024-07-15,10,2025-04-01,2025-04-30,Autonomo,Percentil 95,Are0012,3729000.0,2024,7
2024-07-15,10,2025-04-01,2025-04-30,Autonomo,Percentil 95,Are0002,58129572.0,2024,7
2024-07-15,10,2025-04-01,2025-04-30,Autonomo,Percentil 5,Are0127,653033.3125,2024,7
2024-07-15,10,2025-04-01,2025-04-30,Autonomo,Percentil 95,Are0010,391533344.0,2024,7
2024-07-15,10,2025-04-01,2025-04-30,Autonomo,Percentil 95,Are0128,24867390.0,2024,7
2024-07-15,10,2025-04-01,2025-04-30,Autonomo,Percentil 5,Are0056,22826260.0,2024,7
2024-07-15,10,2025-04-01,2025-04-30,Autonomo,Percentil 5,Are0012,3729000.0,2024,7
2024-07-15,10,2025-04-01,2025-04-30,Autonomo,Promedio,Are0127,2148043.0,2024,7
2023-10-09,34,2025-04-01,2025-04-30,Coordinado,Promedio,Are0056,38729008.0,2022,7
2023-10-09,34,2025-04-01,2025-04-30,Coordinado,Percentil 95,Are0002,65280244.0,2022,7
2023-10-09,34,2025-04-01,2025-04-30,Coordinado,Percentil 5,Are0012,6251333.5,2022,7
2023-10-09,34,2025-04-01,2025-04-30,Coordinado,Promedio,Are0128,35915056.0,2022,7
2023-10-09,34,2025-04-01,2025-04-30,Autonomo,Percentil 5,Are0127,982000.0,2022,7
2023-10-09,34,2025-04-01,2025-04-30,Autonomo,Promedio,Are0127,2762523.75,2022,7
2023-10-09,34,2025-04-01,2025-04-30,Coordinado,Promedio,Are0127,1997819.375,2022,7
2023-10-09,34,2025-04-01,2025-04-30,Coordinado,Percentil 95,Are0056,24747426.0,2022,7
2023-10-09,34,2025-04-01,2025-04-30,Coordinado,Promedio,Are0002,120619400.0,2022,7
2023-10-09,34,2025-04-01,2025-04-30,Autonomo,Percentil 95,Are0127,982000.0,2022,7
2023-10-09,34,2025-04-01,2025-04-30,Coordinado,Promedio,Are0010,212550896.0,2022,7
2023-10-09,34,2025-04-01,2025-04-30,Autonomo,Promedio,Are0012,18907590.0,2022,7
2023-10-09,34,2025-04-01,2025-04-30,Coordinado,Percentil 5,Are0002,65280244.0,2022,7
2023-10-09,34,2025-04-01,2025-04-30,Autonomo,Percentil 95,Are0012,7484666.5,2022,7
2023-10-09,34,2025-04-01,2025-04-30,Autonomo,Percentil 95,Are0128,26866426.0,2022,7
2023-10-09,34,2025-04-01,2025-04-30,Coordinado,Percentil 5,Are0056,24747426.0,2022,7
2023-10-09,34,2025-04-01,2025-04-30,Autonomo,Percentil 95,Are0056,27628510.0,2022,7
2023-10-09,34,2025-04-01,2025-04-30,Autonomo,Percentil 5,Are0056,27628510.0,2022,7
2023-10-09,34,2025-04-01,2025-04-30,Autonomo,Percentil 5,Are0128,26866426.0,2022,7
2023-10-09,40,2025-04-01,2025-04-30,Autonomo,Promedio,Are0128,37962028.0,2022,1
2023-10-09,40,2025-04-01,2025-04-30,Coordinado,Percentil 95,Are0127,731833.3125,2022,1
2023-10-09,40,2025-04-01,2025-04-30,Coordinado,Percentil 5,Are0010,122336664.0,2022,1
2023-10-09,40,2025-04-01,2025-04-30,Autonomo,Percentil 5,Are0056,23249748.0,2022,1
2023-10-09,40,2025-04-01,2025-04-30,Coordinado,Percentil 5,Are0012,5366666.5,2022,1
2023-10-09,40,2025-04-01,2025-04-30,Coordinado,Promedio,Are0002,111533120.0,2022,1
2023-10-09,40,2025-04-01,2025-04-30,Coordinado,Percentil 95,Are0056,20534510.0,2022,1
2023-10-09,40,2025-04-01,2025-04-30,Coordinado,Promedio,Are0127,1950051.0,2022,1
2023-10-09,40,2025-04-01,2025-04-30,Coordinado,Promedio,Are0128,34316136.0,2022,1
2023-10-09,40,2025-04-01,2025-04-30,Autonomo,Percentil 5,Are0012,5054000.0,2022,1
2023-10-09,40,2025-04-01,2025-04-30,Autonomo,Promedio,Are0002,112788712.0,2022,1
2023-10-09,40,2025-04-01,2025-04-30,Autonomo,Percentil 95,Are0128,25404764.0,2022,1
2023-10-09,40,2025-04-01,2025-04-30,Coordinado,Percentil 5,Are0127,731833.3125,2022,1
2023-10-09,40,2025-04-01,2025-04-30,Coordinado,Promedio,Are0010,203916736.0,2022,1
2023-10-09,40,2025-04-01,2025-04-30,Autonomo,Percentil 95,Are0012,5054000.0,2022,1
2023-10-09,40,2025-04-01,2025-04-30,Autonomo,Percentil 95,Are0127,950500.0,2022,1
2023-10-09,40,2025-04-01,2025-04-30,Autonomo,Percentil 5,Are0127,950500.0,2022,1
2023-10-09,40,2025-04-01,2025-04-30,Coordinado,Percentil 5,Are0002,60368652.0,2022,1
2023-10-09,40,2025-04-01,2025-04-30,Coordinado,Promedio,Are0012,15875473.0,2022,1
2023-10-09,40,2025-04-01,2025-04-30,Coordinado,Percentil 95,Are0010,302569984.0,2022,1
2023-10-09,40,2025-04-01,2025-04-30,Autonomo,Percentil 95,Are0056,23249748.0,2022,1
2023-10-09,40,2025-04-01,2025-04-30,Autonomo,Percentil 95,Are0002,60621252.0,2022,1
2023-10-09,40,2025-04-01,2025-04-30,Coordinado,Promedio,Are0056,40241804.0,2022,1
2023-10-09,40,2025-04-01,2025-04-30,Autonomo,Percentil 5,Are0010,125460000.0,2022,1
2023-10-09,40,2025-04-01,2025-04-30,Coordinado,Percentil 5,Are0056,20534510.0,2022,1
2023-10-09,40,2025-04-01,2025-04-30,Autonomo,Promedio,Are0127,2359869.25,2022,1
2023-10-09,40,2025-04-01,2025-04-30,Autonomo,Promedio,Are0010,215264560.0,2022,1
2023-10-09,40,2025-04-01,2025-04-30,Coordinado,Percentil 5,Are0128,22628044.0,2022,1
2023-10-09,40,2025-04-01,2025-04-30,Coordinado,Percentil 95,Are0002,60368652.0,2022,1
2023-10-09,40,2025-04-01,2025-04-30,Autonomo,Percentil 5,Are0002,60621252.0,2022,1
2023-10-09,40,2025-04-01,2025-04-30,Autonomo,Promedio,Are0056,44165740.0,2022,1
2023-10-09,40,2025-04-01,2025-04-30,Autonomo,Percentil 95,Are0010,317233344.0,2022,1
2023-10-09,40,2025-04-01,2025-04-30,Coordinado,Percentil 95,Are0128,22628044.0,2022,1
2023-10-09,40,2025-04-01,2025-04-30,Autonomo,Promedio,Are0012,17988526.0,2022,1
2023-10-09,40,2025-04-01,2025-04-30,Autonomo,Percentil 5,Are0128,25404764.0,2022,1
2023-10-09,40,2025-04-01,2025-04-30,Coordinado,Percentil 95,Are0012,5366666.5,2022,1
2023-10-10,28,2025-04-01,2025-04-30,Coordinado,Percentil 95,Are0056,24560236.0,2023,1
2023-10-10,28,2025-04-01,2025-04-30,Autonomo,Percentil 95,Are0128,25168620.0,2023,1
2023-10-10,28,2025-04-01,2025-04-30,Coordinado,Percentil 95,Are0010,320526656.0,2023,1
2023-10-10,28,2025-04-01,2025-04-30,Autonomo,Percentil 95,Are0010,323623328.0,2023,1
2023-10-10,28,2025-04-01,2025-04-30,Autonomo,Promedio,Are0128,37479436.0,2023,1
2023-10-10,28,2025-04-01,2025-04-30,Autonomo,Percentil 5,Are0002,68749920.0,2023,1
2023-10-10,28,2025-04-01,2025-04-30,Autonomo,Percentil 95,Are0056,26820406.0,2023,1
2023-10-10,28,2025-04-01,2025-04-30,Coordinado,Percentil 5,Are0056,24560236.0,2023,1
2023-10-10,28,2025-04-01,2025-04-30,Autonomo,Promedio,Are0002,118079016.0,2023,1
2023-10-10,28,2025-04-01,2025-04-30,Autonomo,Percentil 5,Are0010,136733328.0,2023,1
2023-10-10,28,2025-04-01,2025-04-30,Autonomo,Percentil 5,Are0128,25168620.0,2023,1
2023-10-10,28,2025-04-01,2025-04-30,Coordinado,Percentil 95,Are0127,767966.6875,2023,1
2023-10-10,28,2025-04-01,2025-04-30,Coordinado,Percentil 5,Are0127,767966.6875,2023,1
2023-10-10,28,2025-04-01,2025-04-30,Coordinado,Percentil 5,Are0010,137990000.0,2023,1
2023-10-10,28,2025-04-01,2025-04-30,Autonomo,Percentil 5,Are0056,26820406.0,2023,1
2023-10-10,28,2025-04-01,2025-04-30,Autonomo,Percentil 95,Are0127,813533.3125,2023,1
2025-04-15,1,2025-04-01,2025-04-30,Autonomo,Percentil 95,Are0127,1075733.375,2025,4
2025-04-15,1,2025-04-01,2025-04-30,Autonomo,Percentil 5,Are0127,1075733.375,2025,4
2025-04-15,1,2025-04-01,2025-04-30,Autonomo,Promedio,Are0127,3067795.75,2025,4
2025-04-15,1,2025-04-01,2025-04-30,Autonomo,Percentil 95,Are0010,380066656.0,2025,4
2025-04-15,1,2025-04-01,2025-04-30,Autonomo,Percentil 5,Are0010,151390000.0,2025,4
2025-04-15,1,2025-04-01,2025-04-30,Autonomo,Promedio,Are0010,248639232.0,2025,4
2025-04-15,1,2025-04-01,2025-04-30,Autonomo,Percentil 95,Are0012,7846666.5,2025,4
2025-04-15,1,2025-04-01,2025-04-30,Autonomo,Percentil 5,Are0012,7846666.5,2025,4
2025-04-15,1,2025-04-01,2025-04-30,Autonomo,Promedio,Are0012,19168094.0,2025,4
2025-04-15,1,2025-04-01,2025-04-30,Autonomo,Percentil 95,Are0002,71905504.0,2025,4
2025-04-15,1,2025-04-01,2025-04-30,Autonomo,Percentil 5,Are0002,71905504.0,2025,4
2025-04-15,1,2025-04-01,2025-04-30,Autonomo,Promedio,Are0002,124095232.0,2025,4
2025-04-15,1,2025-04-01,2025-04-30,Autonomo,Percentil 95,Are0128,27087900.0,2025,4
2025-04-15,1,2025-04-01,2025-04-30,Autonomo,Percentil 5,Are0128,27087900.0,2025,4
2025-04-15,1,2025-04-01,2025-04-30,Autonomo,Promedio,Are0128,44697088.0,2025,4
2025-04-15,1,2025-04-01,2025-04-30,Autonomo,Percentil 95,Are0056,29423840.0,2025,4
2025-04-15,1,2025-04-01,2025-04-30,Autonomo,Percentil 5,Are0056,29423840.0,2025,4
2025-04-15,1,2025-04-01,2025-04-30,Autonomo,Promedio,Are0056,57611156.0,2025,4
2024-04-15,13,2025-04-01,2025-04-30,Autonomo,Percentil 95,Are0127,717633.3125,2024,4
2024-04-15,13,2025-04-01,2025-04-30,Autonomo,Percentil 5,Are0127,717633.3125,2024,4
2024-04-15,13,2025-04-01,2025-04-30,Autonomo,Promedio,Are0127,2308078.0,2024,4
2024-04-15,13,2025-04-01,2025-04-30,Autonomo,Percentil 95,Are0010,421766656.0,2024,4
2024-04-15,13,2025-04-01,2025-04-30,Autonomo,Percentil 5,Are0010,94146664.0,2024,4
2024-04-15,13,2025-04-01,2025-04-30,Autonomo,Promedio,Are0010,212225568.0,2024,4
2024-04-15,13,2025-04-01,2025-04-30,Autonomo,Percentil 95,Are0128,18565960.0,2024,4
2024-04-15,13,2025-04-01,2025-04-30,Autonomo,Percentil 5,Are0128,18565960.0,2024,4
2024-04-15,13,2025-04-01,2025-04-30,Autonomo,Promedio,Are0128,39421860.0,2024,4
2024-04-15,13,2025-04-01,2025-04-30,Autonomo,Percentil 95,Are0056,22240590.0,2024,4
2024-04-15,13,2025-04-01,2025-04-30,Autonomo,Percentil 5,Are0056,22240590.0,2024,4
2024-04-15,13,2025-04-01,2025-04-30,Autonomo,Promedio,Are0056,45190000.0,2024,4
2024-04-15,13,2025-04-01,2025-04-30,Autonomo,Percentil 95,Are0012,4617666.5,2024,4
2024-04-15,13,2025-04-01,2025-04-30,Autonomo,Percentil 5,Are0012,4617666.5,2024,4
2024-04-15,13,2025-04-01,2025-04-30,Autonomo,Promedio,Are0012,16164137.0,2024,4
2024-04-15,13,2025-04-01,2025-04-30,Autonomo,Percentil 95,Are0002,42966840.0,2024,4
2024-04-15,13,2025-04-01,2025-04-30,Autonomo,Percentil 5,Are0002,42966840.0,2024,4
2024-04-15,13,2025-04-01,2025-04-30,Autonomo,Promedio,Are0002,109141216.0,2024,4
2025-01-23,4,2025-04-01,2025-04-30,Autonomo,Percentil 95,Are0127,697066.6875,2025,1
2025-01-23,4,2025-04-01,2025-04-30,Autonomo,Percentil 5,Are0127,697066.6875,2025,1
2025-01-23,4,2025-04-01,2025-04-30,Autonomo,Promedio,Are0127,2665046.75,2025,1
2025-01-23,4,2025-04-01,2025-04-30,Autonomo,Percentil 95,Are0010,362766656.0,2025,1
2025-01-23,4,2025-04-01,2025-04-30,Autonomo,Percentil 5,Are0010,91410000.0,2025,1
2025-01-23,4,2025-04-01,2025-04-30,Autonomo,Promedio,Are0010,181316704.0,2025,1
2025-01-23,4,2025-04-01,2025-04-30,Autonomo,Percentil 95,Are0128,20758054.0,2025,1
2025-01-23,4,2025-04-01,2025-04-30,Autonomo,Percentil 5,Are0128,20758054.0,2025,1
2025-01-23,4,2025-04-01,2025-04-30,Autonomo,Promedio,Are0128,37085072.0,2025,1
2025-01-23,4,2025-04-01,2025-04-30,Autonomo,Percentil 95,Are0056,19839796.0,2025,1
2025-01-23,4,2025-04-01,2025-04-30,Autonomo,Percentil 5,Are0056,19839796.0,2025,1
2025-01-23,4,2025-04-01,2025-04-30,Autonomo,Promedio,Are0056,39940148.0,2025,1
2025-01-23,4,2025-04-01,2025-04-30,Autonomo,Percentil 95,Are0012,3707333.25,2025,1
2025-01-23,4,2025-04-01,2025-04-30,Autonomo,Percentil 5,Are0012,3707333.25,2025,1
2025-01-23,4,2025-04-01,2025-04-30,Autonomo,Promedio,Are0012,13165507.0,2025,1
2025-01-23,4,2025-04-01,2025-04-30,Autonomo,Percentil 95,Are0002,41929860.0,2025,1
2025-01-23,4,2025-04-01,2025-04-30,Autonomo,Percentil 5,Are0002,41929860.0,2025,1
2025-01-23,4,2025-04-01,2025-04-30,Autonomo,Promedio,Are0002,88460760.0,2025,1
2023-10-09,34,2025-04-01,2025-04-30,Coordinado,Percentil 95,Are0127,692733.3125,2022,7
2023-10-09,34,2025-04-01,2025-04-30,Autonomo,Percentil 5,Are0010,140833328.0,2022,7
2023-10-09,34,2025-04-01,2025-04-30,Autonomo,Promedio,Are0010,227811392.0,2022,7
2023-10-09,34,2025-04-01,2025-04-30,Coordinado,Percentil 95,Are0128,23051586.0,2022,7
2023-10-09,34,2025-04-01,2025-04-30,Coordinado,Percentil 95,Are0010,310806656.0,2022,7
2023-10-09,34,2025-04-01,2025-04-30,Coordinado,Percentil 95,Are0012,6251333.5,2022,7
2023-10-09,34,2025-04-01,2025-04-30,Autonomo,Percentil 95,Are0010,331376672.0,2022,7
2023-10-09,34,2025-04-01,2025-04-30,Autonomo,Percentil 5,Are0012,7484666.5,2022,7
2023-10-09,34,2025-04-01,2025-04-30,Autonomo,Promedio,Are0128,40912064.0,2022,7
2023-10-09,34,2025-04-01,2025-04-30,Autonomo,Percentil 95,Are0002,65417244.0,2022,7
2023-10-09,34,2025-04-01,2025-04-30,Autonomo,Percentil 5,Are0002,65417244.0,2022,7
2023-10-09,34,2025-04-01,2025-04-30,Coordinado,Percentil 5,Are0127,692733.3125,2022,7
2023-10-09,34,2025-04-01,2025-04-30,Coordinado,Percentil 5,Are0010,131393336.0,2022,7
2023-10-09,34,2025-04-01,2025-04-30,Autonomo,Promedio,Are0056,42771976.0,2022,7
2023-10-09,34,2025-04-01,2025-04-30,Coordinado,Promedio,Are0012,15289777.0,2022,7
2023-10-09,34,2025-04-01,2025-04-30,Autonomo,Promedio,Are0002,122457224.0,2022,7
2023-10-09,34,2025-04-01,2025-04-30,Coordinado,Percentil 5,Are0128,23051586.0,2022,7
2023-10-09,31,2025-04-01,2025-04-30,Coordinado,Promedio,Are0128,35441668.0,2022,10
2023-10-09,31,2025-04-01,2025-04-30,Coordinado,Percentil 5,Are0010,144946672.0,2022,10
2023-10-09,31,2025-04-01,2025-04-30,Autonomo,Promedio,Are0002,120760912.0,2022,10
2023-10-09,31,2025-04-01,2025-04-30,Autonomo,Percentil 5,Are0010,152470000.0,2022,10
2023-10-09,31,2025-04-01,2025-04-30,Autonomo,Percentil 5,Are0127,735500.0,2022,10
2023-10-09,31,2025-04-01,2025-04-30,Autonomo,Promedio,Are0127,2436901.75,2022,10
2023-10-09,31,2025-04-01,2025-04-30,Autonomo,Promedio,Are0128,39942100.0,2022,10
2023-10-09,31,2025-04-01,2025-04-30,Coordinado,Percentil 95,Are0056,25825874.0,2022,10
2023-10-09,31,2025-04-01,2025-04-30,Autonomo,Percentil 95,Are0128,27542614.0,2022,10
2023-10-09,31,2025-04-01,2025-04-30,Autonomo,Percentil 95,Are0010,330663328.0,2022,10
2023-10-09,31,2025-04-01,2025-04-30,Coordinado,Promedio,Are0010,212364192.0,2022,10
2023-10-09,31,2025-04-01,2025-04-30,Autonomo,Percentil 95,Are0002,71751080.0,2022,10
2023-10-09,31,2025-04-01,2025-04-30,Coordinado,Percentil 5,Are0012,7262333.5,2022,10
2023-10-09,31,2025-04-01,2025-04-30,Autonomo,Percentil 95,Are0056,26598800.0,2022,10
2023-10-09,31,2025-04-01,2025-04-30,Autonomo,Percentil 95,Are0127,735500.0,2022,10
2023-10-09,31,2025-04-01,2025-04-30,Coordinado,Percentil 95,Are0012,7262333.5,2022,10
2023-10-09,31,2025-04-01,2025-04-30,Coordinado,Promedio,Are0056,40909156.0,2022,10
2023-10-09,31,2025-04-01,2025-04-30,Autonomo,Percentil 5,Are0056,26598800.0,2022,10
2023-10-09,31,2025-04-01,2025-04-30,Coordinado,Percentil 5,Are0127,642866.6875,2022,10
2023-10-09,31,2025-04-01,2025-04-30,Coordinado,Percentil 95,Are0128,24270420.0,2022,10
2023-10-09,31,2025-04-01,2025-04-30,Autonomo,Promedio,Are0010,226159072.0,2022,10
2023-10-10,21,2025-04-01,2025-04-30,Autonomo,Percentil 95,Are0012,7288333.5,2023,8
2023-10-10,21,2025-04-01,2025-04-30,Autonomo,Percentil 95,Are0010,338100000.0,2023,8
2023-10-10,21,2025-04-01,2025-04-30,Autonomo,Promedio,Are0002,118716768.0,2023,8
2023-10-10,21,2025-04-01,2025-04-30,Coordinado,Promedio,Are0128,38431452.0,2023,8
2023-10-10,21,2025-04-01,2025-04-30,Autonomo,Percentil 5,Are0127,925833.3125,2023,8
2023-10-10,21,2025-04-01,2025-04-30,Autonomo,Percentil 5,Are0056,26819570.0,2023,8
2023-10-10,21,2025-04-01,2025-04-30,Coordinado,Promedio,Are0127,2466799.75,2023,8
2023-10-10,21,2025-04-01,2025-04-30,Autonomo,Promedio,Are0127,2572167.25,2023,8
2023-10-10,21,2025-04-01,2025-04-30,Coordinado,Promedio,Are0002,118418944.0,2023,8
2023-10-10,21,2025-04-01,2025-04-30,Coordinado,Percentil 95,Are0128,23497440.0,2023,8
2023-10-10,21,2025-04-01,2025-04-30,Autonomo,Percentil 95,Are0128,24585616.0,2023,8
2023-10-10,21,2025-04-01,2025-04-30,Autonomo,Percentil 5,Are0128,24585616.0,2023,8
2023-10-10,21,2025-04-01,2025-04-30,Autonomo,Percentil 95,Are0002,65733488.0,2023,8
2023-10-10,21,2025-04-01,2025-04-30,Coordinado,Percentil 95,Are0002,65652052.0,2023,8
2023-10-10,21,2025-04-01,2025-04-30,Coordinado,Promedio,Are0010,222105408.0,2023,8
2023-10-10,21,2025-04-01,2025-04-30,Coordinado,Percentil 95,Are0056,26802544.0,2023,8
2023-10-10,21,2025-04-01,2025-04-30,Autonomo,Promedio,Are0012,17647774.0,2023,8
2023-10-10,21,2025-04-01,2025-04-30,Autonomo,Promedio,Are0128,39180028.0,2023,8
2023-10-10,21,2025-04-01,2025-04-30,Autonomo,Promedio,Are0010,224010096.0,2023,8
2023-10-10,21,2025-04-01,2025-04-30,Coordinado,Percentil 5,Are0128,23497440.0,2023,8
2023-10-10,21,2025-04-01,2025-04-30,Coordinado,Percentil 95,Are0012,7716333.5,2023,8
2023-10-10,21,2025-04-01,2025-04-30,Coordinado,Percentil 5,Are0056,26802544.0,2023,8
2023-10-10,21,2025-04-01,2025-04-30,Coordinado,Percentil 95,Are0010,331926656.0,2023,8
2023-10-10,21,2025-04-01,2025-04-30,Coordinado,Promedio,Are0056,45692708.0,2023,8
2023-10-10,21,2025-04-01,2025-04-30,Coordinado,Percentil 5,Are0012,7716333.5,2023,8
2023-10-10,21,2025-04-01,2025-04-30,Autonomo,Percentil 5,Are0012,7288333.5,2023,8
2023-10-10,21,2025-04-01,2025-04-30,Coordinado,Percentil 5,Are0127,803033.3125,2023,8
2023-10-10,21,2025-04-01,2025-04-30,Autonomo,Percentil 5,Are0010,144470000.0,2023,8
2023-10-10,21,2025-04-01,2025-04-30,Coordinado,Percentil 95,Are0127,803033.3125,2023,8
2023-10-10,21,2025-04-01,2025-04-30,Autonomo,Promedio,Are0056,45893544.0,2023,8
2023-10-10,21,2025-04-01,2025-04-30,Coordinado,Percentil 5,Are0010,142766672.0,2023,8
2023-10-10,21,2025-04-01,2025-04-30,Autonomo,Percentil 95,Are0127,925833.3125,2023,8
2023-10-10,21,2025-04-01,2025-04-30,Autonomo,Percentil 95,Are0056,26819570.0,2023,8
2023-10-10,21,2025-04-01,2025-04-30,Autonomo,Percentil 5,Are0002,65733488.0,2023,8
2023-10-10,21,2025-04-01,2025-04-30,Coordinado,Promedio,Are0012,17095450.0,2023,8
2023-10-10,21,2025-04-01,2025-04-30,Coordinado,Percentil 5,Are0002,65652052.0,2023,8
2023-10-10,38,2025-04-01,2025-04-30,Autonomo,Percentil 95,Are0002,60588376.0,2022,3
2023-10-10,38,2025-04-01,2025-04-30,Coordinado,Promedio,Are0128,37347308.0,2022,3
2023-10-10,38,2025-04-01,2025-04-30,Autonomo,Percentil 95,Are0127,900366.6875,2022,3
2023-10-10,38,2025-04-01,2025-04-30,Autonomo,Percentil 5,Are0010,129756664.0,2022,3
2023-10-10,38,2025-04-01,2025-04-30,Coordinado,Percentil 5,Are0127,838600.0,2022,3
2023-10-10,38,2025-04-01,2025-04-30,Coordinado,Percentil 5,Are0128,21963210.0,2022,3
2023-10-10,38,2025-04-01,2025-04-30,Autonomo,Percentil 5,Are0012,6473666.5,2022,3
2023-10-10,38,2025-04-01,2025-04-30,Autonomo,Percentil 5,Are0127,900366.6875,2022,3
2023-10-10,38,2025-04-01,2025-04-30,Autonomo,Percentil 5,Are0128,24483500.0,2022,3
2023-10-10,38,2025-04-01,2025-04-30,Coordinado,Percentil 95,Are0127,838600.0,2022,3
2023-10-10,38,2025-04-01,2025-04-30,Coordinado,Promedio,Are0002,111012768.0,2022,3
2023-10-10,38,2025-04-01,2025-04-30,Coordinado,Promedio,Are0056,41274972.0,2022,3
2023-10-10,38,2025-04-01,2025-04-30,Coordinado,Percentil 5,Are0002,60288744.0,2022,3
2023-10-10,38,2025-04-01,2025-04-30,Coordinado,Percentil 5,Are0056,25235104.0,2022,3
2023-10-10,28,2025-04-01,2025-04-30,Coordinado,Percentil 95,Are0128,24252000.0,2023,1
2023-10-10,28,2025-04-01,2025-04-30,Coordinado,Percentil 5,Are0002,68467920.0,2023,1
2023-10-10,28,2025-04-01,2025-04-30,Autonomo,Promedio,Are0012,17142534.0,2023,1
2023-10-10,28,2025-04-01,2025-04-30,Coordinado,Promedio,Are0127,2165910.25,2023,1
2023-10-10,28,2025-04-01,2025-04-30,Autonomo,Promedio,Are0127,2295892.25,2023,1
2023-10-10,28,2025-04-01,2025-04-30,Autonomo,Percentil 5,Are0012,6196666.5,2023,1
2023-10-10,28,2025-04-01,2025-04-30,Coordinado,Percentil 95,Are0002,68467920.0,2023,1
2023-10-10,28,2025-04-01,2025-04-30,Coordinado,Percentil 5,Are0128,24252000.0,2023,1
2023-10-10,28,2025-04-01,2025-04-30,Coordinado,Promedio,Are0056,42582136.0,2023,1
2023-10-10,28,2025-04-01,2025-04-30,Autonomo,Promedio,Are0056,43192192.0,2023,1
2023-10-10,28,2025-04-01,2025-04-30,Coordinado,Promedio,Are0002,117521712.0,2023,1
2023-10-10,28,2025-04-01,2025-04-30,Autonomo,Percentil 95,Are0012,6196666.5,2023,1
2023-10-10,28,2025-04-01,2025-04-30,Autonomo,Percentil 5,Are0127,813533.3125,2023,1
2023-10-10,28,2025-04-01,2025-04-30,Coordinado,Promedio,Are0010,214992672.0,2023,1
2023-10-10,28,2025-04-01,2025-04-30,Autonomo,Percentil 95,Are0002,68749920.0,2023,1
2023-10-10,28,2025-04-01,2025-04-30,Coordinado,Promedio,Are0012,16336790.0,2023,1
2023-10-10,28,2025-04-01,2025-04-30,Coordinado,Promedio,Are0128,36385932.0,2023,1
2023-10-10,28,2025-04-01,2025-04-30,Coordinado,Percentil 95,Are0012,6627333.5,2023,1
2023-10-10,28,2025-04-01,2025-04-30,Coordinado,Percentil 5,Are0012,6627333.5,2023,1
2023-10-10,28,2025-04-01,2025-04-30,Autonomo,Promedio,Are0010,218189136.0,2023,1
2023-10-09,32,2025-04-01,2025-04-30,Coordinado,Percentil 95,Are0012,7196666.5,2022,9
2023-10-09,32,2025-04-01,2025-04-30,Autonomo,Percentil 95,Are0128,29124976.0,2022,9
2023-10-09,32,2025-04-01,2025-04-30,Autonomo,Promedio,Are0128,38923328.0,2022,9
2023-10-09,32,2025-04-01,2025-04-30,Coordinado,Percentil 95,Are0128,24871734.0,2022,9
2023-10-09,32,2025-04-01,2025-04-30,Coordinado,Percentil 95,Are0010,291976672.0,2022,9
2023-10-09,32,2025-04-01,2025-04-30,Autonomo,Promedio,Are0010,217866928.0,2022,9
2023-10-09,32,2025-04-01,2025-04-30,Autonomo,Percentil 5,Are0128,29124976.0,2022,9
2023-10-09,32,2025-04-01,2025-04-30,Autonomo,Percentil 5,Are0012,8329666.5,2022,9
2023-10-09,32,2025-04-01,2025-04-30,Coordinado,Percentil 5,Are0012,7196666.5,2022,9
2023-10-09,32,2025-04-01,2025-04-30,Coordinado,Promedio,Are0056,37293604.0,2022,9
2023-10-09,32,2025-04-01,2025-04-30,Coordinado,Promedio,Are0010,203224704.0,2022,9
2023-10-09,32,2025-04-01,2025-04-30,Coordinado,Promedio,Are0002,115182904.0,2022,9
2023-10-09,32,2025-04-01,2025-04-30,Coordinado,Percentil 95,Are0127,553866.6875,2022,9
2023-10-09,32,2025-04-01,2025-04-30,Autonomo,Percentil 95,Are0056,25658166.0,2022,9
2023-10-09,32,2025-04-01,2025-04-30,Autonomo,Promedio,Are0127,2475033.0,2022,9
2023-10-09,32,2025-04-01,2025-04-30,Coordinado,Promedio,Are0127,1878921.375,2022,9
2023-10-09,32,2025-04-01,2025-04-30,Coordinado,Promedio,Are0128,33973828.0,2022,9
2023-10-09,32,2025-04-01,2025-04-30,Autonomo,Percentil 95,Are0010,307169984.0,2022,9
2023-10-09,32,2025-04-01,2025-04-30,Coordinado,Percentil 95,Are0056,23321144.0,2022,9
2023-10-09,32,2025-04-01,2025-04-30,Coordinado,Percentil 5,Are0128,24871734.0,2022,9
2023-10-09,32,2025-04-01,2025-04-30,Autonomo,Percentil 95,Are0012,8329666.5,2022,9
2023-10-09,32,2025-04-01,2025-04-30,Coordinado,Percentil 5,Are0056,23321144.0,2022,9
2023-10-09,32,2025-04-01,2025-04-30,Autonomo,Promedio,Are0056,41555204.0,2022,9
2023-10-09,32,2025-04-01,2025-04-30,Autonomo,Percentil 5,Are0002,71708176.0,2022,9
2023-10-09,32,2025-04-01,2025-04-30,Autonomo,Percentil 95,Are0127,664000.0,2022,9
2023-10-09,32,2025-04-01,2025-04-30,Coordinado,Percentil 5,Are0002,70960704.0,2022,9
2023-10-09,32,2025-04-01,2025-04-30,Coordinado,Percentil 95,Are0002,70960704.0,2022,9
2023-10-09,32,2025-04-01,2025-04-30,Coordinado,Percentil 5,Are0127,553866.6875,2022,9
2023-10-09,32,2025-04-01,2025-04-30,Coordinado,Percentil 5,Are0010,133993336.0,2022,9
2023-10-09,32,2025-04-01,2025-04-30,Coordinado,Promedio,Are0012,14895313.0,2022,9
2023-10-09,32,2025-04-01,2025-04-30,Autonomo,Percentil 5,Are0056,25658166.0,2022,9
2023-10-09,32,2025-04-01,2025-04-30,Autonomo,Percentil 95,Are0002,71708176.0,2022,9
2023-10-09,32,2025-04-01,2025-04-30,Autonomo,Percentil 5,Are0127,664000.0,2022,9
2023-10-09,32,2025-04-01,2025-04-30,Autonomo,Promedio,Are0012,18010094.0,2022,9
2023-10-09,32,2025-04-01,2025-04-30,Autonomo,Promedio,Are0002,116903464.0,2022,9
2023-10-09,32,2025-04-01,2025-04-30,Autonomo,Percentil 5,Are0010,141766672.0,2022,9
2023-10-09,31,2025-04-01,2025-04-30,Autonomo,Percentil 5,Are0128,27542614.0,2022,10
2023-10-09,31,2025-04-01,2025-04-30,Autonomo,Promedio,Are0056,44899812.0,2022,10
2023-10-09,31,2025-04-01,2025-04-30,Autonomo,Percentil 5,Are0012,8716333.0,2022,10
2023-10-09,31,2025-04-01,2025-04-30,Autonomo,Promedio,Are0012,18119206.0,2022,10
2023-10-09,31,2025-04-01,2025-04-30,Coordinado,Promedio,Are0127,1917244.625,2022,10
2023-10-09,31,2025-04-01,2025-04-30,Coordinado,Percentil 5,Are0056,25825874.0,2022,10
2023-10-09,31,2025-04-01,2025-04-30,Coordinado,Percentil 5,Are0002,70712992.0,2022,10
2023-10-09,31,2025-04-01,2025-04-30,Coordinado,Percentil 95,Are0010,309940000.0,2022,10
2023-10-09,31,2025-04-01,2025-04-30,Autonomo,Percentil 5,Are0002,71751080.0,2022,10
2023-10-09,31,2025-04-01,2025-04-30,Coordinado,Percentil 95,Are0127,642866.6875,2022,10
2023-10-09,31,2025-04-01,2025-04-30,Coordinado,Percentil 95,Are0002,70712992.0,2022,10
2023-10-09,31,2025-04-01,2025-04-30,Coordinado,Promedio,Are0012,15090663.0,2022,10
2023-10-09,31,2025-04-01,2025-04-30,Coordinado,Promedio,Are0002,119005064.0,2022,10
2023-10-09,31,2025-04-01,2025-04-30,Coordinado,Percentil 5,Are0128,24270420.0,2022,10
2023-10-09,31,2025-04-01,2025-04-30,Autonomo,Percentil 95,Are0012,8716333.0,2022,10
2023-10-09,36,2025-04-01,2025-04-30,Autonomo,Percentil 95,Are0002,64899092.0,2022,5
2023-10-09,36,2025-04-01,2025-04-30,Coordinado,Percentil 5,Are0012,5885000.0,2022,5
2023-10-09,36,2025-04-01,2025-04-30,Autonomo,Percentil 5,Are0127,1021266.6875,2022,5
2023-10-09,36,2025-04-01,2025-04-30,Coordinado,Percentil 5,Are0127,797066.6875,2022,5
2023-10-09,36,2025-04-01,2025-04-30,Autonomo,Promedio,Are0012,17478620.0,2022,5
2023-10-09,36,2025-04-01,2025-04-30,Autonomo,Promedio,Are0056,42056096.0,2022,5
2023-10-09,36,2025-04-01,2025-04-30,Coordinado,Promedio,Are0002,111091232.0,2022,5
2023-10-09,36,2025-04-01,2025-04-30,Coordinado,Promedio,Are0010,199249168.0,2022,5
2023-10-09,36,2025-04-01,2025-04-30,Coordinado,Percentil 95,Are0127,797066.6875,2022,5
2023-10-09,36,2025-04-01,2025-04-30,Autonomo,Percentil 5,Are0128,24965376.0,2022,5
2023-10-09,36,2025-04-01,2025-04-30,Autonomo,Percentil 95,Are0127,1021266.6875,2022,5
2023-10-09,36,2025-04-01,2025-04-30,Coordinado,Percentil 5,Are0128,22252630.0,2022,5
2023-10-09,36,2025-04-01,2025-04-30,Autonomo,Promedio,Are0002,113523280.0,2022,5
2023-10-09,36,2025-04-01,2025-04-30,Autonomo,Percentil 95,Are0056,26834340.0,2022,5
2023-10-09,36,2025-04-01,2025-04-30,Autonomo,Percentil 5,Are0010,130100000.0,2022,5
2023-10-09,36,2025-04-01,2025-04-30,Coordinado,Percentil 95,Are0002,64349688.0,2022,5
2023-10-09,36,2025-04-01,2025-04-30,Autonomo,Percentil 5,Are0056,26834340.0,2022,5
2023-10-09,36,2025-04-01,2025-04-30,Autonomo,Promedio,Are0010,214081632.0,2022,5
2023-10-09,36,2025-04-01,2025-04-30,Coordinado,Percentil 5,Are0002,64349688.0,2022,5
2023-10-09,36,2025-04-01,2025-04-30,Coordinado,Promedio,Are0128,33762936.0,2022,5
2023-10-09,36,2025-04-01,2025-04-30,Autonomo,Promedio,Are0127,2639650.75,2022,5
2023-10-09,36,2025-04-01,2025-04-30,Autonomo,Promedio,Are0128,38384496.0,2022,5
2023-10-09,36,2025-04-01,2025-04-30,Autonomo,Percentil 5,Are0012,6402666.5,2022,5
2023-10-09,36,2025-04-01,2025-04-30,Coordinado,Promedio,Are0056,38026472.0,2022,5
2023-10-09,36,2025-04-01,2025-04-30,Coordinado,Percentil 95,Are0128,22252630.0,2022,5
2023-10-09,36,2025-04-01,2025-04-30,Autonomo,Percentil 95,Are0012,6402666.5,2022,5
2023-10-09,36,2025-04-01,2025-04-30,Coordinado,Percentil 95,Are0012,5885000.0,2022,5
2023-10-09,36,2025-04-01,2025-04-30,Coordinado,Promedio,Are0012,14426427.0,2022,5
2023-10-09,36,2025-04-01,2025-04-30,Coordinado,Percentil 95,Are0056,24127464.0,2022,5
2023-10-09,36,2025-04-01,2025-04-30,Autonomo,Percentil 5,Are0002,64899092.0,2022,5
2023-10-09,36,2025-04-01,2025-04-30,Coordinado,Percentil 5,Are0056,24127464.0,2022,5
2023-10-09,36,2025-04-01,2025-04-30,Coordinado,Promedio,Are0127,1942304.0,2022,5
2023-12-15,18,2025-04-01,2025-04-30,Coordinado,Percentil 95,Are0127,746833.3125,2023,11
2023-12-15,18,2025-04-01,2025-04-30,Coordinado,Percentil 5,Are0127,746833.3125,2023,11
2023-12-15,18,2025-04-01,2025-04-30,Coordinado,Promedio,Are0127,2346270.75,2023,11
2023-12-15,18,2025-04-01,2025-04-30,Autonomo,Percentil 95,Are0127,843333.3125,2023,11
2023-12-15,18,2025-04-01,2025-04-30,Autonomo,Percentil 5,Are0127,843333.3125,2023,11
2023-12-15,18,2025-04-01,2025-04-30,Autonomo,Promedio,Are0127,2371397.0,2023,11
2023-12-15,18,2025-04-01,2025-04-30,Coordinado,Percentil 95,Are0010,308016672.0,2023,11
2023-12-15,18,2025-04-01,2025-04-30,Coordinado,Percentil 5,Are0010,142866672.0,2023,11
2023-12-15,18,2025-04-01,2025-04-30,Coordinado,Promedio,Are0010,215099872.0,2023,11
2023-12-15,18,2025-04-01,2025-04-30,Autonomo,Percentil 95,Are0010,308110016.0,2023,11
2023-12-15,18,2025-04-01,2025-04-30,Autonomo,Percentil 5,Are0010,141976672.0,2023,11
2023-12-15,18,2025-04-01,2025-04-30,Autonomo,Promedio,Are0010,215422928.0,2023,11
2023-12-15,18,2025-04-01,2025-04-30,Coordinado,Percentil 95,Are0128,26391090.0,2023,11
2023-12-15,18,2025-04-01,2025-04-30,Coordinado,Percentil 5,Are0128,26391090.0,2023,11
2023-12-15,18,2025-04-01,2025-04-30,Coordinado,Promedio,Are0128,39446492.0,2023,11
2023-12-15,18,2025-04-01,2025-04-30,Autonomo,Percentil 95,Are0128,27437156.0,2023,11
2023-12-15,18,2025-04-01,2025-04-30,Autonomo,Percentil 5,Are0128,27437156.0,2023,11
2023-12-15,18,2025-04-01,2025-04-30,Autonomo,Promedio,Are0128,39739200.0,2023,11
2023-12-15,18,2025-04-01,2025-04-30,Coordinado,Percentil 95,Are0056,27273480.0,2023,11
2023-12-15,18,2025-04-01,2025-04-30,Coordinado,Percentil 5,Are0056,27273480.0,2023,11
2023-12-15,18,2025-04-01,2025-04-30,Coordinado,Promedio,Are0056,44816688.0,2023,11
2023-12-15,18,2025-04-01,2025-04-30,Autonomo,Percentil 95,Are0056,26828930.0,2023,11
2023-12-15,18,2025-04-01,2025-04-30,Autonomo,Percentil 5,Are0056,26828930.0,2023,11
2023-12-15,18,2025-04-01,2025-04-30,Autonomo,Promedio,Are0056,44921812.0,2023,11
2023-12-15,18,2025-04-01,2025-04-30,Coordinado,Percentil 95,Are0012,5903333.5,2023,11
2023-12-15,18,2025-04-01,2025-04-30,Coordinado,Percentil 5,Are0012,5903333.5,2023,11
2023-12-15,18,2025-04-01,2025-04-30,Coordinado,Promedio,Are0012,16873390.0,2023,11
2023-12-15,18,2025-04-01,2025-04-30,Autonomo,Percentil 95,Are0012,5920333.5,2023,11
2023-12-15,18,2025-04-01,2025-04-30,Autonomo,Percentil 5,Are0012,5920333.5,2023,11
2023-12-15,18,2025-04-01,2025-04-30,Autonomo,Promedio,Are0012,16827464.0,2023,11
2023-12-15,18,2025-04-01,2025-04-30,Coordinado,Percentil 95,Are0002,65729284.0,2023,11
2023-12-15,18,2025-04-01,2025-04-30,Coordinado,Percentil 5,Are0002,65729284.0,2023,11
2023-12-15,18,2025-04-01,2025-04-30,Coordinado,Promedio,Are0002,111616936.0,2023,11
2023-12-15,18,2025-04-01,2025-04-30,Autonomo,Percentil 95,Are0002,65631248.0,2023,11
2023-12-15,18,2025-04-01,2025-04-30,Autonomo,Percentil 5,Are0002,65631248.0,2023,11
2023-12-15,18,2025-04-01,2025-04-30,Autonomo,Promedio,Are0002,111562800.0,2023,11
2023-10-10,29,2025-04-01,2025-04-30,Autonomo,Promedio,Are0002,115159096.0,2022,12
2023-10-10,29,2025-04-01,2025-04-30,Autonomo,Percentil 5,Are0127,869100.0,2022,12
2023-10-10,24,2025-04-01,2025-04-30,Autonomo,Promedio,Are0012,19843730.0,2023,5
2023-10-10,24,2025-04-01,2025-04-30,Coordinado,Percentil 95,Are0056,24930600.0,2023,5
2023-10-10,24,2025-04-01,2025-04-30,Autonomo,Percentil 5,Are0012,8591333.0,2023,5
2023-10-10,24,2025-04-01,2025-04-30,Coordinado,Percentil 95,Are0002,58992648.0,2023,5
2023-10-10,24,2025-04-01,2025-04-30,Autonomo,Percentil 5,Are0056,25757056.0,2023,5
2023-10-10,24,2025-04-01,2025-04-30,Autonomo,Percentil 5,Are0127,964200.0,2023,5
2023-10-10,24,2025-04-01,2025-04-30,Coordinado,Percentil 95,Are0012,8222666.5,2023,5
2023-10-10,24,2025-04-01,2025-04-30,Autonomo,Promedio,Are0128,39985380.0,2023,5
2023-10-10,24,2025-04-01,2025-04-30,Autonomo,Percentil 95,Are0002,60412012.0,2023,5
2023-10-10,24,2025-04-01,2025-04-30,Coordinado,Percentil 5,Are0012,8222666.5,2023,5
2023-10-10,24,2025-04-01,2025-04-30,Autonomo,Percentil 5,Are0002,60412012.0,2023,5
2023-10-10,24,2025-04-01,2025-04-30,Autonomo,Promedio,Are0127,2515145.25,2023,5
2023-10-10,24,2025-04-01,2025-04-30,Autonomo,Percentil 95,Are0056,25757056.0,2023,5
2023-10-10,24,2025-04-01,2025-04-30,Coordinado,Percentil 5,Are0056,24930600.0,2023,5
2023-10-10,24,2025-04-01,2025-04-30,Autonomo,Percentil 95,Are0012,8591333.0,2023,5
2023-10-10,24,2025-04-01,2025-04-30,Autonomo,Percentil 95,Are0010,349666656.0,2023,5
2023-10-10,24,2025-04-01,2025-04-30,Coordinado,Percentil 5,Are0002,58992648.0,2023,5
2023-10-10,24,2025-04-01,2025-04-30,Autonomo,Promedio,Are0010,231680608.0,2023,5
2023-10-10,24,2025-04-01,2025-04-30,Coordinado,Percentil 5,Are0010,137726672.0,2023,5
2023-10-10,24,2025-04-01,2025-04-30,Autonomo,Percentil 95,Are0128,24440080.0,2023,5
2023-10-10,24,2025-04-01,2025-04-30,Coordinado,Percentil 5,Are0127,811433.3125,2023,5
2023-10-10,24,2025-04-01,2025-04-30,Coordinado,Promedio,Are0010,228737808.0,2023,5
2023-10-10,24,2025-04-01,2025-04-30,Coordinado,Percentil 95,Are0127,811433.3125,2023,5
2023-10-10,24,2025-04-01,2025-04-30,Coordinado,Promedio,Are0012,19302410.0,2023,5
2023-10-10,24,2025-04-01,2025-04-30,Coordinado,Percentil 95,Are0128,24532886.0,2023,5
2023-10-10,24,2025-04-01,2025-04-30,Autonomo,Promedio,Are0056,47827416.0,2023,5
2023-10-10,24,2025-04-01,2025-04-30,Coordinado,Percentil 5,Are0128,24532886.0,2023,5
2023-10-10,24,2025-04-01,2025-04-30,Coordinado,Promedio,Are0056,47334960.0,2023,5
2023-10-10,24,2025-04-01,2025-04-30,Coordinado,Promedio,Are0127,2338630.25,2023,5
2023-10-10,24,2025-04-01,2025-04-30,Coordinado,Promedio,Are0128,39009268.0,2023,5
2023-10-10,24,2025-04-01,2025-04-30,Autonomo,Promedio,Are0002,121509000.0,2023,5
2023-10-09,39,2025-04-01,2025-04-30,Autonomo,Percentil 5,Are0128,24806800.0,2022,2
2023-10-09,39,2025-04-01,2025-04-30,Autonomo,Promedio,Are0010,209205600.0,2022,2
2023-10-09,39,2025-04-01,2025-04-30,Coordinado,Percentil 5,Are0010,130306664.0,2022,2
2023-10-09,39,2025-04-01,2025-04-30,Coordinado,Percentil 95,Are0128,23305084.0,2022,2
2023-10-09,39,2025-04-01,2025-04-30,Coordinado,Promedio,Are0056,39766616.0,2022,2
2023-10-09,39,2025-04-01,2025-04-30,Autonomo,Percentil 95,Are0056,25420100.0,2022,2
2023-10-09,39,2025-04-01,2025-04-30,Autonomo,Percentil 95,Are0002,59725912.0,2022,2
2023-10-09,39,2025-04-01,2025-04-30,Autonomo,Percentil 95,Are0127,954000.0,2022,2
2023-10-09,39,2025-04-01,2025-04-30,Coordinado,Percentil 95,Are0056,22970730.0,2022,2
2023-10-09,39,2025-04-01,2025-04-30,Autonomo,Promedio,Are0002,111053096.0,2022,2
2023-10-09,39,2025-04-01,2025-04-30,Autonomo,Percentil 5,Are0010,134480000.0,2022,2
2023-10-09,39,2025-04-01,2025-04-30,Coordinado,Percentil 95,Are0127,816500.0,2022,2
2023-10-09,39,2025-04-01,2025-04-30,Autonomo,Percentil 95,Are0010,328929984.0,2022,2
2023-10-09,39,2025-04-01,2025-04-30,Autonomo,Promedio,Are0012,16305530.0,2022,2
2023-10-09,39,2025-04-01,2025-04-30,Coordinado,Percentil 5,Are0056,22970730.0,2022,2
2023-10-09,39,2025-04-01,2025-04-30,Autonomo,Percentil 5,Are0127,954000.0,2022,2
2023-10-09,39,2025-04-01,2025-04-30,Autonomo,Promedio,Are0128,37436948.0,2022,2
2023-10-09,39,2025-04-01,2025-04-30,Coordinado,Percentil 5,Are0002,59955868.0,2022,2
2023-10-09,39,2025-04-01,2025-04-30,Autonomo,Promedio,Are0127,2347155.0,2022,2
2023-10-09,39,2025-04-01,2025-04-30,Autonomo,Promedio,Are0056,42062600.0,2022,2
2023-10-09,39,2025-04-01,2025-04-30,Coordinado,Promedio,Are0010,202156096.0,2022,2
2023-10-09,39,2025-04-01,2025-04-30,Autonomo,Percentil 5,Are0056,25420100.0,2022,2
2023-10-09,39,2025-04-01,2025-04-30,Coordinado,Promedio,Are0002,110483040.0,2022,2
2023-10-09,39,2025-04-01,2025-04-30,Coordinado,Percentil 5,Are0128,23305084.0,2022,2
2023-10-09,39,2025-04-01,2025-04-30,Coordinado,Percentil 5,Are0012,5652666.5,2022,2
2023-10-09,39,2025-04-01,2025-04-30,Autonomo,Percentil 5,Are0002,59725912.0,2022,2
2023-10-09,39,2025-04-01,2025-04-30,Autonomo,Percentil 95,Are0012,6145333.5,2022,2
2023-10-09,39,2025-04-01,2025-04-30,Coordinado,Promedio,Are0128,34978984.0,2022,2
2023-10-09,39,2025-04-01,2025-04-30,Autonomo,Percentil 95,Are0128,24806800.0,2022,2
2023-10-09,39,2025-04-01,2025-04-30,Coordinado,Percentil 95,Are0010,314433344.0,2022,2
2023-10-09,39,2025-04-01,2025-04-30,Autonomo,Percentil 5,Are0012,6145333.5,2022,2
2023-10-09,39,2025-04-01,2025-04-30,Coordinado,Percentil 95,Are0012,5652666.5,2022,2
2023-10-09,39,2025-04-01,2025-04-30,Coordinado,Percentil 5,Are0127,816500.0,2022,2
2023-10-09,39,2025-04-01,2025-04-30,Coordinado,Percentil 95,Are0002,59955868.0,2022,2
2023-10-09,39,2025-04-01,2025-04-30,Coordinado,Promedio,Are0012,14964787.0,2022,2
2023-10-09,39,2025-04-01,2025-04-30,Coordinado,Promedio,Are0127,1962806.0,2022,2
2023-10-09,36,2025-04-01,2025-04-30,Coordinado,Percentil 5,Are0010,131886664.0,2022,5
2023-10-09,36,2025-04-01,2025-04-30,Autonomo,Percentil 95,Are0010,324100000.0,2022,5
2023-10-09,36,2025-04-01,2025-04-30,Autonomo,Percentil 95,Are0128,24965376.0,2022,5
2023-10-09,36,2025-04-01,2025-04-30,Coordinado,Percentil 95,Are0010,297329984.0,2022,5
2023-10-09,35,2025-04-01,2025-04-30,Coordinado,Percentil 95,Are0056,25436984.0,2022,6
2023-10-09,35,2025-04-01,2025-04-30,Autonomo,Percentil 5,Are0010,145296672.0,2022,6
2023-10-09,35,2025-04-01,2025-04-30,Autonomo,Promedio,Are0002,118461032.0,2022,6
2023-10-09,35,2025-04-01,2025-04-30,Coordinado,Promedio,Are0002,116708232.0,2022,6
2023-10-09,35,2025-04-01,2025-04-30,Coordinado,Percentil 5,Are0012,7209333.5,2022,6
2023-10-09,35,2025-04-01,2025-04-30,Autonomo,Percentil 95,Are0127,1079200.0,2022,6
2023-10-09,35,2025-04-01,2025-04-30,Coordinado,Percentil 5,Are0056,25436984.0,2022,6
2023-10-09,35,2025-04-01,2025-04-30,Autonomo,Promedio,Are0056,42505384.0,2022,6
2023-10-09,35,2025-04-01,2025-04-30,Coordinado,Percentil 95,Are0002,67803800.0,2022,6
2023-10-09,35,2025-04-01,2025-04-30,Coordinado,Promedio,Are0128,34529188.0,2022,6
2023-10-09,35,2025-04-01,2025-04-30,Coordinado,Percentil 95,Are0012,7209333.5,2022,6
2023-10-09,35,2025-04-01,2025-04-30,Coordinado,Percentil 5,Are0010,140233328.0,2022,6
2023-10-09,35,2025-04-01,2025-04-30,Autonomo,Percentil 5,Are0127,1079200.0,2022,6
2023-10-09,35,2025-04-01,2025-04-30,Autonomo,Promedio,Are0127,2499592.25,2022,6
2023-10-09,35,2025-04-01,2025-04-30,Coordinado,Percentil 95,Are0128,24824006.0,2022,6
2023-10-09,35,2025-04-01,2025-04-30,Autonomo,Promedio,Are0128,38968824.0,2022,6
2023-10-09,35,2025-04-01,2025-04-30,Coordinado,Promedio,Are0056,38168812.0,2022,6
2023-10-09,35,2025-04-01,2025-04-30,Coordinado,Percentil 95,Are0127,907633.3125,2022,6
2023-10-09,35,2025-04-01,2025-04-30,Autonomo,Percentil 95,Are0012,8142666.5,2022,6
2023-10-09,35,2025-04-01,2025-04-30,Autonomo,Percentil 95,Are0056,30077766.0,2022,6
2023-10-09,35,2025-04-01,2025-04-30,Coordinado,Percentil 95,Are0010,309006656.0,2022,6
2023-10-09,35,2025-04-01,2025-04-30,Coordinado,Percentil 5,Are0128,24824006.0,2022,6
2023-10-09,35,2025-04-01,2025-04-30,Autonomo,Percentil 95,Are0002,70001128.0,2022,6
2023-10-09,35,2025-04-01,2025-04-30,Autonomo,Percentil 5,Are0056,30077766.0,2022,6
2023-10-09,35,2025-04-01,2025-04-30,Coordinado,Promedio,Are0127,1901636.0,2022,6
2023-10-09,35,2025-04-01,2025-04-30,Autonomo,Promedio,Are0010,220274400.0,2022,6
2023-10-09,35,2025-04-01,2025-04-30,Coordinado,Percentil 5,Are0002,67803800.0,2022,6
2023-10-09,35,2025-04-01,2025-04-30,Autonomo,Percentil 95,Are0010,325833344.0,2022,6
2023-10-09,35,2025-04-01,2025-04-30,Autonomo,Percentil 5,Are0128,26824600.0,2022,6
2023-10-09,35,2025-04-01,2025-04-30,Coordinado,Promedio,Are0010,206709792.0,2022,6
2023-10-09,35,2025-04-01,2025-04-30,Coordinado,Percentil 5,Are0127,907633.3125,2022,6
2023-10-09,35,2025-04-01,2025-04-30,Coordinado,Promedio,Are0012,15401883.0,2022,6
2023-10-09,35,2025-04-01,2025-04-30,Autonomo,Percentil 95,Are0128,26824600.0,2022,6
2023-10-09,35,2025-04-01,2025-04-30,Autonomo,Percentil 5,Are0002,70001128.0,2022,6
2023-10-09,35,2025-04-01,2025-04-30,Autonomo,Promedio,Are0012,17839630.0,2022,6
2023-10-10,22,2025-04-01,2025-04-30,Coordinado,Percentil 95,Are0012,6130666.5,2023,7
2023-10-10,22,2025-04-01,2025-04-30,Autonomo,Promedio,Are0128,36962556.0,2023,7
2023-10-10,22,2025-04-01,2025-04-30,Autonomo,Percentil 95,Are0010,318193344.0,2023,7
2023-10-10,22,2025-04-01,2025-04-30,Autonomo,Percentil 5,Are0012,6063000.0,2023,7
2023-10-10,22,2025-04-01,2025-04-30,Autonomo,Percentil 95,Are0056,27309156.0,2023,7
2023-10-10,22,2025-04-01,2025-04-30,Coordinado,Promedio,Are0128,35787636.0,2023,7
2023-10-10,22,2025-04-01,2025-04-30,Autonomo,Percentil 95,Are0002,52752088.0,2023,7
2023-10-10,22,2025-04-01,2025-04-30,Coordinado,Promedio,Are0127,2279715.75,2023,7
2023-10-10,22,2025-04-01,2025-04-30,Coordinado,Promedio,Are0002,113350640.0,2023,7
2023-10-10,22,2025-04-01,2025-04-30,Autonomo,Percentil 5,Are0128,24656726.0,2023,7
2023-10-10,22,2025-04-01,2025-04-30,Coordinado,Percentil 5,Are0002,52794952.0,2023,7
2023-10-10,22,2025-04-01,2025-04-30,Autonomo,Promedio,Are0127,2373924.25,2023,7
2023-10-10,22,2025-04-01,2025-04-30,Coordinado,Percentil 5,Are0012,6130666.5,2023,7
2023-10-10,22,2025-04-01,2025-04-30,Autonomo,Percentil 5,Are0056,27309156.0,2023,7
2023-10-10,22,2025-04-01,2025-04-30,Coordinado,Percentil 95,Are0010,312926656.0,2023,7
2023-10-10,22,2025-04-01,2025-04-30,Coordinado,Percentil 5,Are0127,787900.0,2023,7
2023-10-10,22,2025-04-01,2025-04-30,Autonomo,Percentil 5,Are0002,52752088.0,2023,7
2023-10-10,22,2025-04-01,2025-04-30,Autonomo,Promedio,Are0056,42520896.0,2023,7
2023-10-10,22,2025-04-01,2025-04-30,Autonomo,Promedio,Are0010,211596560.0,2023,7
2023-10-10,22,2025-04-01,2025-04-30,Autonomo,Promedio,Are0002,113625960.0,2023,7
2023-10-10,22,2025-04-01,2025-04-30,Autonomo,Percentil 95,Are0128,24656726.0,2023,7
2023-10-10,22,2025-04-01,2025-04-30,Coordinado,Percentil 5,Are0128,23795300.0,2023,7
2023-10-10,22,2025-04-01,2025-04-30,Coordinado,Percentil 95,Are0128,23795300.0,2023,7
2023-10-10,22,2025-04-01,2025-04-30,Coordinado,Percentil 5,Are0056,26331774.0,2023,7
2023-10-10,22,2025-04-01,2025-04-30,Autonomo,Percentil 5,Are0010,128646664.0,2023,7
2023-10-10,22,2025-04-01,2025-04-30,Coordinado,Percentil 95,Are0056,26331774.0,2023,7
2023-10-10,22,2025-04-01,2025-04-30,Coordinado,Percentil 95,Are0002,52794952.0,2023,7
2023-10-10,22,2025-04-01,2025-04-30,Coordinado,Percentil 95,Are0127,787900.0,2023,7
2023-10-10,22,2025-04-01,2025-04-30,Coordinado,Percentil 5,Are0010,129133336.0,2023,7
2023-10-10,22,2025-04-01,2025-04-30,Coordinado,Promedio,Are0010,208707968.0,2023,7
2023-10-10,22,2025-04-01,2025-04-30,Autonomo,Percentil 5,Are0127,716766.6875,2023,7
2023-10-10,22,2025-04-01,2025-04-30,Coordinado,Promedio,Are0012,15151777.0,2023,7
2023-10-10,22,2025-04-01,2025-04-30,Autonomo,Promedio,Are0012,16113477.0,2023,7
2023-10-10,22,2025-04-01,2025-04-30,Coordinado,Promedio,Are0056,42138284.0,2023,7
2023-10-10,22,2025-04-01,2025-04-30,Autonomo,Percentil 95,Are0127,716766.6875,2023,7
2023-10-10,22,2025-04-01,2025-04-30,Autonomo,Percentil 95,Are0012,6063000.0,2023,7
2023-10-10,29,2025-04-01,2025-04-30,Coordinado,Percentil 95,Are0128,23908894.0,2022,12
2023-10-10,29,2025-04-01,2025-04-30,Autonomo,Promedio,Are0056,42957616.0,2022,12
2023-10-10,29,2025-04-01,2025-04-30,Autonomo,Percentil 5,Are0128,26703060.0,2022,12
2023-10-10,29,2025-04-01,2025-04-30,Coordinado,Percentil 95,Are0056,26628964.0,2022,12
2023-10-10,29,2025-04-01,2025-04-30,Coordinado,Promedio,Are0127,1861065.625,2022,12
2023-10-10,29,2025-04-01,2025-04-30,Coordinado,Percentil 95,Are0002,62103600.0,2022,12
2023-10-10,29,2025-04-01,2025-04-30,Coordinado,Promedio,Are0012,14735237.0,2022,12
2023-10-10,29,2025-04-01,2025-04-30,Coordinado,Percentil 5,Are0127,826000.0,2022,12
2023-10-10,29,2025-04-01,2025-04-30,Coordinado,Promedio,Are0128,34455592.0,2022,12
2023-10-10,29,2025-04-01,2025-04-30,Coordinado,Percentil 5,Are0010,136846672.0,2022,12
2023-10-10,29,2025-04-01,2025-04-30,Coordinado,Percentil 5,Are0128,23908894.0,2022,12
2023-10-10,29,2025-04-01,2025-04-30,Coordinado,Percentil 5,Are0012,6198666.5,2022,12
2023-10-10,29,2025-04-01,2025-04-30,Coordinado,Percentil 5,Are0056,26628964.0,2022,12
2023-10-10,29,2025-04-01,2025-04-30,Autonomo,Percentil 95,Are0127,869100.0,2022,12
2023-10-10,29,2025-04-01,2025-04-30,Coordinado,Promedio,Are0002,113869864.0,2022,12
2023-10-10,29,2025-04-01,2025-04-30,Autonomo,Percentil 95,Are0012,6835333.5,2022,12
2023-10-10,29,2025-04-01,2025-04-30,Autonomo,Promedio,Are0127,2188794.0,2022,12
2023-10-10,29,2025-04-01,2025-04-30,Autonomo,Promedio,Are0010,213598736.0,2022,12
2023-10-10,29,2025-04-01,2025-04-30,Autonomo,Percentil 5,Are0056,28077256.0,2022,12
2023-10-10,29,2025-04-01,2025-04-30,Coordinado,Percentil 5,Are0002,62103600.0,2022,12
2023-10-10,29,2025-04-01,2025-04-30,Coordinado,Percentil 95,Are0010,304463328.0,2022,12
2023-10-10,29,2025-04-01,2025-04-30,Autonomo,Percentil 95,Are0056,28077256.0,2022,12
2023-10-10,29,2025-04-01,2025-04-30,Autonomo,Percentil 5,Are0012,6835333.5,2022,12
2023-10-10,29,2025-04-01,2025-04-30,Coordinado,Promedio,Are0056,40833688.0,2022,12
2023-10-10,29,2025-04-01,2025-04-30,Autonomo,Percentil 5,Are0010,143563328.0,2022,12
2023-10-10,29,2025-04-01,2025-04-30,Autonomo,Promedio,Are0128,37616384.0,2022,12
2023-10-10,29,2025-04-01,2025-04-30,Coordinado,Percentil 95,Are0127,826000.0,2022,12
2023-10-10,29,2025-04-01,2025-04-30,Coordinado,Promedio,Are0010,205755232.0,2022,12
2023-10-10,29,2025-04-01,2025-04-30,Autonomo,Percentil 95,Are0002,61281332.0,2022,12
2023-10-10,29,2025-04-01,2025-04-30,Autonomo,Percentil 95,Are0010,317536672.0,2022,12
2023-10-10,29,2025-04-01,2025-04-30,Coordinado,Percentil 95,Are0012,6198666.5,2022,12
2023-10-10,29,2025-04-01,2025-04-30,Autonomo,Percentil 95,Are0128,26703060.0,2022,12
2023-10-10,29,2025-04-01,2025-04-30,Autonomo,Promedio,Are0012,15676790.0,2022,12
2023-10-10,29,2025-04-01,2025-04-30,Autonomo,Percentil 5,Are0002,61281332.0,2022,12
2023-10-09,37,2025-04-01,2025-04-30,Autonomo,Percentil 95,Are0002,59699424.0,2022,4
2023-10-09,37,2025-04-01,2025-04-30,Autonomo,Percentil 95,Are0127,940966.6875,2022,4
2023-10-09,37,2025-04-01,2025-04-30,Autonomo,Percentil 95,Are0128,23326834.0,2022,4
2023-10-09,37,2025-04-01,2025-04-30,Autonomo,Percentil 95,Are0012,5840666.5,2022,4
2023-10-09,37,2025-04-01,2025-04-30,Coordinado,Percentil 95,Are0010,301686656.0,2022,4
2023-10-09,37,2025-04-01,2025-04-30,Autonomo,Percentil 5,Are0128,23326834.0,2022,4
2023-10-09,37,2025-04-01,2025-04-30,Coordinado,Percentil 95,Are0128,21612700.0,2022,4
2023-10-09,37,2025-04-01,2025-04-30,Coordinado,Percentil 5,Are0012,5758333.5,2022,4
2023-10-09,37,2025-04-01,2025-04-30,Coordinado,Percentil 5,Are0127,811333.3125,2022,4
2023-10-09,37,2025-04-01,2025-04-30,Autonomo,Percentil 5,Are0012,5840666.5,2022,4
2023-10-09,37,2025-04-01,2025-04-30,Autonomo,Percentil 95,Are0056,26127826.0,2022,4
2023-10-09,37,2025-04-01,2025-04-30,Autonomo,Promedio,Are0012,17461250.0,2022,4
2023-10-09,37,2025-04-01,2025-04-30,Autonomo,Promedio,Are0002,110097200.0,2022,4
2023-10-09,37,2025-04-01,2025-04-30,Autonomo,Percentil 5,Are0010,129990000.0,2022,4
2023-10-09,37,2025-04-01,2025-04-30,Coordinado,Promedio,Are0002,108077624.0,2022,4
2023-10-09,37,2025-04-01,2025-04-30,Autonomo,Percentil 5,Are0056,26127826.0,2022,4
2023-10-09,37,2025-04-01,2025-04-30,Coordinado,Promedio,Are0056,39766904.0,2022,4
2023-10-09,37,2025-04-01,2025-04-30,Autonomo,Percentil 5,Are0002,59699424.0,2022,4
2023-10-09,37,2025-04-01,2025-04-30,Coordinado,Promedio,Are0127,1888859.625,2022,4
2023-10-09,37,2025-04-01,2025-04-30,Autonomo,Percentil 5,Are0127,940966.6875,2022,4
2023-10-09,37,2025-04-01,2025-04-30,Coordinado,Percentil 95,Are0127,811333.3125,2022,4
2023-10-09,37,2025-04-01,2025-04-30,Autonomo,Promedio,Are0010,211845872.0,2022,4
2023-10-09,37,2025-04-01,2025-04-30,Coordinado,Promedio,Are0010,199000096.0,2022,4
2023-10-09,37,2025-04-01,2025-04-30,Coordinado,Percentil 95,Are0012,5758333.5,2022,4
2023-10-09,37,2025-04-01,2025-04-30,Coordinado,Percentil 95,Are0056,23419980.0,2022,4
2023-10-09,37,2025-04-01,2025-04-30,Coordinado,Percentil 5,Are0010,123463336.0,2022,4
2023-10-09,37,2025-04-01,2025-04-30,Coordinado,Percentil 5,Are0002,59453356.0,2022,4
2023-10-09,37,2025-04-01,2025-04-30,Autonomo,Promedio,Are0127,2418622.25,2022,4
2023-10-09,37,2025-04-01,2025-04-30,Coordinado,Percentil 5,Are0128,21612700.0,2022,4
2023-10-09,37,2025-04-01,2025-04-30,Coordinado,Percentil 95,Are0002,59453356.0,2022,4
2023-10-09,37,2025-04-01,2025-04-30,Coordinado,Percentil 5,Are0056,23419980.0,2022,4
2023-10-09,37,2025-04-01,2025-04-30,Autonomo,Percentil 95,Are0010,329393344.0,2022,4
2023-10-09,37,2025-04-01,2025-04-30,Coordinado,Promedio,Are0012,14774507.0,2022,4
2023-10-09,37,2025-04-01,2025-04-30,Autonomo,Promedio,Are0128,38193472.0,2022,4
2023-10-09,37,2025-04-01,2025-04-30,Autonomo,Promedio,Are0056,43675328.0,2022,4
2023-10-09,37,2025-04-01,2025-04-30,Coordinado,Promedio,Are0128,34492024.0,2022,4
2023-10-09,35,2025-04-01,2025-04-30,Autonomo,Percentil 5,Are0012,8142666.5,2022,6
2024-08-15,9,2025-04-01,2025-04-30,Autonomo,Percentil 5,Are0012,5035666.5,2024,8
2024-08-15,9,2025-04-01,2025-04-30,Autonomo,Promedio,Are0127,2181850.75,2024,8
2024-08-15,9,2025-04-01,2025-04-30,Autonomo,Percentil 5,Are0010,112450000.0,2024,8
2024-08-15,9,2025-04-01,2025-04-30,Autonomo,Percentil 5,Are0128,21416644.0,2024,8
2024-08-15,9,2025-04-01,2025-04-30,Autonomo,Percentil 5,Are0002,46506216.0,2024,8
2024-08-15,9,2025-04-01,2025-04-30,Autonomo,Promedio,Are0010,219581504.0,2024,8
2024-08-15,9,2025-04-01,2025-04-30,Autonomo,Promedio,Are0128,40399512.0,2024,8
2024-08-15,9,2025-04-01,2025-04-30,Autonomo,Promedio,Are0056,44132292.0,2024,8
2024-08-15,9,2025-04-01,2025-04-30,Autonomo,Promedio,Are0012,16011753.0,2024,8
2024-08-15,9,2025-04-01,2025-04-30,Autonomo,Promedio,Are0002,116856136.0,2024,8
2024-01-15,17,2025-04-01,2025-04-30,Autonomo,Percentil 95,Are0127,741266.6875,2023,12
2024-01-15,17,2025-04-01,2025-04-30,Autonomo,Percentil 5,Are0127,741266.6875,2023,12
2024-01-15,17,2025-04-01,2025-04-30,Autonomo,Promedio,Are0127,2261467.75,2023,12
2024-01-15,17,2025-04-01,2025-04-30,Autonomo,Percentil 95,Are0010,303266656.0,2023,12
2024-01-15,17,2025-04-01,2025-04-30,Autonomo,Percentil 5,Are0010,133570000.0,2023,12
2024-01-15,17,2025-04-01,2025-04-30,Autonomo,Promedio,Are0010,214010496.0,2023,12
2024-01-15,17,2025-04-01,2025-04-30,Autonomo,Percentil 95,Are0128,25430824.0,2023,12
2024-01-15,17,2025-04-01,2025-04-30,Autonomo,Percentil 5,Are0128,25430824.0,2023,12
2024-01-15,17,2025-04-01,2025-04-30,Autonomo,Promedio,Are0128,39376832.0,2023,12
2024-01-15,17,2025-04-01,2025-04-30,Autonomo,Percentil 95,Are0056,27312004.0,2023,12
2024-01-15,17,2025-04-01,2025-04-30,Autonomo,Percentil 5,Are0056,27312004.0,2023,12
2024-01-15,17,2025-04-01,2025-04-30,Autonomo,Promedio,Are0056,44335016.0,2023,12
2024-01-15,17,2025-04-01,2025-04-30,Autonomo,Percentil 95,Are0012,6060333.5,2023,12
2024-01-15,17,2025-04-01,2025-04-30,Autonomo,Percentil 5,Are0012,6060333.5,2023,12
2024-01-15,17,2025-04-01,2025-04-30,Autonomo,Promedio,Are0012,16129167.0,2023,12
2024-01-15,17,2025-04-01,2025-04-30,Autonomo,Percentil 95,Are0002,54607024.0,2023,12
2024-01-15,17,2025-04-01,2025-04-30,Autonomo,Percentil 5,Are0002,54607024.0,2023,12
2024-01-15,17,2025-04-01,2025-04-30,Autonomo,Promedio,Are0002,111908160.0,2023,12
2024-10-15,7,2025-04-01,2025-04-30,Autonomo,Percentil 95,Are0127,597133.3125,2024,10
2024-10-15,7,2025-04-01,2025-04-30,Autonomo,Percentil 5,Are0127,597133.3125,2024,10
2024-10-15,7,2025-04-01,2025-04-30,Autonomo,Promedio,Are0127,2919706.0,2024,10
2024-10-15,7,2025-04-01,2025-04-30,Autonomo,Percentil 95,Are0010,398333344.0,2024,10
2024-10-15,7,2025-04-01,2025-04-30,Autonomo,Percentil 5,Are0010,110230000.0,2024,10
2024-10-15,7,2025-04-01,2025-04-30,Autonomo,Promedio,Are0010,204981136.0,2024,10
2024-10-15,7,2025-04-01,2025-04-30,Autonomo,Percentil 95,Are0128,24323684.0,2024,10
2024-10-15,7,2025-04-01,2025-04-30,Autonomo,Percentil 5,Are0128,24323684.0,2024,10
2024-10-15,7,2025-04-01,2025-04-30,Autonomo,Promedio,Are0128,40361164.0,2024,10
2024-10-15,7,2025-04-01,2025-04-30,Autonomo,Percentil 95,Are0056,26513626.0,2024,10
2024-10-15,7,2025-04-01,2025-04-30,Autonomo,Percentil 5,Are0056,26513626.0,2024,10
2024-10-15,7,2025-04-01,2025-04-30,Autonomo,Promedio,Are0056,41480920.0,2024,10
2024-10-15,7,2025-04-01,2025-04-30,Autonomo,Percentil 95,Are0012,4036666.75,2024,10
2024-10-15,7,2025-04-01,2025-04-30,Autonomo,Percentil 5,Are0012,4036666.75,2024,10
2024-10-15,7,2025-04-01,2025-04-30,Autonomo,Promedio,Are0012,16162590.0,2024,10
2024-10-15,7,2025-04-01,2025-04-30,Autonomo,Percentil 95,Are0002,50340076.0,2024,10
2024-10-15,7,2025-04-01,2025-04-30,Autonomo,Percentil 5,Are0002,50340076.0,2024,10
2024-10-15,7,2025-04-01,2025-04-30,Autonomo,Promedio,Are0002,104056808.0,2024,10
2024-02-02,16,2025-04-01,2025-04-30,Autonomo,Percentil 95,Are0127,795766.6875,2024,1
2024-02-02,16,2025-04-01,2025-04-30,Autonomo,Percentil 5,Are0127,795766.6875,2024,1
2024-02-02,16,2025-04-01,2025-04-30,Autonomo,Promedio,Are0127,2250159.25,2024,1
2024-02-02,16,2025-04-01,2025-04-30,Autonomo,Percentil 95,Are0010,310209984.0,2024,1
2024-02-02,16,2025-04-01,2025-04-30,Autonomo,Percentil 5,Are0010,137563328.0,2024,1
2024-02-02,16,2025-04-01,2025-04-30,Autonomo,Promedio,Are0010,215374368.0,2024,1
2024-02-02,16,2025-04-01,2025-04-30,Autonomo,Percentil 95,Are0128,28397274.0,2024,1
2024-02-02,16,2025-04-01,2025-04-30,Autonomo,Percentil 5,Are0128,28397274.0,2024,1
2024-02-02,16,2025-04-01,2025-04-30,Autonomo,Promedio,Are0128,39467184.0,2024,1
2024-02-02,16,2025-04-01,2025-04-30,Autonomo,Percentil 95,Are0056,30384900.0,2024,1
2024-02-02,16,2025-04-01,2025-04-30,Autonomo,Percentil 5,Are0056,30384900.0,2024,1
2024-02-02,16,2025-04-01,2025-04-30,Autonomo,Promedio,Are0056,45848180.0,2024,1
2024-02-02,16,2025-04-01,2025-04-30,Autonomo,Percentil 95,Are0012,7454666.5,2024,1
2024-02-02,16,2025-04-01,2025-04-30,Autonomo,Percentil 5,Are0012,7454666.5,2024,1
2024-02-02,16,2025-04-01,2025-04-30,Autonomo,Promedio,Are0012,16220207.0,2024,1
2024-02-02,16,2025-04-01,2025-04-30,Autonomo,Percentil 95,Are0002,57158868.0,2024,1
2024-02-02,16,2025-04-01,2025-04-30,Autonomo,Percentil 5,Are0002,57158868.0,2024,1
2024-02-02,16,2025-04-01,2025-04-30,Autonomo,Promedio,Are0002,111588832.0,2024,1
2023-10-10,23,2025-04-01,2025-04-30,Autonomo,Percentil 95,Are0127,763866.6875,2023,6
2023-10-10,23,2025-04-01,2025-04-30,Coordinado,Percentil 95,Are0012,5559000.0,2023,6
2023-10-10,23,2025-04-01,2025-04-30,Autonomo,Percentil 5,Are0010,129053336.0,2023,6
2023-10-10,23,2025-04-01,2025-04-30,Autonomo,Percentil 95,Are0056,27535790.0,2023,6
2023-10-10,23,2025-04-01,2025-04-30,Coordinado,Percentil 95,Are0056,26838044.0,2023,6
2023-10-10,23,2025-04-01,2025-04-30,Autonomo,Promedio,Are0012,16268677.0,2023,6
2023-10-10,23,2025-04-01,2025-04-30,Coordinado,Percentil 5,Are0127,759466.6875,2023,6
2024-05-16,12,2025-04-01,2025-04-30,Autonomo,Percentil 95,Are0056,22090690.0,2024,5
2024-05-16,12,2025-04-01,2025-04-30,Autonomo,Percentil 5,Are0056,22090690.0,2024,5
2024-05-16,12,2025-04-01,2025-04-30,Autonomo,Promedio,Are0056,44549452.0,2024,5
2024-05-16,12,2025-04-01,2025-04-30,Autonomo,Percentil 95,Are0012,4626333.5,2024,5
2024-05-16,12,2025-04-01,2025-04-30,Autonomo,Percentil 5,Are0012,4626333.5,2024,5
2024-05-16,12,2025-04-01,2025-04-30,Autonomo,Promedio,Are0012,15514663.0,2024,5
2024-05-16,12,2025-04-01,2025-04-30,Autonomo,Percentil 95,Are0002,40563904.0,2024,5
2024-05-16,12,2025-04-01,2025-04-30,Autonomo,Percentil 5,Are0002,40563904.0,2024,5
2024-05-16,12,2025-04-01,2025-04-30,Autonomo,Promedio,Are0002,107303496.0,2024,5
2024-12-16,5,2025-04-01,2025-04-30,Autonomo,Percentil 95,Are0127,907466.6875,2024,12
2024-12-16,5,2025-04-01,2025-04-30,Autonomo,Percentil 5,Are0127,907466.6875,2024,12
2024-12-16,5,2025-04-01,2025-04-30,Autonomo,Promedio,Are0127,2712213.25,2024,12
2024-12-16,5,2025-04-01,2025-04-30,Autonomo,Percentil 95,Are0010,364233344.0,2024,12
2024-12-16,5,2025-04-01,2025-04-30,Autonomo,Percentil 5,Are0010,105886664.0,2024,12
2024-12-16,5,2025-04-01,2025-04-30,Autonomo,Promedio,Are0010,200728560.0,2024,12
2024-12-16,5,2025-04-01,2025-04-30,Autonomo,Percentil 95,Are0128,21326636.0,2024,12
2024-12-16,5,2025-04-01,2025-04-30,Autonomo,Percentil 5,Are0128,21326636.0,2024,12
2024-12-16,5,2025-04-01,2025-04-30,Autonomo,Promedio,Are0128,36810712.0,2024,12
2024-12-16,5,2025-04-01,2025-04-30,Autonomo,Percentil 95,Are0056,27423504.0,2024,12
2024-12-16,5,2025-04-01,2025-04-30,Autonomo,Percentil 5,Are0056,27423504.0,2024,12
2024-12-16,5,2025-04-01,2025-04-30,Autonomo,Promedio,Are0056,50544104.0,2024,12
2024-12-16,5,2025-04-01,2025-04-30,Autonomo,Percentil 95,Are0012,4339000.0,2024,12
2024-12-16,5,2025-04-01,2025-04-30,Autonomo,Percentil 5,Are0012,4339000.0,2024,12
2024-12-16,5,2025-04-01,2025-04-30,Autonomo,Promedio,Are0012,16395213.0,2024,12
2024-12-16,5,2025-04-01,2025-04-30,Autonomo,Percentil 95,Are0002,36314260.0,2024,12
2024-12-16,5,2025-04-01,2025-04-30,Autonomo,Percentil 5,Are0002,36314260.0,2024,12
2024-12-16,5,2025-04-01,2025-04-30,Autonomo,Promedio,Are0002,94266536.0,2024,12
2025-03-15,2,2025-04-01,2025-04-30,Autonomo,Percentil 95,Are0127,904600.0,2025,3
2025-03-15,2,2025-04-01,2025-04-30,Autonomo,Percentil 5,Are0127,904600.0,2025,3
2025-03-15,2,2025-04-01,2025-04-30,Autonomo,Promedio,Are0127,2851568.0,2025,3
2025-03-15,2,2025-04-01,2025-04-30,Autonomo,Percentil 95,Are0010,396466656.0,2025,3
2025-03-15,2,2025-04-01,2025-04-30,Autonomo,Percentil 5,Are0010,124730000.0,2025,3
2025-03-15,2,2025-04-01,2025-04-30,Autonomo,Promedio,Are0010,239055936.0,2025,3
2025-03-15,2,2025-04-01,2025-04-30,Autonomo,Percentil 95,Are0128,26405236.0,2025,3
2025-03-15,2,2025-04-01,2025-04-30,Autonomo,Percentil 5,Are0128,26405236.0,2025,3
2025-03-15,2,2025-04-01,2025-04-30,Autonomo,Promedio,Are0128,41832696.0,2025,3
2025-03-15,2,2025-04-01,2025-04-30,Autonomo,Percentil 95,Are0056,28361856.0,2025,3
2025-03-15,2,2025-04-01,2025-04-30,Autonomo,Percentil 5,Are0056,28361856.0,2025,3
2025-03-15,2,2025-04-01,2025-04-30,Autonomo,Promedio,Are0056,53834136.0,2025,3
2025-03-15,2,2025-04-01,2025-04-30,Autonomo,Percentil 95,Are0012,7276000.0,2025,3
2025-03-15,2,2025-04-01,2025-04-30,Autonomo,Percentil 5,Are0012,7276000.0,2025,3
2025-03-15,2,2025-04-01,2025-04-30,Autonomo,Promedio,Are0012,16833616.0,2025,3
2025-03-15,2,2025-04-01,2025-04-30,Autonomo,Percentil 95,Are0002,47750932.0,2025,3
2025-03-15,2,2025-04-01,2025-04-30,Autonomo,Percentil 5,Are0002,47750932.0,2025,3
2025-03-15,2,2025-04-01,2025-04-30,Autonomo,Promedio,Are0002,123703656.0,2025,3
2025-02-15,3,2025-04-01,2025-04-30,Autonomo,Percentil 95,Are0127,617533.3125,2025,2
2025-02-15,3,2025-04-01,2025-04-30,Autonomo,Percentil 5,Are0127,617533.3125,2025,2
2025-02-15,3,2025-04-01,2025-04-30,Autonomo,Promedio,Are0127,2469144.25,2025,2
2025-02-15,3,2025-04-01,2025-04-30,Autonomo,Percentil 95,Are0010,354666656.0,2025,2
2025-02-15,3,2025-04-01,2025-04-30,Autonomo,Percentil 5,Are0010,101250000.0,2025,2
2025-02-15,3,2025-04-01,2025-04-30,Autonomo,Promedio,Are0010,203564464.0,2025,2
2025-02-15,3,2025-04-01,2025-04-30,Autonomo,Percentil 95,Are0128,22399874.0,2025,2
2025-02-15,3,2025-04-01,2025-04-30,Autonomo,Percentil 5,Are0128,22399874.0,2025,2
2025-02-15,3,2025-04-01,2025-04-30,Autonomo,Promedio,Are0128,39033924.0,2025,2
2025-02-15,3,2025-04-01,2025-04-30,Autonomo,Percentil 95,Are0056,23749000.0,2025,2
2025-02-15,3,2025-04-01,2025-04-30,Autonomo,Percentil 5,Are0056,23749000.0,2025,2
2025-02-15,3,2025-04-01,2025-04-30,Autonomo,Promedio,Are0056,46934796.0,2025,2
2025-02-15,3,2025-04-01,2025-04-30,Autonomo,Percentil 95,Are0012,3981000.0,2025,2
2025-02-15,3,2025-04-01,2025-04-30,Autonomo,Percentil 5,Are0012,3981000.0,2025,2
2025-02-15,3,2025-04-01,2025-04-30,Autonomo,Promedio,Are0012,15485427.0,2025,2
2025-02-15,3,2025-04-01,2025-04-30,Autonomo,Percentil 95,Are0002,39967136.0,2025,2
2025-02-15,3,2025-04-01,2025-04-30,Autonomo,Percentil 5,Are0002,39967136.0,2025,2
2025-02-15,3,2025-04-01,2025-04-30,Autonomo,Promedio,Are0002,99640936.0,2025,2
2024-08-15,9,2025-04-01,2025-04-30,Autonomo,Percentil 95,Are0127,545633.3125,2024,8
2024-08-15,9,2025-04-01,2025-04-30,Autonomo,Percentil 95,Are0056,24104324.0,2024,8
2024-08-15,9,2025-04-01,2025-04-30,Autonomo,Percentil 95,Are0012,5035666.5,2024,8
2024-08-15,9,2025-04-01,2025-04-30,Autonomo,Percentil 95,Are0002,46506216.0,2024,8
2024-08-15,9,2025-04-01,2025-04-30,Autonomo,Percentil 5,Are0127,545633.3125,2024,8
2024-08-15,9,2025-04-01,2025-04-30,Autonomo,Percentil 95,Are0010,439166656.0,2024,8
2024-08-15,9,2025-04-01,2025-04-30,Autonomo,Percentil 95,Are0128,21416644.0,2024,8
2024-08-15,9,2025-04-01,2025-04-30,Autonomo,Percentil 5,Are0056,24104324.0,2024,8
2023-10-10,25,2025-04-01,2025-04-30,Coordinado,Promedio,Are0012,18418064.0,2023,4
2023-10-10,25,2025-04-01,2025-04-30,Coordinado,Percentil 95,Are0056,28413216.0,2023,4
2023-10-10,25,2025-04-01,2025-04-30,Autonomo,Percentil 5,Are0012,7189666.5,2023,4
2023-10-10,25,2025-04-01,2025-04-30,Autonomo,Percentil 5,Are0128,28033474.0,2023,4
2023-10-10,25,2025-04-01,2025-04-30,Autonomo,Promedio,Are0002,125325736.0,2023,4
2023-10-10,25,2025-04-01,2025-04-30,Autonomo,Percentil 95,Are0056,27835924.0,2023,4
2023-10-10,25,2025-04-01,2025-04-30,Autonomo,Percentil 95,Are0012,7189666.5,2023,4
2023-10-10,25,2025-04-01,2025-04-30,Autonomo,Promedio,Are0012,19305836.0,2023,4
2023-10-10,25,2025-04-01,2025-04-30,Coordinado,Percentil 95,Are0127,818833.3125,2023,4
2023-10-10,25,2025-04-01,2025-04-30,Coordinado,Percentil 5,Are0127,818833.3125,2023,4
2023-10-10,25,2025-04-01,2025-04-30,Autonomo,Promedio,Are0010,234319664.0,2023,4
2023-10-10,25,2025-04-01,2025-04-30,Autonomo,Percentil 5,Are0010,144343328.0,2023,4
2023-10-10,25,2025-04-01,2025-04-30,Coordinado,Promedio,Are0002,124483584.0,2023,4
2023-10-10,25,2025-04-01,2025-04-30,Coordinado,Percentil 5,Are0010,141490000.0,2023,4
2023-10-10,25,2025-04-01,2025-04-30,Coordinado,Promedio,Are0056,45886020.0,2023,4
2023-10-10,25,2025-04-01,2025-04-30,Coordinado,Promedio,Are0127,2436225.0,2023,4
2023-10-10,25,2025-04-01,2025-04-30,Autonomo,Percentil 95,Are0002,66704864.0,2023,4
2023-10-10,25,2025-04-01,2025-04-30,Coordinado,Promedio,Are0128,39854556.0,2023,4
2023-10-10,25,2025-04-01,2025-04-30,Coordinado,Percentil 95,Are0002,66269484.0,2023,4
2023-10-10,25,2025-04-01,2025-04-30,Autonomo,Promedio,Are0056,46343856.0,2023,4
2023-10-10,25,2025-04-01,2025-04-30,Coordinado,Percentil 95,Are0128,25953446.0,2023,4
2023-10-10,25,2025-04-01,2025-04-30,Coordinado,Percentil 95,Are0010,341200000.0,2023,4
2023-10-10,25,2025-04-01,2025-04-30,Coordinado,Percentil 5,Are0012,7116333.5,2023,4
2023-10-10,25,2025-04-01,2025-04-30,Coordinado,Percentil 5,Are0128,25953446.0,2023,4
2023-10-10,25,2025-04-01,2025-04-30,Coordinado,Percentil 5,Are0002,66269484.0,2023,4
2023-10-10,25,2025-04-01,2025-04-30,Coordinado,Promedio,Are0010,231078304.0,2023,4
2023-10-10,25,2025-04-01,2025-04-30,Coordinado,Percentil 95,Are0012,7116333.5,2023,4
2023-10-10,25,2025-04-01,2025-04-30,Autonomo,Percentil 5,Are0002,66704864.0,2023,4
2023-10-10,25,2025-04-01,2025-04-30,Autonomo,Percentil 95,Are0128,28033474.0,2023,4
2023-10-10,25,2025-04-01,2025-04-30,Autonomo,Percentil 5,Are0056,27835924.0,2023,4
2023-10-10,27,2025-04-01,2025-04-30,Autonomo,Promedio,Are0012,17971460.0,2023,2
2023-10-10,27,2025-04-01,2025-04-30,Autonomo,Promedio,Are0128,38531492.0,2023,2
2023-10-10,27,2025-04-01,2025-04-30,Coordinado,Promedio,Are0056,43734320.0,2023,2
2023-10-10,27,2025-04-01,2025-04-30,Coordinado,Promedio,Are0012,17112500.0,2023,2
2023-10-10,27,2025-04-01,2025-04-30,Coordinado,Promedio,Are0002,117138200.0,2023,2
2023-10-10,27,2025-04-01,2025-04-30,Autonomo,Percentil 95,Are0128,26103716.0,2023,2
2023-10-10,27,2025-04-01,2025-04-30,Coordinado,Promedio,Are0010,217984128.0,2023,2
2023-10-10,27,2025-04-01,2025-04-30,Coordinado,Promedio,Are0127,2449954.0,2023,2
2023-10-10,27,2025-04-01,2025-04-30,Autonomo,Percentil 5,Are0010,126716664.0,2023,2
2023-10-10,27,2025-04-01,2025-04-30,Autonomo,Promedio,Are0056,44304864.0,2023,2
2023-10-10,27,2025-04-01,2025-04-30,Autonomo,Percentil 5,Are0012,7504666.5,2023,2
2023-10-10,27,2025-04-01,2025-04-30,Coordinado,Percentil 5,Are0012,7082666.5,2023,2
2023-10-10,27,2025-04-01,2025-04-30,Autonomo,Promedio,Are0127,2654051.0,2023,2
2023-10-10,27,2025-04-01,2025-04-30,Coordinado,Percentil 95,Are0002,55571032.0,2023,2
2023-10-10,27,2025-04-01,2025-04-30,Coordinado,Percentil 95,Are0010,343966656.0,2023,2
2023-10-10,27,2025-04-01,2025-04-30,Coordinado,Percentil 5,Are0010,128163336.0,2023,2
2023-10-10,27,2025-04-01,2025-04-30,Autonomo,Promedio,Are0010,221252368.0,2023,2
2023-10-10,27,2025-04-01,2025-04-30,Autonomo,Percentil 95,Are0002,55043068.0,2023,2
2023-10-10,27,2025-04-01,2025-04-30,Coordinado,Percentil 5,Are0127,951066.6875,2023,2
2023-10-10,27,2025-04-01,2025-04-30,Autonomo,Percentil 95,Are0056,23979540.0,2023,2
2023-10-10,27,2025-04-01,2025-04-30,Coordinado,Promedio,Are0128,37549152.0,2023,2
2023-10-10,27,2025-04-01,2025-04-30,Autonomo,Percentil 95,Are0127,1080733.375,2023,2
2023-10-10,27,2025-04-01,2025-04-30,Autonomo,Percentil 5,Are0128,26103716.0,2023,2
2023-10-10,27,2025-04-01,2025-04-30,Autonomo,Percentil 95,Are0010,350066656.0,2023,2
2023-10-10,27,2025-04-01,2025-04-30,Coordinado,Percentil 95,Are0127,951066.6875,2023,2
2023-10-10,27,2025-04-01,2025-04-30,Coordinado,Percentil 5,Are0056,23728560.0,2023,2
2023-10-10,27,2025-04-01,2025-04-30,Coordinado,Percentil 95,Are0128,23883444.0,2023,2
2023-10-10,27,2025-04-01,2025-04-30,Autonomo,Promedio,Are0002,117790840.0,2023,2
2023-10-10,27,2025-04-01,2025-04-30,Autonomo,Percentil 5,Are0127,1080733.375,2023,2
2023-10-10,27,2025-04-01,2025-04-30,Coordinado,Percentil 95,Are0056,23728560.0,2023,2
2023-10-10,27,2025-04-01,2025-04-30,Autonomo,Percentil 5,Are0002,55043068.0,2023,2
2023-10-10,27,2025-04-01,2025-04-30,Coordinado,Percentil 5,Are0128,23883444.0,2023,2
2023-10-10,27,2025-04-01,2025-04-30,Autonomo,Percentil 95,Are0012,7504666.5,2023,2
2023-10-10,27,2025-04-01,2025-04-30,Coordinado,Percentil 5,Are0002,55571032.0,2023,2
2023-10-10,27,2025-04-01,2025-04-30,Autonomo,Percentil 5,Are0056,23979540.0,2023,2
2023-10-10,27,2025-04-01,2025-04-30,Coordinado,Percentil 95,Are0012,7082666.5,2023,2
2023-10-10,24,2025-04-01,2025-04-30,Autonomo,Percentil 95,Are0127,964200.0,2023,5
2023-10-10,24,2025-04-01,2025-04-30,Autonomo,Percentil 5,Are0010,139743328.0,2023,5
2023-10-10,24,2025-04-01,2025-04-30,Autonomo,Percentil 5,Are0128,24440080.0,2023,5
2023-10-10,24,2025-04-01,2025-04-30,Coordinado,Promedio,Are0002,120753272.0,2023,5
2023-10-10,24,2025-04-01,2025-04-30,Coordinado,Percentil 95,Are0010,345266656.0,2023,5
2023-10-10,23,2025-04-01,2025-04-30,Coordinado,Percentil 5,Are0010,127043336.0,2023,6
2023-10-10,23,2025-04-01,2025-04-30,Coordinado,Promedio,Are0012,15661917.0,2023,6
2023-10-10,23,2025-04-01,2025-04-30,Autonomo,Percentil 5,Are0056,27535790.0,2023,6
2023-10-10,23,2025-04-01,2025-04-30,Autonomo,Percentil 95,Are0002,60651672.0,2023,6
2023-10-10,23,2025-04-01,2025-04-30,Autonomo,Percentil 95,Are0128,22729054.0,2023,6
2023-10-10,23,2025-04-01,2025-04-30,Coordinado,Percentil 5,Are0012,5559000.0,2023,6
2023-10-10,23,2025-04-01,2025-04-30,Coordinado,Promedio,Are0010,217909264.0,2023,6
2023-10-10,23,2025-04-01,2025-04-30,Autonomo,Percentil 5,Are0012,6168000.0,2023,6
2023-10-10,23,2025-04-01,2025-04-30,Coordinado,Promedio,Are0127,2221978.25,2023,6
2023-10-10,23,2025-04-01,2025-04-30,Coordinado,Percentil 5,Are0128,22154166.0,2023,6
2023-10-10,23,2025-04-01,2025-04-30,Autonomo,Promedio,Are0127,2417497.75,2023,6
2023-10-10,23,2025-04-01,2025-04-30,Autonomo,Promedio,Are0128,37825672.0,2023,6
2023-10-10,23,2025-04-01,2025-04-30,Coordinado,Percentil 5,Are0056,26838044.0,2023,6
2023-10-10,23,2025-04-01,2025-04-30,Coordinado,Percentil 95,Are0002,60609836.0,2023,6
2023-10-10,23,2025-04-01,2025-04-30,Autonomo,Promedio,Are0056,45253396.0,2023,6
2023-10-10,23,2025-04-01,2025-04-30,Coordinado,Promedio,Are0128,36716084.0,2023,6
2023-10-10,23,2025-04-01,2025-04-30,Autonomo,Promedio,Are0002,119106312.0,2023,6
2023-10-10,23,2025-04-01,2025-04-30,Autonomo,Percentil 5,Are0128,22729054.0,2023,6
2023-10-10,23,2025-04-01,2025-04-30,Coordinado,Percentil 95,Are0010,338500000.0,2023,6
2023-10-10,23,2025-04-01,2025-04-30,Autonomo,Percentil 5,Are0127,763866.6875,2023,6
2023-10-10,23,2025-04-01,2025-04-30,Autonomo,Percentil 5,Are0002,60651672.0,2023,6
2023-10-10,23,2025-04-01,2025-04-30,Coordinado,Promedio,Are0056,44682264.0,2023,6
2023-10-10,23,2025-04-01,2025-04-30,Coordinado,Percentil 95,Are0127,759466.6875,2023,6
2023-10-10,23,2025-04-01,2025-04-30,Coordinado,Percentil 95,Are0128,22154166.0,2023,6
2023-10-10,23,2025-04-01,2025-04-30,Coordinado,Promedio,Are0002,118626816.0,2023,6
2023-10-10,23,2025-04-01,2025-04-30,Autonomo,Promedio,Are0010,220871504.0,2023,6
2023-10-10,23,2025-04-01,2025-04-30,Autonomo,Percentil 95,Are0010,339433344.0,2023,6
2023-10-10,23,2025-04-01,2025-04-30,Autonomo,Percentil 95,Are0012,6168000.0,2023,6
2023-10-10,23,2025-04-01,2025-04-30,Coordinado,Percentil 5,Are0002,60609836.0,2023,6
2023-10-10,26,2025-04-01,2025-04-30,Coordinado,Percentil 5,Are0128,25500214.0,2023,3
2023-10-10,26,2025-04-01,2025-04-30,Coordinado,Percentil 95,Are0002,55985120.0,2023,3
2023-10-10,26,2025-04-01,2025-04-30,Autonomo,Percentil 5,Are0012,5877000.0,2023,3
2023-10-10,26,2025-04-01,2025-04-30,Coordinado,Percentil 95,Are0010,321083328.0,2023,3
2023-10-10,26,2025-04-01,2025-04-30,Autonomo,Promedio,Are0127,2475461.0,2023,3
2023-10-10,26,2025-04-01,2025-04-30,Coordinado,Percentil 95,Are0127,808833.3125,2023,3
2023-10-10,26,2025-04-01,2025-04-30,Autonomo,Percentil 95,Are0056,29512876.0,2023,3
2023-10-10,26,2025-04-01,2025-04-30,Autonomo,Promedio,Are0010,222365232.0,2023,3
2023-10-10,26,2025-04-01,2025-04-30,Coordinado,Percentil 95,Are0056,28937940.0,2023,3
2023-10-10,26,2025-04-01,2025-04-30,Coordinado,Promedio,Are0128,38570684.0,2023,3
2023-10-10,26,2025-04-01,2025-04-30,Coordinado,Promedio,Are0012,16572473.0,2023,3
2023-10-10,26,2025-04-01,2025-04-30,Coordinado,Promedio,Are0010,219435264.0,2023,3
2023-10-10,26,2025-04-01,2025-04-30,Autonomo,Percentil 95,Are0002,56520384.0,2023,3
2023-10-10,26,2025-04-01,2025-04-30,Coordinado,Percentil 95,Are0128,25500214.0,2023,3
2023-10-10,26,2025-04-01,2025-04-30,Autonomo,Promedio,Are0128,39364684.0,2023,3
2023-10-10,26,2025-04-01,2025-04-30,Coordinado,Promedio,Are0056,45371420.0,2023,3
2023-10-10,26,2025-04-01,2025-04-30,Autonomo,Promedio,Are0002,117267168.0,2023,3
2023-10-10,26,2025-04-01,2025-04-30,Autonomo,Percentil 5,Are0010,136073328.0,2023,3
2023-10-10,26,2025-04-01,2025-04-30,Coordinado,Percentil 95,Are0012,5297333.5,2023,3
2023-10-10,26,2025-04-01,2025-04-30,Coordinado,Percentil 5,Are0012,5297333.5,2023,3
2023-10-10,26,2025-04-01,2025-04-30,Coordinado,Percentil 5,Are0056,28937940.0,2023,3
2023-10-10,26,2025-04-01,2025-04-30,Autonomo,Percentil 5,Are0002,56520384.0,2023,3
2023-10-10,26,2025-04-01,2025-04-30,Coordinado,Promedio,Are0002,116551712.0,2023,3
2023-10-10,26,2025-04-01,2025-04-30,Coordinado,Promedio,Are0127,2368849.0,2023,3
2023-10-10,26,2025-04-01,2025-04-30,Coordinado,Percentil 5,Are0002,55985120.0,2023,3
2023-10-10,26,2025-04-01,2025-04-30,Autonomo,Percentil 95,Are0127,892066.6875,2023,3
2023-10-10,26,2025-04-01,2025-04-30,Autonomo,Percentil 95,Are0012,5877000.0,2023,3
2023-10-10,26,2025-04-01,2025-04-30,Autonomo,Promedio,Are0056,46012044.0,2023,3
2023-10-10,26,2025-04-01,2025-04-30,Autonomo,Percentil 5,Are0127,892066.6875,2023,3
2023-10-10,26,2025-04-01,2025-04-30,Autonomo,Percentil 95,Are0128,27246620.0,2023,3
2023-10-10,26,2025-04-01,2025-04-30,Autonomo,Promedio,Are0012,17246036.0,2023,3
2023-10-10,26,2025-04-01,2025-04-30,Autonomo,Percentil 5,Are0128,27246620.0,2023,3
2023-10-10,26,2025-04-01,2025-04-30,Coordinado,Percentil 5,Are0010,134070000.0,2023,3
2023-10-10,26,2025-04-01,2025-04-30,Coordinado,Percentil 5,Are0127,808833.3125,2023,3
2023-10-10,26,2025-04-01,2025-04-30,Autonomo,Percentil 5,Are0056,29512876.0,2023,3
2023-10-10,26,2025-04-01,2025-04-30,Autonomo,Percentil 95,Are0010,327740000.0,2023,3
2023-10-10,25,2025-04-01,2025-04-30,Autonomo,Percentil 95,Are0010,342333344.0,2023,4
2023-10-10,25,2025-04-01,2025-04-30,Autonomo,Percentil 95,Are0127,862233.3125,2023,4
2023-10-10,25,2025-04-01,2025-04-30,Coordinado,Percentil 5,Are0056,28413216.0,2023,4
2023-10-10,25,2025-04-01,2025-04-30,Autonomo,Percentil 5,Are0127,862233.3125,2023,4
2023-10-10,25,2025-04-01,2025-04-30,Autonomo,Promedio,Are0127,2606580.25,2023,4
2023-10-10,25,2025-04-01,2025-04-30,Autonomo,Promedio,Are0128,40737520.0,2023,4
2023-10-10,19,2025-03-01,2025-03-31,Coordinado,Promedio,Are0056,23795664.0,2023,9
2023-10-10,19,2025-03-01,2025-03-31,Autonomo,Percentil 5,Are0002,41548360.0,2023,9
2023-10-10,19,2025-03-01,2025-03-31,Autonomo,Percentil 5,Are0012,1844064.5,2023,9
2023-10-10,19,2025-03-01,2025-03-31,Autonomo,Promedio,Are0128,33908600.0,2023,9
2023-10-10,19,2025-03-01,2025-03-31,Autonomo,Percentil 5,Are0056,11512884.0,2023,9
2023-10-10,19,2025-03-01,2025-03-31,Coordinado,Promedio,Are0010,151063712.0,2023,9
2023-10-10,19,2025-03-01,2025-03-31,Coordinado,Percentil 5,Are0127,389838.71875,2023,9
2023-10-10,19,2025-03-01,2025-03-31,Coordinado,Promedio,Are0127,1427434.75,2023,9
2023-10-10,19,2025-03-01,2025-03-31,Autonomo,Percentil 5,Are0010,86212904.0,2023,9
2023-10-10,19,2025-03-01,2025-03-31,Coordinado,Percentil 95,Are0010,230309680.0,2023,9
2023-10-10,19,2025-03-01,2025-03-31,Coordinado,Percentil 5,Are0002,41510620.0,2023,9
2023-10-10,25,2025-03-01,2025-03-31,Autonomo,Percentil 95,Are0010,249216128.0,2023,3
2023-10-10,25,2025-03-01,2025-03-31,Autonomo,Percentil 95,Are0012,1839612.875,2023,3
2023-10-10,25,2025-03-01,2025-03-31,Autonomo,Percentil 5,Are0127,438451.625,2023,3
2023-10-10,25,2025-03-01,2025-03-31,Autonomo,Percentil 95,Are0056,12920332.0,2023,3
2023-10-10,25,2025-03-01,2025-03-31,Autonomo,Percentil 95,Are0128,20037830.0,2023,3
2023-10-10,25,2025-03-01,2025-03-31,Coordinado,Percentil 95,Are0127,377161.28125,2023,3
2023-10-10,25,2025-03-01,2025-03-31,Coordinado,Promedio,Are0002,93323584.0,2023,3
2023-10-10,25,2025-03-01,2025-03-31,Coordinado,Promedio,Are0012,8892139.0,2023,3
2023-10-10,25,2025-03-01,2025-03-31,Coordinado,Percentil 5,Are0127,377161.28125,2023,3
2023-10-10,25,2025-03-01,2025-03-31,Autonomo,Promedio,Are0012,9145481.0,2023,3
2023-10-10,25,2025-03-01,2025-03-31,Autonomo,Promedio,Are0056,23406714.0,2023,3
2023-10-10,25,2025-03-01,2025-03-31,Coordinado,Percentil 5,Are0002,41583860.0,2023,3
2023-10-10,25,2025-03-01,2025-03-31,Autonomo,Percentil 5,Are0012,1839612.875,2023,3
2023-10-10,25,2025-03-01,2025-03-31,Coordinado,Percentil 5,Are0012,1649387.125,2023,3
2023-10-10,25,2025-03-01,2025-03-31,Autonomo,Percentil 95,Are0127,438451.625,2023,3
2023-10-10,25,2025-03-01,2025-03-31,Autonomo,Percentil 5,Are0128,20037830.0,2023,3
2023-10-10,25,2025-03-01,2025-03-31,Autonomo,Percentil 5,Are0010,95090320.0,2023,3
2023-10-10,25,2025-03-01,2025-03-31,Coordinado,Promedio,Are0128,34312560.0,2023,3
2023-10-10,25,2025-03-01,2025-03-31,Autonomo,Percentil 95,Are0002,41867248.0,2023,3
2023-10-10,25,2025-03-01,2025-03-31,Coordinado,Percentil 95,Are0010,247603232.0,2023,3
2023-10-10,25,2025-03-01,2025-03-31,Coordinado,Percentil 5,Are0056,12701748.0,2023,3
2023-10-10,25,2025-03-01,2025-03-31,Coordinado,Promedio,Are0056,23194848.0,2023,3
2023-10-10,25,2025-03-01,2025-03-31,Autonomo,Promedio,Are0128,34890188.0,2023,3
2023-10-10,25,2025-03-01,2025-03-31,Autonomo,Promedio,Are0002,93674272.0,2023,3
2023-10-10,25,2025-03-01,2025-03-31,Autonomo,Percentil 5,Are0056,12920332.0,2023,3
2023-10-10,25,2025-03-01,2025-03-31,Coordinado,Percentil 5,Are0010,94093552.0,2023,3
2023-10-10,25,2025-03-01,2025-03-31,Coordinado,Percentil 95,Are0128,19704278.0,2023,3
2023-10-10,25,2025-03-01,2025-03-31,Autonomo,Promedio,Are0010,162665104.0,2023,3
2023-10-10,25,2025-03-01,2025-03-31,Coordinado,Percentil 95,Are0012,1649387.125,2023,3
2023-10-10,25,2025-03-01,2025-03-31,Coordinado,Promedio,Are0010,161203072.0,2023,3
2023-10-10,25,2025-03-01,2025-03-31,Coordinado,Percentil 95,Are0056,12701748.0,2023,3
2023-10-10,25,2025-03-01,2025-03-31,Coordinado,Promedio,Are0127,1479843.125,2023,3
2023-10-10,25,2025-03-01,2025-03-31,Coordinado,Percentil 5,Are0128,19704278.0,2023,3
2023-10-10,25,2025-03-01,2025-03-31,Autonomo,Promedio,Are0127,1548447.375,2023,3
2023-10-10,25,2025-03-01,2025-03-31,Autonomo,Percentil 5,Are0002,41867248.0,2023,3
2023-10-10,25,2025-03-01,2025-03-31,Coordinado,Percentil 95,Are0002,41583860.0,2023,3
2023-10-09,34,2025-03-01,2025-03-31,Coordinado,Percentil 95,Are0010,235480640.0,2022,6
2023-10-09,34,2025-03-01,2025-03-31,Coordinado,Percentil 95,Are0002,47778596.0,2022,6
2023-10-09,34,2025-03-01,2025-03-31,Coordinado,Percentil 95,Are0012,3093064.5,2022,6
2023-10-09,34,2025-03-01,2025-03-31,Autonomo,Percentil 5,Are0056,12080082.0,2022,6
2023-10-09,34,2025-03-01,2025-03-31,Autonomo,Percentil 5,Are0128,21161012.0,2022,6
2023-10-09,34,2025-03-01,2025-03-31,Autonomo,Promedio,Are0056,21073260.0,2022,6
2023-10-09,34,2025-03-01,2025-03-31,Coordinado,Percentil 5,Are0128,19054106.0,2022,6
2023-10-09,34,2025-03-01,2025-03-31,Coordinado,Promedio,Are0012,8163990.0,2022,6
2023-10-09,34,2025-03-01,2025-03-31,Coordinado,Promedio,Are0127,1257928.375,2022,6
2023-10-09,34,2025-03-01,2025-03-31,Autonomo,Promedio,Are0012,9039761.0,2022,6
2023-10-09,34,2025-03-01,2025-03-31,Autonomo,Percentil 5,Are0010,90896776.0,2022,6
2023-10-09,34,2025-03-01,2025-03-31,Autonomo,Promedio,Are0128,34123736.0,2022,6
2023-10-09,34,2025-03-01,2025-03-31,Autonomo,Percentil 95,Are0010,248609680.0,2022,6
2023-10-09,34,2025-03-01,2025-03-31,Autonomo,Percentil 5,Are0127,555548.375,2022,6
2023-10-09,34,2025-03-01,2025-03-31,Coordinado,Percentil 95,Are0127,425129.03125,2022,6
2023-10-09,34,2025-03-01,2025-03-31,Autonomo,Percentil 95,Are0002,47091932.0,2022,6
2023-10-09,34,2025-03-01,2025-03-31,Autonomo,Percentil 5,Are0002,47091932.0,2022,6
2023-10-09,34,2025-03-01,2025-03-31,Coordinado,Percentil 5,Are0010,88248384.0,2022,6
2023-10-09,34,2025-03-01,2025-03-31,Autonomo,Percentil 5,Are0012,3093064.5,2022,6
2023-10-09,34,2025-03-01,2025-03-31,Coordinado,Percentil 5,Are0002,47778596.0,2022,6
2023-10-09,34,2025-03-01,2025-03-31,Autonomo,Percentil 95,Are0056,12080082.0,2022,6
2023-10-09,34,2025-03-01,2025-03-31,Autonomo,Percentil 95,Are0128,21161012.0,2022,6
2024-01-15,16,2025-03-01,2025-03-31,Autonomo,Percentil 95,Are0056,11285660.0,2023,12
2024-01-15,16,2025-03-01,2025-03-31,Autonomo,Percentil 5,Are0056,11285660.0,2023,12
2024-01-15,16,2025-03-01,2025-03-31,Autonomo,Promedio,Are0056,22505922.0,2023,12
2024-01-15,16,2025-03-01,2025-03-31,Autonomo,Percentil 95,Are0012,1697258.125,2023,12
2024-01-15,16,2025-03-01,2025-03-31,Autonomo,Percentil 5,Are0012,1697258.125,2023,12
2024-01-15,16,2025-03-01,2025-03-31,Autonomo,Promedio,Are0012,7899197.5,2023,12
2024-01-15,16,2025-03-01,2025-03-31,Autonomo,Percentil 95,Are0002,37242816.0,2023,12
2024-01-15,16,2025-03-01,2025-03-31,Autonomo,Percentil 5,Are0002,37242816.0,2023,12
2024-01-15,16,2025-03-01,2025-03-31,Autonomo,Promedio,Are0002,84702472.0,2023,12
2023-10-10,20,2025-03-01,2025-03-31,Autonomo,Promedio,Are0010,153348864.0,2023,8
2023-10-10,20,2025-03-01,2025-03-31,Coordinado,Promedio,Are0128,32079048.0,2023,8
2023-10-10,20,2025-03-01,2025-03-31,Autonomo,Percentil 95,Are0127,364129.03125,2023,8
2023-10-10,20,2025-03-01,2025-03-31,Autonomo,Percentil 5,Are0002,40037232.0,2023,8
2023-10-10,20,2025-03-01,2025-03-31,Autonomo,Promedio,Are0128,32576204.0,2023,8
2023-10-10,20,2025-03-01,2025-03-31,Autonomo,Percentil 5,Are0056,11856671.0,2023,8
2023-10-10,20,2025-03-01,2025-03-31,Autonomo,Percentil 5,Are0127,364129.03125,2023,8
2023-10-10,20,2025-03-01,2025-03-31,Coordinado,Percentil 95,Are0010,236919360.0,2023,8
2023-10-10,20,2025-03-01,2025-03-31,Autonomo,Promedio,Are0127,1381806.25,2023,8
2023-10-10,20,2025-03-01,2025-03-31,Coordinado,Promedio,Are0012,8425475.0,2023,8
2023-10-10,20,2025-03-01,2025-03-31,Autonomo,Percentil 5,Are0012,2364096.75,2023,8
2023-10-10,20,2025-03-01,2025-03-31,Coordinado,Percentil 95,Are0012,2341419.25,2023,8
2023-10-10,20,2025-03-01,2025-03-31,Autonomo,Percentil 95,Are0012,2364096.75,2023,8
2023-10-10,20,2025-03-01,2025-03-31,Coordinado,Percentil 5,Are0012,2341419.25,2023,8
2023-10-10,20,2025-03-01,2025-03-31,Coordinado,Percentil 5,Are0002,40084360.0,2023,8
2023-10-10,20,2025-03-01,2025-03-31,Autonomo,Percentil 5,Are0128,17785854.0,2023,8
2023-10-10,20,2025-03-01,2025-03-31,Coordinado,Promedio,Are0056,23529488.0,2023,8
2023-10-10,20,2025-03-01,2025-03-31,Coordinado,Promedio,Are0002,87018272.0,2023,8
2023-10-10,20,2025-03-01,2025-03-31,Autonomo,Percentil 95,Are0128,17785854.0,2023,8
2023-10-10,20,2025-03-01,2025-03-31,Coordinado,Percentil 5,Are0127,359709.6875,2023,8
2023-10-10,20,2025-03-01,2025-03-31,Coordinado,Percentil 5,Are0056,11639613.0,2023,8
2023-10-10,20,2025-03-01,2025-03-31,Coordinado,Percentil 95,Are0127,359709.6875,2023,8
2023-10-10,20,2025-03-01,2025-03-31,Autonomo,Percentil 95,Are0056,11856671.0,2023,8
2023-10-10,20,2025-03-01,2025-03-31,Coordinado,Promedio,Are0010,152404512.0,2023,8
2023-10-10,20,2025-03-01,2025-03-31,Coordinado,Percentil 5,Are0128,17232236.0,2023,8
2023-10-10,20,2025-03-01,2025-03-31,Coordinado,Percentil 95,Are0002,40084360.0,2023,8
2023-10-10,20,2025-03-01,2025-03-31,Autonomo,Promedio,Are0012,8637316.0,2023,8
2023-10-10,20,2025-03-01,2025-03-31,Autonomo,Percentil 5,Are0010,83151616.0,2023,8
2023-10-10,20,2025-03-01,2025-03-31,Coordinado,Promedio,Are0127,1352192.25,2023,8
2023-10-10,20,2025-03-01,2025-03-31,Autonomo,Promedio,Are0002,87088120.0,2023,8
2023-10-10,20,2025-03-01,2025-03-31,Coordinado,Percentil 95,Are0128,17232236.0,2023,8
2023-10-10,20,2025-03-01,2025-03-31,Coordinado,Percentil 95,Are0056,11639613.0,2023,8
2023-10-10,20,2025-03-01,2025-03-31,Autonomo,Percentil 95,Are0002,40037232.0,2023,8
2023-10-10,20,2025-03-01,2025-03-31,Autonomo,Promedio,Are0056,23665274.0,2023,8
2023-10-10,20,2025-03-01,2025-03-31,Autonomo,Percentil 95,Are0010,237945168.0,2023,8
2023-10-10,20,2025-03-01,2025-03-31,Coordinado,Percentil 5,Are0010,83151616.0,2023,8
2023-10-10,19,2025-03-01,2025-03-31,Coordinado,Percentil 95,Are0056,11844080.0,2023,9
2023-10-10,19,2025-03-01,2025-03-31,Autonomo,Promedio,Are0127,1454223.375,2023,9
2023-10-10,19,2025-03-01,2025-03-31,Coordinado,Promedio,Are0002,84518584.0,2023,9
2023-10-10,19,2025-03-01,2025-03-31,Coordinado,Percentil 5,Are0010,85716128.0,2023,9
2023-10-10,19,2025-03-01,2025-03-31,Autonomo,Percentil 5,Are0128,18712400.0,2023,9
2023-10-10,19,2025-03-01,2025-03-31,Coordinado,Percentil 95,Are0002,41510620.0,2023,9
2023-10-10,19,2025-03-01,2025-03-31,Coordinado,Percentil 95,Are0127,389838.71875,2023,9
2023-10-10,19,2025-03-01,2025-03-31,Autonomo,Percentil 95,Are0127,389290.3125,2023,9
2023-10-10,19,2025-03-01,2025-03-31,Autonomo,Promedio,Are0002,84557384.0,2023,9
2023-10-10,19,2025-03-01,2025-03-31,Coordinado,Promedio,Are0128,33534068.0,2023,9
2023-10-10,19,2025-03-01,2025-03-31,Autonomo,Percentil 95,Are0056,11512884.0,2023,9
2023-10-10,19,2025-03-01,2025-03-31,Coordinado,Promedio,Are0012,7787828.5,2023,9
2023-10-10,19,2025-03-01,2025-03-31,Autonomo,Percentil 5,Are0127,389290.3125,2023,9
2023-10-10,19,2025-03-01,2025-03-31,Coordinado,Percentil 5,Are0056,11844080.0,2023,9
2023-10-10,19,2025-03-01,2025-03-31,Autonomo,Promedio,Are0010,151878864.0,2023,9
2023-10-10,19,2025-03-01,2025-03-31,Autonomo,Percentil 95,Are0128,18712400.0,2023,9
2023-10-10,19,2025-03-01,2025-03-31,Coordinado,Percentil 95,Are0128,19006252.0,2023,9
2023-10-10,19,2025-03-01,2025-03-31,Autonomo,Percentil 95,Are0010,232116128.0,2023,9
2023-10-10,19,2025-03-01,2025-03-31,Autonomo,Percentil 95,Are0012,1844064.5,2023,9
2023-10-10,19,2025-03-01,2025-03-31,Autonomo,Percentil 95,Are0002,41548360.0,2023,9
2023-10-10,19,2025-03-01,2025-03-31,Coordinado,Percentil 95,Are0012,1844064.5,2023,9
2023-10-10,19,2025-03-01,2025-03-31,Coordinado,Percentil 5,Are0012,1844064.5,2023,9
2023-10-10,19,2025-03-01,2025-03-31,Coordinado,Percentil 5,Are0128,19006252.0,2023,9
2023-10-10,19,2025-03-01,2025-03-31,Autonomo,Promedio,Are0012,8045519.5,2023,9
2023-10-10,19,2025-03-01,2025-03-31,Autonomo,Promedio,Are0056,23913008.0,2023,9
2023-10-09,38,2025-03-01,2025-03-31,Coordinado,Percentil 5,Are0012,1990387.125,2022,2
2023-10-09,38,2025-03-01,2025-03-31,Coordinado,Promedio,Are0128,30241822.0,2022,2
2023-10-09,38,2025-03-01,2025-03-31,Autonomo,Promedio,Are0002,83230832.0,2022,2
2023-10-09,38,2025-03-01,2025-03-31,Coordinado,Percentil 5,Are0056,10196866.0,2022,2
2023-10-09,38,2025-03-01,2025-03-31,Coordinado,Promedio,Are0127,1168245.0,2022,2
2023-10-09,38,2025-03-01,2025-03-31,Autonomo,Percentil 5,Are0127,303064.53125,2022,2
2023-10-09,38,2025-03-01,2025-03-31,Autonomo,Percentil 5,Are0128,16277513.0,2022,2
2023-10-09,38,2025-03-01,2025-03-31,Coordinado,Percentil 95,Are0010,236667744.0,2022,2
2023-10-09,38,2025-03-01,2025-03-31,Autonomo,Promedio,Are0128,31542576.0,2022,2
2023-10-09,38,2025-03-01,2025-03-31,Coordinado,Promedio,Are0012,7814256.0,2022,2
2023-10-09,38,2025-03-01,2025-03-31,Autonomo,Percentil 5,Are0002,34350756.0,2022,2
2023-10-09,38,2025-03-01,2025-03-31,Autonomo,Promedio,Are0056,20635132.0,2022,2
2023-10-09,38,2025-03-01,2025-03-31,Coordinado,Percentil 95,Are0002,34323112.0,2022,2
2023-10-09,38,2025-03-01,2025-03-31,Coordinado,Percentil 95,Are0127,264083.875,2022,2
2023-10-09,38,2025-03-01,2025-03-31,Autonomo,Percentil 95,Are0010,242567744.0,2022,2
2023-10-09,38,2025-03-01,2025-03-31,Autonomo,Percentil 5,Are0010,76864520.0,2022,2
2023-10-09,33,2025-03-01,2025-03-31,Autonomo,Promedio,Are0002,87224272.0,2022,7
2023-10-09,33,2025-03-01,2025-03-31,Coordinado,Percentil 95,Are0002,41784348.0,2022,7
2023-10-09,33,2025-03-01,2025-03-31,Autonomo,Promedio,Are0010,152144352.0,2022,7
2023-10-09,33,2025-03-01,2025-03-31,Coordinado,Percentil 5,Are0128,19768020.0,2022,7
2023-10-09,33,2025-03-01,2025-03-31,Coordinado,Promedio,Are0056,19678926.0,2022,7
2023-10-09,33,2025-03-01,2025-03-31,Autonomo,Percentil 95,Are0127,556709.6875,2022,7
2023-10-09,33,2025-03-01,2025-03-31,Coordinado,Percentil 95,Are0012,2409193.5,2022,7
2023-10-09,33,2025-03-01,2025-03-31,Autonomo,Percentil 5,Are0012,2646161.25,2022,7
2023-10-09,33,2025-03-01,2025-03-31,Autonomo,Promedio,Are0128,33153256.0,2022,7
2023-10-09,33,2025-03-01,2025-03-31,Autonomo,Percentil 5,Are0010,87348384.0,2022,7
2023-10-09,33,2025-03-01,2025-03-31,Coordinado,Percentil 5,Are0056,11538371.0,2022,7
2023-10-09,33,2025-03-01,2025-03-31,Coordinado,Percentil 5,Are0127,388967.75,2022,7
2023-10-09,33,2025-03-01,2025-03-31,Coordinado,Promedio,Are0002,86720496.0,2022,7
2023-10-09,33,2025-03-01,2025-03-31,Autonomo,Percentil 95,Are0056,12577071.0,2022,7
2023-10-09,33,2025-03-01,2025-03-31,Autonomo,Promedio,Are0056,21149086.0,2022,7
2023-10-09,33,2025-03-01,2025-03-31,Autonomo,Percentil 95,Are0010,241235488.0,2022,7
2023-10-09,33,2025-03-01,2025-03-31,Coordinado,Promedio,Are0128,30260316.0,2022,7
2023-10-09,33,2025-03-01,2025-03-31,Autonomo,Percentil 5,Are0056,12577071.0,2022,7
2023-10-09,33,2025-03-01,2025-03-31,Autonomo,Promedio,Are0012,9047312.0,2022,7
2023-10-09,33,2025-03-01,2025-03-31,Autonomo,Percentil 95,Are0012,2646161.25,2022,7
2023-10-09,33,2025-03-01,2025-03-31,Autonomo,Percentil 95,Are0128,20847474.0,2022,7
2023-10-09,33,2025-03-01,2025-03-31,Coordinado,Percentil 95,Are0056,11538371.0,2022,7
2023-10-09,33,2025-03-01,2025-03-31,Coordinado,Promedio,Are0010,145544192.0,2022,7
2023-10-09,33,2025-03-01,2025-03-31,Coordinado,Percentil 95,Are0010,232403232.0,2022,7
2023-10-09,33,2025-03-01,2025-03-31,Autonomo,Percentil 95,Are0002,41924024.0,2022,7
2023-10-09,33,2025-03-01,2025-03-31,Coordinado,Percentil 95,Are0128,19768020.0,2022,7
2023-10-09,33,2025-03-01,2025-03-31,Coordinado,Promedio,Are0012,7739662.0,2022,7
2023-10-09,33,2025-03-01,2025-03-31,Coordinado,Percentil 5,Are0002,41784348.0,2022,7
2023-10-09,33,2025-03-01,2025-03-31,Autonomo,Percentil 5,Are0002,41924024.0,2022,7
2023-10-09,33,2025-03-01,2025-03-31,Coordinado,Percentil 5,Are0012,2409193.5,2022,7
2023-10-09,33,2025-03-01,2025-03-31,Coordinado,Percentil 5,Are0010,85993552.0,2022,7
2023-10-09,33,2025-03-01,2025-03-31,Coordinado,Percentil 95,Are0127,388967.75,2022,7
2023-10-09,33,2025-03-01,2025-03-31,Autonomo,Percentil 5,Are0128,20847474.0,2022,7
2023-10-09,33,2025-03-01,2025-03-31,Autonomo,Percentil 5,Are0127,556709.6875,2022,7
2023-10-09,33,2025-03-01,2025-03-31,Coordinado,Promedio,Are0127,1144761.25,2022,7
2023-10-09,33,2025-03-01,2025-03-31,Autonomo,Promedio,Are0127,1570381.375,2022,7
2023-10-10,28,2025-03-01,2025-03-31,Autonomo,Promedio,Are0012,8527801.0,2022,12
2023-10-10,28,2025-03-01,2025-03-31,Coordinado,Percentil 5,Are0012,3586129.0,2022,12
2023-10-10,28,2025-03-01,2025-03-31,Autonomo,Percentil 5,Are0012,3586129.0,2022,12
2023-10-10,28,2025-03-01,2025-03-31,Coordinado,Promedio,Are0012,8107473.5,2022,12
2023-10-10,28,2025-03-01,2025-03-31,Autonomo,Percentil 5,Are0010,90129032.0,2022,12
2023-10-10,28,2025-03-01,2025-03-31,Coordinado,Promedio,Are0010,148730864.0,2022,12
2023-10-10,28,2025-03-01,2025-03-31,Autonomo,Promedio,Are0010,151942768.0,2022,12
2023-10-10,28,2025-03-01,2025-03-31,Coordinado,Percentil 5,Are0002,50520804.0,2022,12
2023-10-10,28,2025-03-01,2025-03-31,Autonomo,Promedio,Are0056,21400702.0,2022,12
2023-10-10,28,2025-03-01,2025-03-31,Coordinado,Percentil 5,Are0128,19587012.0,2022,12
2023-10-10,28,2025-03-01,2025-03-31,Coordinado,Percentil 95,Are0056,10346594.0,2022,12
2023-10-10,28,2025-03-01,2025-03-31,Coordinado,Percentil 95,Are0128,19587012.0,2022,12
2023-10-10,28,2025-03-01,2025-03-31,Coordinado,Promedio,Are0128,30246296.0,2022,12
2023-10-10,28,2025-03-01,2025-03-31,Autonomo,Percentil 95,Are0056,10793416.0,2022,12
2023-10-10,28,2025-03-01,2025-03-31,Coordinado,Percentil 5,Are0127,333129.03125,2022,12
2023-10-10,28,2025-03-01,2025-03-31,Autonomo,Percentil 95,Are0012,3586129.0,2022,12
2023-10-10,28,2025-03-01,2025-03-31,Autonomo,Percentil 95,Are0127,389483.875,2022,12
2023-10-10,28,2025-03-01,2025-03-31,Autonomo,Percentil 95,Are0010,227683872.0,2022,12
2023-10-09,34,2025-03-01,2025-03-31,Coordinado,Promedio,Are0002,89570880.0,2022,6
2023-10-09,34,2025-03-01,2025-03-31,Coordinado,Promedio,Are0056,19590310.0,2022,6
2023-10-09,34,2025-03-01,2025-03-31,Coordinado,Percentil 5,Are0127,425129.03125,2022,6
2023-10-09,34,2025-03-01,2025-03-31,Autonomo,Promedio,Are0127,1657718.375,2022,6
2023-10-09,34,2025-03-01,2025-03-31,Autonomo,Percentil 95,Are0012,3093064.5,2022,6
2023-10-09,34,2025-03-01,2025-03-31,Autonomo,Promedio,Are0010,156196640.0,2022,6
2023-10-09,34,2025-03-01,2025-03-31,Coordinado,Percentil 95,Are0128,19054106.0,2022,6
2023-10-09,34,2025-03-01,2025-03-31,Autonomo,Percentil 95,Are0127,555548.375,2022,6
2023-10-09,34,2025-03-01,2025-03-31,Coordinado,Percentil 5,Are0056,11241068.0,2022,6
2023-10-09,34,2025-03-01,2025-03-31,Coordinado,Percentil 95,Are0056,11241068.0,2022,6
2023-10-09,34,2025-03-01,2025-03-31,Coordinado,Promedio,Are0128,31486894.0,2022,6
2023-10-09,34,2025-03-01,2025-03-31,Autonomo,Promedio,Are0002,90302200.0,2022,6
2023-10-09,34,2025-03-01,2025-03-31,Coordinado,Percentil 5,Are0012,3093064.5,2022,6
2023-10-09,34,2025-03-01,2025-03-31,Coordinado,Promedio,Are0010,150070064.0,2022,6
2023-10-10,26,2025-03-01,2025-03-31,Coordinado,Promedio,Are0012,8874150.0,2023,2
2023-10-10,26,2025-03-01,2025-03-31,Coordinado,Percentil 5,Are0056,11597827.0,2023,2
2023-10-10,26,2025-03-01,2025-03-31,Autonomo,Promedio,Are0056,22480736.0,2023,2
2023-10-10,26,2025-03-01,2025-03-31,Autonomo,Percentil 95,Are0010,244416128.0,2023,2
2023-10-10,26,2025-03-01,2025-03-31,Coordinado,Promedio,Are0002,90645848.0,2023,2
2023-10-10,26,2025-03-01,2025-03-31,Coordinado,Percentil 95,Are0012,1968709.625,2023,2
2023-10-10,26,2025-03-01,2025-03-31,Coordinado,Percentil 95,Are0010,244283872.0,2023,2
2023-10-10,26,2025-03-01,2025-03-31,Autonomo,Promedio,Are0010,157455424.0,2023,2
2023-10-10,26,2025-03-01,2025-03-31,Coordinado,Percentil 5,Are0012,1968709.625,2023,2
2023-10-10,26,2025-03-01,2025-03-31,Coordinado,Promedio,Are0128,32712754.0,2023,2
2023-10-10,26,2025-03-01,2025-03-31,Autonomo,Percentil 95,Are0127,373258.0625,2023,2
2023-10-10,26,2025-03-01,2025-03-31,Coordinado,Percentil 95,Are0056,11597827.0,2023,2
2023-10-10,26,2025-03-01,2025-03-31,Autonomo,Percentil 95,Are0056,11597895.0,2023,2
2023-10-10,26,2025-03-01,2025-03-31,Autonomo,Percentil 5,Are0010,79393552.0,2023,2
2023-10-10,26,2025-03-01,2025-03-31,Coordinado,Promedio,Are0127,1394919.25,2023,2
2023-10-10,26,2025-03-01,2025-03-31,Coordinado,Promedio,Are0010,155903968.0,2023,2
2023-10-10,26,2025-03-01,2025-03-31,Coordinado,Percentil 5,Are0128,19222558.0,2023,2
2023-10-10,26,2025-03-01,2025-03-31,Coordinado,Percentil 95,Are0128,19222558.0,2023,2
2023-10-10,26,2025-03-01,2025-03-31,Autonomo,Percentil 5,Are0127,373258.0625,2023,2
2023-10-10,26,2025-03-01,2025-03-31,Autonomo,Promedio,Are0012,9122906.0,2023,2
2023-10-10,26,2025-03-01,2025-03-31,Coordinado,Percentil 5,Are0010,78445160.0,2023,2
2023-10-10,26,2025-03-01,2025-03-31,Autonomo,Percentil 95,Are0012,1970451.625,2023,2
2023-10-10,26,2025-03-01,2025-03-31,Autonomo,Promedio,Are0127,1503821.25,2023,2
2023-10-10,26,2025-03-01,2025-03-31,Coordinado,Percentil 95,Are0002,34778384.0,2023,2
2023-10-10,26,2025-03-01,2025-03-31,Autonomo,Percentil 95,Are0002,34918676.0,2023,2
2023-10-10,26,2025-03-01,2025-03-31,Coordinado,Promedio,Are0056,22276432.0,2023,2
2023-10-10,26,2025-03-01,2025-03-31,Autonomo,Percentil 5,Are0056,11597895.0,2023,2
2023-10-10,26,2025-03-01,2025-03-31,Autonomo,Promedio,Are0128,33260884.0,2023,2
2023-10-10,26,2025-03-01,2025-03-31,Autonomo,Promedio,Are0002,91087008.0,2023,2
2023-10-10,26,2025-03-01,2025-03-31,Autonomo,Percentil 5,Are0012,1970451.625,2023,2
2023-10-10,26,2025-03-01,2025-03-31,Autonomo,Percentil 95,Are0128,19676104.0,2023,2
2023-10-10,26,2025-03-01,2025-03-31,Autonomo,Percentil 5,Are0002,34918676.0,2023,2
2023-10-10,26,2025-03-01,2025-03-31,Autonomo,Percentil 5,Are0128,19676104.0,2023,2
2023-10-10,26,2025-03-01,2025-03-31,Coordinado,Percentil 5,Are0002,34778384.0,2023,2
2023-10-10,26,2025-03-01,2025-03-31,Coordinado,Percentil 5,Are0127,305641.9375,2023,2
2023-10-10,26,2025-03-01,2025-03-31,Coordinado,Percentil 95,Are0127,305641.9375,2023,2
2023-10-09,38,2025-03-01,2025-03-31,Autonomo,Promedio,Are0010,145052896.0,2022,2
2023-10-09,38,2025-03-01,2025-03-31,Autonomo,Percentil 95,Are0127,303064.53125,2022,2
2023-10-09,38,2025-03-01,2025-03-31,Coordinado,Promedio,Are0056,19980618.0,2022,2
2023-10-09,38,2025-03-01,2025-03-31,Autonomo,Percentil 95,Are0128,16277513.0,2022,2
2023-10-09,38,2025-03-01,2025-03-31,Autonomo,Percentil 95,Are0002,34350756.0,2022,2
2023-10-09,38,2025-03-01,2025-03-31,Coordinado,Percentil 5,Are0010,76541936.0,2022,2
2023-10-09,38,2025-03-01,2025-03-31,Coordinado,Percentil 5,Are0128,15614965.0,2022,2
2023-10-09,38,2025-03-01,2025-03-31,Coordinado,Percentil 95,Are0012,1990387.125,2022,2
2023-10-09,38,2025-03-01,2025-03-31,Coordinado,Percentil 95,Are0056,10196866.0,2022,2
2023-10-09,38,2025-03-01,2025-03-31,Autonomo,Percentil 5,Are0012,2029580.625,2022,2
2023-10-09,38,2025-03-01,2025-03-31,Autonomo,Promedio,Are0012,8215644.0,2022,2
2023-10-09,38,2025-03-01,2025-03-31,Autonomo,Promedio,Are0127,1428591.75,2022,2
2023-10-09,38,2025-03-01,2025-03-31,Autonomo,Percentil 5,Are0056,10612476.0,2022,2
2023-10-09,38,2025-03-01,2025-03-31,Coordinado,Percentil 95,Are0128,15614965.0,2022,2
2023-10-09,38,2025-03-01,2025-03-31,Autonomo,Percentil 95,Are0056,10612476.0,2022,2
2023-10-09,38,2025-03-01,2025-03-31,Coordinado,Percentil 5,Are0002,34323112.0,2022,2
2023-10-09,38,2025-03-01,2025-03-31,Coordinado,Percentil 5,Are0127,264083.875,2022,2
2023-10-09,38,2025-03-01,2025-03-31,Coordinado,Promedio,Are0010,142087616.0,2022,2
2023-10-09,38,2025-03-01,2025-03-31,Coordinado,Promedio,Are0002,82882584.0,2022,2
2023-10-09,38,2025-03-01,2025-03-31,Autonomo,Percentil 95,Are0012,2029580.625,2022,2
2024-03-20,13,2025-03-01,2025-03-31,Autonomo,Percentil 5,Are0002,26348568.0,2024,3
2024-03-20,13,2025-03-01,2025-03-31,Autonomo,Promedio,Are0002,82302528.0,2024,3
2024-06-16,10,2025-03-01,2025-03-31,Autonomo,Percentil 95,Are0127,344032.25,2024,6
2024-06-16,10,2025-03-01,2025-03-31,Autonomo,Percentil 95,Are0056,8406887.0,2024,6
2024-06-16,10,2025-03-01,2025-03-31,Autonomo,Percentil 95,Are0012,1393387.125,2024,6
2024-06-16,10,2025-03-01,2025-03-31,Autonomo,Percentil 95,Are0002,26879652.0,2024,6
2024-06-16,10,2025-03-01,2025-03-31,Autonomo,Percentil 5,Are0127,344032.25,2024,6
2024-06-16,10,2025-03-01,2025-03-31,Autonomo,Percentil 95,Are0010,324870976.0,2024,6
2024-06-16,10,2025-03-01,2025-03-31,Autonomo,Percentil 95,Are0128,16364929.0,2024,6
2024-06-16,10,2025-03-01,2025-03-31,Autonomo,Percentil 5,Are0056,8406887.0,2024,6
2024-06-16,10,2025-03-01,2025-03-31,Autonomo,Percentil 5,Are0012,1393387.125,2024,6
2024-06-16,10,2025-03-01,2025-03-31,Autonomo,Promedio,Are0127,1367113.875,2024,6
2024-06-16,10,2025-03-01,2025-03-31,Autonomo,Percentil 5,Are0010,61809676.0,2024,6
2024-06-16,10,2025-03-01,2025-03-31,Autonomo,Percentil 5,Are0128,16364929.0,2024,6
2024-06-16,10,2025-03-01,2025-03-31,Autonomo,Percentil 5,Are0002,26879652.0,2024,6
2024-06-16,10,2025-03-01,2025-03-31,Autonomo,Promedio,Are0010,148378640.0,2024,6
2024-06-16,10,2025-03-01,2025-03-31,Autonomo,Promedio,Are0128,34014188.0,2024,6
2024-06-16,10,2025-03-01,2025-03-31,Autonomo,Promedio,Are0056,21857104.0,2024,6
2024-06-16,10,2025-03-01,2025-03-31,Autonomo,Promedio,Are0012,8334360.5,2024,6
2024-06-16,10,2025-03-01,2025-03-31,Autonomo,Promedio,Are0002,82805776.0,2024,6
2025-03-15,1,2025-03-01,2025-03-31,Autonomo,Percentil 95,Are0127,429709.6875,2025,3
2025-03-15,1,2025-03-01,2025-03-31,Autonomo,Percentil 5,Are0127,429709.6875,2025,3
2025-03-15,1,2025-03-01,2025-03-31,Autonomo,Promedio,Are0127,1829681.0,2025,3
2025-03-15,1,2025-03-01,2025-03-31,Autonomo,Percentil 95,Are0010,322006464.0,2025,3
2025-03-15,1,2025-03-01,2025-03-31,Autonomo,Percentil 5,Are0010,110093552.0,2025,3
2025-03-15,1,2025-03-01,2025-03-31,Autonomo,Promedio,Are0010,191240576.0,2025,3
2025-03-15,1,2025-03-01,2025-03-31,Autonomo,Percentil 95,Are0128,24732558.0,2025,3
2025-03-15,1,2025-03-01,2025-03-31,Autonomo,Percentil 5,Are0128,24732558.0,2025,3
2025-03-15,1,2025-03-01,2025-03-31,Autonomo,Promedio,Are0128,41651920.0,2025,3
2025-03-15,1,2025-03-01,2025-03-31,Autonomo,Percentil 95,Are0056,20474494.0,2025,3
2025-03-15,1,2025-03-01,2025-03-31,Autonomo,Percentil 5,Are0056,20474494.0,2025,3
2025-03-15,1,2025-03-01,2025-03-31,Autonomo,Promedio,Are0056,34959840.0,2025,3
2025-03-15,1,2025-03-01,2025-03-31,Autonomo,Percentil 95,Are0012,3321613.0,2025,3
2025-03-15,1,2025-03-01,2025-03-31,Autonomo,Percentil 5,Are0012,3321613.0,2025,3
2025-03-15,1,2025-03-01,2025-03-31,Autonomo,Promedio,Are0012,8797984.0,2025,3
2025-03-15,1,2025-03-01,2025-03-31,Autonomo,Percentil 95,Are0002,53712804.0,2025,3
2025-03-15,1,2025-03-01,2025-03-31,Autonomo,Percentil 5,Are0002,53712804.0,2025,3
2025-03-15,1,2025-03-01,2025-03-31,Autonomo,Promedio,Are0002,104001264.0,2025,3
2024-08-15,8,2025-03-01,2025-03-31,Autonomo,Percentil 95,Are0127,220529.03125,2024,8
2024-08-15,8,2025-03-01,2025-03-31,Autonomo,Percentil 95,Are0056,12394948.0,2024,8
2024-08-15,8,2025-03-01,2025-03-31,Autonomo,Percentil 95,Are0012,1303774.25,2024,8
2024-08-15,8,2025-03-01,2025-03-31,Autonomo,Percentil 95,Are0002,23845840.0,2024,8
2024-08-15,8,2025-03-01,2025-03-31,Autonomo,Percentil 5,Are0127,220529.03125,2024,8
2024-08-15,8,2025-03-01,2025-03-31,Autonomo,Percentil 95,Are0010,321551616.0,2024,8
2024-08-15,8,2025-03-01,2025-03-31,Autonomo,Percentil 95,Are0128,16208065.0,2024,8
2024-08-15,8,2025-03-01,2025-03-31,Autonomo,Percentil 5,Are0056,12394948.0,2024,8
2024-08-15,8,2025-03-01,2025-03-31,Autonomo,Percentil 5,Are0012,1303774.25,2024,8
2024-08-15,8,2025-03-01,2025-03-31,Autonomo,Promedio,Are0127,1335829.75,2024,8
2024-08-15,8,2025-03-01,2025-03-31,Autonomo,Percentil 5,Are0010,66070968.0,2024,8
2024-08-15,8,2025-03-01,2025-03-31,Autonomo,Percentil 5,Are0128,16208065.0,2024,8
2024-08-15,8,2025-03-01,2025-03-31,Autonomo,Percentil 5,Are0002,23845840.0,2024,8
2024-08-15,8,2025-03-01,2025-03-31,Autonomo,Promedio,Are0010,155044352.0,2024,8
2024-08-15,8,2025-03-01,2025-03-31,Autonomo,Promedio,Are0128,34213944.0,2024,8
2024-08-15,8,2025-03-01,2025-03-31,Autonomo,Promedio,Are0056,23425350.0,2024,8
2024-08-15,8,2025-03-01,2025-03-31,Autonomo,Promedio,Are0012,7778215.0,2024,8
2024-08-15,8,2025-03-01,2025-03-31,Autonomo,Promedio,Are0002,88291088.0,2024,8
2024-02-15,14,2025-03-01,2025-03-31,Autonomo,Percentil 95,Are0127,246709.671875,2024,2
2024-02-15,14,2025-03-01,2025-03-31,Autonomo,Percentil 5,Are0127,246709.671875,2024,2
2024-02-15,14,2025-03-01,2025-03-31,Autonomo,Promedio,Are0127,1310798.875,2024,2
2024-02-15,14,2025-03-01,2025-03-31,Autonomo,Percentil 95,Are0010,249883872.0,2024,2
2024-02-15,14,2025-03-01,2025-03-31,Autonomo,Percentil 5,Are0010,63470968.0,2024,2
2024-02-15,14,2025-03-01,2025-03-31,Autonomo,Promedio,Are0010,146177776.0,2024,2
2024-02-15,14,2025-03-01,2025-03-31,Autonomo,Percentil 95,Are0128,15300390.0,2024,2
2024-02-15,14,2025-03-01,2025-03-31,Autonomo,Percentil 5,Are0128,15300390.0,2024,2
2024-02-15,14,2025-03-01,2025-03-31,Autonomo,Promedio,Are0128,32140298.0,2024,2
2024-02-15,14,2025-03-01,2025-03-31,Autonomo,Percentil 95,Are0056,12010255.0,2024,2
2024-02-15,14,2025-03-01,2025-03-31,Autonomo,Percentil 5,Are0056,12010255.0,2024,2
2024-02-15,14,2025-03-01,2025-03-31,Autonomo,Promedio,Are0056,22218622.0,2024,2
2024-02-15,14,2025-03-01,2025-03-31,Autonomo,Percentil 95,Are0012,1443290.375,2024,2
2024-02-02,15,2025-03-01,2025-03-31,Autonomo,Percentil 95,Are0127,394129.03125,2024,1
2024-02-02,15,2025-03-01,2025-03-31,Autonomo,Percentil 5,Are0127,394129.03125,2024,1
2024-02-02,15,2025-03-01,2025-03-31,Autonomo,Promedio,Are0127,1367203.875,2024,1
2024-02-02,15,2025-03-01,2025-03-31,Autonomo,Percentil 95,Are0010,204477424.0,2024,1
2024-02-02,15,2025-03-01,2025-03-31,Autonomo,Percentil 5,Are0010,76458064.0,2024,1
2024-02-02,15,2025-03-01,2025-03-31,Autonomo,Promedio,Are0010,147975680.0,2024,1
2024-02-02,15,2025-03-01,2025-03-31,Autonomo,Percentil 95,Are0128,19644730.0,2024,1
2024-02-02,15,2025-03-01,2025-03-31,Autonomo,Percentil 5,Are0128,19644730.0,2024,1
2024-02-02,15,2025-03-01,2025-03-31,Autonomo,Promedio,Are0128,32786504.0,2024,1
2024-02-02,15,2025-03-01,2025-03-31,Autonomo,Percentil 95,Are0056,13086790.0,2024,1
2024-02-02,15,2025-03-01,2025-03-31,Autonomo,Percentil 5,Are0056,13086790.0,2024,1
2024-02-02,15,2025-03-01,2025-03-31,Autonomo,Promedio,Are0056,22242162.0,2024,1
2024-02-02,15,2025-03-01,2025-03-31,Autonomo,Percentil 95,Are0012,2290451.5,2024,1
2024-02-02,15,2025-03-01,2025-03-31,Autonomo,Percentil 5,Are0012,2290451.5,2024,1
2024-02-02,15,2025-03-01,2025-03-31,Autonomo,Promedio,Are0012,7935976.5,2024,1
2024-02-02,15,2025-03-01,2025-03-31,Autonomo,Percentil 95,Are0002,35190192.0,2024,1
2024-02-02,15,2025-03-01,2025-03-31,Autonomo,Percentil 5,Are0002,35190192.0,2024,1
2024-02-02,15,2025-03-01,2025-03-31,Autonomo,Promedio,Are0002,83644008.0,2024,1
2024-07-15,9,2025-03-01,2025-03-31,Autonomo,Percentil 95,Are0127,343258.0625,2024,7
2024-07-15,9,2025-03-01,2025-03-31,Autonomo,Percentil 95,Are0056,10951266.0,2024,7
2024-07-15,9,2025-03-01,2025-03-31,Autonomo,Percentil 95,Are0012,1418677.375,2024,7
2024-07-15,9,2025-03-01,2025-03-31,Autonomo,Percentil 95,Are0002,40387292.0,2024,7
2024-07-15,9,2025-03-01,2025-03-31,Autonomo,Percentil 5,Are0127,343258.0625,2024,7
2024-07-15,9,2025-03-01,2025-03-31,Autonomo,Percentil 95,Are0010,388806464.0,2024,7
2024-07-15,9,2025-03-01,2025-03-31,Autonomo,Percentil 95,Are0128,17192448.0,2024,7
2024-07-15,9,2025-03-01,2025-03-31,Autonomo,Percentil 5,Are0056,10951266.0,2024,7
2024-07-15,9,2025-03-01,2025-03-31,Autonomo,Percentil 5,Are0012,1418677.375,2024,7
2024-07-15,9,2025-03-01,2025-03-31,Autonomo,Promedio,Are0127,1311672.625,2024,7
2024-07-15,9,2025-03-01,2025-03-31,Autonomo,Percentil 5,Are0010,76029032.0,2024,7
2024-07-15,9,2025-03-01,2025-03-31,Autonomo,Percentil 5,Are0128,17192448.0,2024,7
2024-07-15,9,2025-03-01,2025-03-31,Autonomo,Percentil 5,Are0002,40387292.0,2024,7
2024-07-15,9,2025-03-01,2025-03-31,Autonomo,Promedio,Are0010,162063840.0,2024,7
2024-07-15,9,2025-03-01,2025-03-31,Autonomo,Promedio,Are0128,35009300.0,2024,7
2024-07-15,9,2025-03-01,2025-03-31,Autonomo,Promedio,Are0056,21667018.0,2024,7
2024-07-15,9,2025-03-01,2025-03-31,Autonomo,Promedio,Are0012,9226187.0,2024,7
2024-07-15,9,2025-03-01,2025-03-31,Autonomo,Promedio,Are0002,94849904.0,2024,7
2024-11-15,5,2025-03-01,2025-03-31,Autonomo,Percentil 95,Are0127,338580.65625,2024,11
2024-11-15,5,2025-03-01,2025-03-31,Autonomo,Percentil 5,Are0127,338580.65625,2024,11
2024-11-15,5,2025-03-01,2025-03-31,Autonomo,Promedio,Are0127,1565412.875,2024,11
2024-11-15,5,2025-03-01,2025-03-31,Autonomo,Percentil 95,Are0010,311467744.0,2024,11
2024-11-15,5,2025-03-01,2025-03-31,Autonomo,Percentil 5,Are0010,54967740.0,2024,11
2024-11-15,5,2025-03-01,2025-03-31,Autonomo,Promedio,Are0010,125960320.0,2024,11
2024-11-15,5,2025-03-01,2025-03-31,Autonomo,Percentil 95,Are0128,15342152.0,2024,11
2024-11-15,5,2025-03-01,2025-03-31,Autonomo,Percentil 5,Are0128,15342152.0,2024,11
2024-11-15,5,2025-03-01,2025-03-31,Autonomo,Promedio,Are0128,30865336.0,2024,11
2024-11-15,5,2025-03-01,2025-03-31,Autonomo,Percentil 95,Are0056,9181048.0,2024,11
2024-11-15,5,2025-03-01,2025-03-31,Autonomo,Percentil 5,Are0056,9181048.0,2024,11
2024-11-15,5,2025-03-01,2025-03-31,Autonomo,Promedio,Are0056,20530706.0,2024,11
2024-11-15,5,2025-03-01,2025-03-31,Autonomo,Percentil 95,Are0012,1447225.75,2024,11
2024-11-15,5,2025-03-01,2025-03-31,Autonomo,Percentil 5,Are0012,1447225.75,2024,11
2024-11-15,5,2025-03-01,2025-03-31,Autonomo,Promedio,Are0012,6595193.0,2024,11
2024-11-15,5,2025-03-01,2025-03-31,Autonomo,Percentil 95,Are0002,24089316.0,2024,11
2024-11-15,5,2025-03-01,2025-03-31,Autonomo,Percentil 5,Are0002,24089316.0,2024,11
2024-11-15,5,2025-03-01,2025-03-31,Autonomo,Promedio,Are0002,66403808.0,2024,11
2024-03-20,13,2025-03-01,2025-03-31,Autonomo,Percentil 95,Are0127,270490.3125,2024,3
2024-03-20,13,2025-03-01,2025-03-31,Autonomo,Percentil 5,Are0127,270490.3125,2024,3
2024-03-20,13,2025-03-01,2025-03-31,Autonomo,Promedio,Are0127,1329779.75,2024,3
2024-03-20,13,2025-03-01,2025-03-31,Autonomo,Percentil 95,Are0010,249735488.0,2024,3
2024-03-20,13,2025-03-01,2025-03-31,Autonomo,Percentil 5,Are0010,63009676.0,2024,3
2024-03-20,13,2025-03-01,2025-03-31,Autonomo,Promedio,Are0010,145934480.0,2024,3
2024-03-20,13,2025-03-01,2025-03-31,Autonomo,Percentil 95,Are0128,15000729.0,2024,3
2024-03-20,13,2025-03-01,2025-03-31,Autonomo,Percentil 5,Are0128,15000729.0,2024,3
2024-03-20,13,2025-03-01,2025-03-31,Autonomo,Promedio,Are0128,31933860.0,2024,3
2024-03-20,13,2025-03-01,2025-03-31,Autonomo,Percentil 95,Are0056,12172235.0,2024,3
2024-03-20,13,2025-03-01,2025-03-31,Autonomo,Percentil 5,Are0056,12172235.0,2024,3
2024-03-20,13,2025-03-01,2025-03-31,Autonomo,Promedio,Are0056,22209800.0,2024,3
2024-03-20,13,2025-03-01,2025-03-31,Autonomo,Percentil 95,Are0012,1429903.25,2024,3
2024-03-20,13,2025-03-01,2025-03-31,Autonomo,Percentil 5,Are0012,1429903.25,2024,3
2024-03-20,13,2025-03-01,2025-03-31,Autonomo,Promedio,Are0012,8158616.5,2024,3
2024-03-20,13,2025-03-01,2025-03-31,Autonomo,Percentil 95,Are0002,26348568.0,2024,3
2024-12-16,4,2025-03-01,2025-03-31,Autonomo,Promedio,Are0056,29337838.0,2024,12
2024-12-16,4,2025-03-01,2025-03-31,Autonomo,Percentil 95,Are0012,1455483.875,2024,12
2024-12-16,4,2025-03-01,2025-03-31,Autonomo,Percentil 5,Are0012,1455483.875,2024,12
2024-12-16,4,2025-03-01,2025-03-31,Autonomo,Promedio,Are0012,8299612.5,2024,12
2024-12-16,4,2025-03-01,2025-03-31,Autonomo,Percentil 95,Are0002,26440796.0,2024,12
2024-12-16,4,2025-03-01,2025-03-31,Autonomo,Percentil 5,Are0002,26440796.0,2024,12
2024-12-16,4,2025-03-01,2025-03-31,Autonomo,Promedio,Are0002,67029044.0,2024,12
2024-05-16,11,2025-03-01,2025-03-31,Autonomo,Percentil 95,Are0127,255970.96875,2024,5
2024-05-16,11,2025-03-01,2025-03-31,Autonomo,Percentil 5,Are0127,255970.96875,2024,5
2024-05-16,11,2025-03-01,2025-03-31,Autonomo,Promedio,Are0127,1289836.625,2024,5
2024-05-16,11,2025-03-01,2025-03-31,Autonomo,Percentil 95,Are0010,271203232.0,2024,5
2024-05-16,11,2025-03-01,2025-03-31,Autonomo,Percentil 5,Are0010,54835484.0,2024,5
2024-05-16,11,2025-03-01,2025-03-31,Autonomo,Promedio,Are0010,142862160.0,2024,5
2024-05-16,11,2025-03-01,2025-03-31,Autonomo,Percentil 95,Are0128,14343771.0,2024,5
2024-05-16,11,2025-03-01,2025-03-31,Autonomo,Percentil 5,Are0128,14343771.0,2024,5
2024-05-16,11,2025-03-01,2025-03-31,Autonomo,Promedio,Are0128,32864860.0,2024,5
2024-05-16,11,2025-03-01,2025-03-31,Autonomo,Percentil 95,Are0056,9389968.0,2024,5
2024-05-16,11,2025-03-01,2025-03-31,Autonomo,Percentil 5,Are0056,9389968.0,2024,5
2024-05-16,11,2025-03-01,2025-03-31,Autonomo,Promedio,Are0056,21473156.0,2024,5
2024-05-16,11,2025-03-01,2025-03-31,Autonomo,Percentil 95,Are0012,1334161.25,2024,5
2024-05-16,11,2025-03-01,2025-03-31,Autonomo,Percentil 5,Are0012,1334161.25,2024,5
2024-05-16,11,2025-03-01,2025-03-31,Autonomo,Promedio,Are0012,7810523.0,2024,5
2024-05-16,11,2025-03-01,2025-03-31,Autonomo,Percentil 95,Are0002,25874534.0,2024,5
2024-05-16,11,2025-03-01,2025-03-31,Autonomo,Percentil 5,Are0002,25874534.0,2024,5
2024-05-16,11,2025-03-01,2025-03-31,Autonomo,Promedio,Are0002,79423840.0,2024,5
2025-01-23,3,2025-03-01,2025-03-31,Autonomo,Percentil 95,Are0127,275851.625,2025,1
2025-01-23,3,2025-03-01,2025-03-31,Autonomo,Percentil 5,Are0127,275851.625,2025,1
2025-01-23,3,2025-03-01,2025-03-31,Autonomo,Promedio,Are0127,1192859.125,2025,1
2025-01-23,3,2025-03-01,2025-03-31,Autonomo,Percentil 95,Are0010,216903232.0,2025,1
2025-01-23,3,2025-03-01,2025-03-31,Autonomo,Percentil 5,Are0010,55000000.0,2025,1
2025-01-23,3,2025-03-01,2025-03-31,Autonomo,Promedio,Are0010,104528160.0,2025,1
2025-01-23,3,2025-03-01,2025-03-31,Autonomo,Percentil 95,Are0128,14673994.0,2025,1
2025-01-23,3,2025-03-01,2025-03-31,Autonomo,Percentil 5,Are0128,14673994.0,2025,1
2025-01-23,3,2025-03-01,2025-03-31,Autonomo,Promedio,Are0128,27694278.0,2025,1
2025-01-23,3,2025-03-01,2025-03-31,Autonomo,Percentil 95,Are0056,7173697.0,2025,1
2025-01-23,3,2025-03-01,2025-03-31,Autonomo,Percentil 5,Are0056,7173697.0,2025,1
2025-01-23,3,2025-03-01,2025-03-31,Autonomo,Promedio,Are0056,18796332.0,2025,1
2025-01-23,3,2025-03-01,2025-03-31,Autonomo,Percentil 95,Are0012,1310161.25,2025,1
2025-01-23,3,2025-03-01,2025-03-31,Autonomo,Percentil 5,Are0012,1310161.25,2025,1
2025-01-23,3,2025-03-01,2025-03-31,Autonomo,Promedio,Are0012,3763086.5,2025,1
2025-01-23,3,2025-03-01,2025-03-31,Autonomo,Percentil 95,Are0002,23419598.0,2025,1
2025-01-23,3,2025-03-01,2025-03-31,Autonomo,Percentil 5,Are0002,23419598.0,2025,1
2025-01-23,3,2025-03-01,2025-03-31,Autonomo,Promedio,Are0002,53081608.0,2025,1
2025-02-15,2,2025-03-01,2025-03-31,Autonomo,Percentil 95,Are0127,293364.53125,2025,2
2025-02-15,2,2025-03-01,2025-03-31,Autonomo,Percentil 5,Are0127,293364.53125,2025,2
2025-02-15,2,2025-03-01,2025-03-31,Autonomo,Promedio,Are0127,1644751.0,2025,2
2025-02-15,2,2025-03-01,2025-03-31,Autonomo,Percentil 95,Are0010,253096768.0,2025,2
2025-02-15,2,2025-03-01,2025-03-31,Autonomo,Percentil 5,Are0010,74212904.0,2025,2
2025-02-15,2,2025-03-01,2025-03-31,Autonomo,Promedio,Are0010,141339840.0,2025,2
2025-02-15,2,2025-03-01,2025-03-31,Autonomo,Percentil 95,Are0128,20269416.0,2025,2
2025-02-15,2,2025-03-01,2025-03-31,Autonomo,Percentil 5,Are0128,20269416.0,2025,2
2025-02-15,2,2025-03-01,2025-03-31,Autonomo,Promedio,Are0128,32406162.0,2025,2
2025-02-15,2,2025-03-01,2025-03-31,Autonomo,Percentil 95,Are0056,15192271.0,2025,2
2025-02-15,2,2025-03-01,2025-03-31,Autonomo,Percentil 5,Are0056,15192271.0,2025,2
2025-02-15,2,2025-03-01,2025-03-31,Autonomo,Promedio,Are0056,28201582.0,2025,2
2025-02-15,2,2025-03-01,2025-03-31,Autonomo,Percentil 95,Are0012,2398000.0,2025,2
2025-02-15,2,2025-03-01,2025-03-31,Autonomo,Percentil 5,Are0012,2398000.0,2025,2
2025-02-15,2,2025-03-01,2025-03-31,Autonomo,Promedio,Are0012,7766532.0,2025,2
2025-02-15,2,2025-03-01,2025-03-31,Autonomo,Percentil 95,Are0002,32226908.0,2025,2
2025-02-15,2,2025-03-01,2025-03-31,Autonomo,Percentil 5,Are0002,32226908.0,2025,2
2025-02-15,2,2025-03-01,2025-03-31,Autonomo,Promedio,Are0002,71320808.0,2025,2
2024-01-15,16,2025-03-01,2025-03-31,Autonomo,Percentil 95,Are0127,440935.46875,2023,12
2024-01-15,16,2025-03-01,2025-03-31,Autonomo,Percentil 5,Are0127,440935.46875,2023,12
2024-01-15,16,2025-03-01,2025-03-31,Autonomo,Promedio,Are0127,1437119.125,2023,12
2024-01-15,16,2025-03-01,2025-03-31,Autonomo,Percentil 95,Are0010,231058064.0,2023,12
2024-01-15,16,2025-03-01,2025-03-31,Autonomo,Percentil 5,Are0010,79409680.0,2023,12
2024-01-15,16,2025-03-01,2025-03-31,Autonomo,Promedio,Are0010,149877648.0,2023,12
2024-01-15,16,2025-03-01,2025-03-31,Autonomo,Percentil 95,Are0128,20278162.0,2023,12
2024-01-15,16,2025-03-01,2025-03-31,Autonomo,Percentil 5,Are0128,20278162.0,2023,12
2024-01-15,16,2025-03-01,2025-03-31,Autonomo,Promedio,Are0128,33332784.0,2023,12
2024-02-15,14,2025-03-01,2025-03-31,Autonomo,Percentil 5,Are0012,1443290.375,2024,2
2024-02-15,14,2025-03-01,2025-03-31,Autonomo,Promedio,Are0012,8266318.5,2024,2
2024-02-15,14,2025-03-01,2025-03-31,Autonomo,Percentil 95,Are0002,26048316.0,2024,2
2024-02-15,14,2025-03-01,2025-03-31,Autonomo,Percentil 5,Are0002,26048316.0,2024,2
2024-02-15,14,2025-03-01,2025-03-31,Autonomo,Promedio,Are0002,82241720.0,2024,2
2024-04-15,12,2025-03-01,2025-03-31,Autonomo,Percentil 95,Are0127,226596.78125,2024,4
2024-04-15,12,2025-03-01,2025-03-31,Autonomo,Percentil 5,Are0127,226596.78125,2024,4
2024-04-15,12,2025-03-01,2025-03-31,Autonomo,Promedio,Are0127,1310312.625,2024,4
2024-04-15,12,2025-03-01,2025-03-31,Autonomo,Percentil 95,Are0010,273593536.0,2024,4
2024-04-15,12,2025-03-01,2025-03-31,Autonomo,Percentil 5,Are0010,54909676.0,2024,4
2024-04-15,12,2025-03-01,2025-03-31,Autonomo,Promedio,Are0010,144291392.0,2024,4
2024-04-15,12,2025-03-01,2025-03-31,Autonomo,Percentil 95,Are0128,13690129.0,2024,4
2024-04-15,12,2025-03-01,2025-03-31,Autonomo,Percentil 5,Are0128,13690129.0,2024,4
2024-04-15,12,2025-03-01,2025-03-31,Autonomo,Promedio,Are0128,33153906.0,2024,4
2024-04-15,12,2025-03-01,2025-03-31,Autonomo,Percentil 95,Are0056,9087665.0,2024,4
2024-04-15,12,2025-03-01,2025-03-31,Autonomo,Percentil 5,Are0056,9087665.0,2024,4
2024-04-15,12,2025-03-01,2025-03-31,Autonomo,Promedio,Are0056,21667534.0,2024,4
2024-04-15,12,2025-03-01,2025-03-31,Autonomo,Percentil 95,Are0012,1462645.125,2024,4
2024-04-15,12,2025-03-01,2025-03-31,Autonomo,Percentil 5,Are0012,1462645.125,2024,4
2024-04-15,12,2025-03-01,2025-03-31,Autonomo,Promedio,Are0012,7785805.0,2024,4
2024-04-15,12,2025-03-01,2025-03-31,Autonomo,Percentil 95,Are0002,26003360.0,2024,4
2024-04-15,12,2025-03-01,2025-03-31,Autonomo,Percentil 5,Are0002,26003360.0,2024,4
2024-04-15,12,2025-03-01,2025-03-31,Autonomo,Promedio,Are0002,80373792.0,2024,4
2024-09-15,7,2025-03-01,2025-03-31,Autonomo,Percentil 95,Are0127,288522.59375,2024,9
2024-09-15,7,2025-03-01,2025-03-31,Autonomo,Percentil 95,Are0056,10215245.0,2024,9
2024-09-15,7,2025-03-01,2025-03-31,Autonomo,Percentil 95,Are0012,1418677.375,2024,9
2024-09-15,7,2025-03-01,2025-03-31,Autonomo,Percentil 95,Are0002,30887234.0,2024,9
2024-09-15,7,2025-03-01,2025-03-31,Autonomo,Percentil 5,Are0127,288522.59375,2024,9
2024-09-15,7,2025-03-01,2025-03-31,Autonomo,Percentil 95,Are0010,299183872.0,2024,9
2024-09-15,7,2025-03-01,2025-03-31,Autonomo,Percentil 95,Are0128,18507516.0,2024,9
2024-09-15,7,2025-03-01,2025-03-31,Autonomo,Percentil 5,Are0056,10215245.0,2024,9
2024-09-15,7,2025-03-01,2025-03-31,Autonomo,Percentil 5,Are0012,1418677.375,2024,9
2024-09-15,7,2025-03-01,2025-03-31,Autonomo,Promedio,Are0127,1519984.875,2024,9
2024-09-15,7,2025-03-01,2025-03-31,Autonomo,Percentil 5,Are0010,74590320.0,2024,9
2024-09-15,7,2025-03-01,2025-03-31,Autonomo,Percentil 5,Are0128,18507516.0,2024,9
2024-09-15,7,2025-03-01,2025-03-31,Autonomo,Percentil 5,Are0002,30887234.0,2024,9
2024-09-15,7,2025-03-01,2025-03-31,Autonomo,Promedio,Are0010,143026800.0,2024,9
2024-09-15,7,2025-03-01,2025-03-31,Autonomo,Promedio,Are0128,32922904.0,2024,9
2024-09-15,7,2025-03-01,2025-03-31,Autonomo,Promedio,Are0056,21678882.0,2024,9
2024-09-15,7,2025-03-01,2025-03-31,Autonomo,Promedio,Are0012,7117421.5,2024,9
2024-09-15,7,2025-03-01,2025-03-31,Autonomo,Promedio,Are0002,79787568.0,2024,9
2024-10-15,6,2025-03-01,2025-03-31,Autonomo,Percentil 95,Are0127,298387.09375,2024,10
2024-10-15,6,2025-03-01,2025-03-31,Autonomo,Percentil 5,Are0127,298387.09375,2024,10
2024-10-15,6,2025-03-01,2025-03-31,Autonomo,Promedio,Are0127,1553112.25,2024,10
2024-10-15,6,2025-03-01,2025-03-31,Autonomo,Percentil 95,Are0010,247593552.0,2024,10
2024-10-15,6,2025-03-01,2025-03-31,Autonomo,Percentil 5,Are0010,65687096.0,2024,10
2024-10-15,6,2025-03-01,2025-03-31,Autonomo,Promedio,Are0010,133442808.0,2024,10
2024-10-15,6,2025-03-01,2025-03-31,Autonomo,Percentil 95,Are0128,19558212.0,2024,10
2024-10-15,6,2025-03-01,2025-03-31,Autonomo,Percentil 5,Are0128,19558212.0,2024,10
2024-10-15,6,2025-03-01,2025-03-31,Autonomo,Promedio,Are0128,32282890.0,2024,10
2024-10-15,6,2025-03-01,2025-03-31,Autonomo,Percentil 95,Are0056,11369274.0,2024,10
2024-10-15,6,2025-03-01,2025-03-31,Autonomo,Percentil 5,Are0056,11369274.0,2024,10
2024-10-15,6,2025-03-01,2025-03-31,Autonomo,Promedio,Are0056,20149916.0,2024,10
2024-10-15,6,2025-03-01,2025-03-31,Autonomo,Percentil 95,Are0012,1437645.125,2024,10
2024-10-15,6,2025-03-01,2025-03-31,Autonomo,Percentil 5,Are0012,1437645.125,2024,10
2024-10-15,6,2025-03-01,2025-03-31,Autonomo,Promedio,Are0012,7059659.5,2024,10
2024-10-15,6,2025-03-01,2025-03-31,Autonomo,Percentil 95,Are0002,26666752.0,2024,10
2024-10-15,6,2025-03-01,2025-03-31,Autonomo,Percentil 5,Are0002,26666752.0,2024,10
2024-10-15,6,2025-03-01,2025-03-31,Autonomo,Promedio,Are0002,72397120.0,2024,10
2024-12-16,4,2025-03-01,2025-03-31,Autonomo,Percentil 95,Are0127,298309.6875,2024,12
2024-12-16,4,2025-03-01,2025-03-31,Autonomo,Percentil 5,Are0127,298309.6875,2024,12
2024-12-16,4,2025-03-01,2025-03-31,Autonomo,Promedio,Are0127,1463462.125,2024,12
2024-12-16,4,2025-03-01,2025-03-31,Autonomo,Percentil 95,Are0010,274445152.0,2024,12
2024-12-16,4,2025-03-01,2025-03-31,Autonomo,Percentil 5,Are0010,64661292.0,2024,12
2024-12-16,4,2025-03-01,2025-03-31,Autonomo,Promedio,Are0010,136329168.0,2024,12
2024-12-16,4,2025-03-01,2025-03-31,Autonomo,Percentil 95,Are0128,13404303.0,2024,12
2024-12-16,4,2025-03-01,2025-03-31,Autonomo,Percentil 5,Are0128,13404303.0,2024,12
2024-12-16,4,2025-03-01,2025-03-31,Autonomo,Promedio,Are0128,30199192.0,2024,12
2024-12-16,4,2025-03-01,2025-03-31,Autonomo,Percentil 95,Are0056,14667710.0,2024,12
2024-12-16,4,2025-03-01,2025-03-31,Autonomo,Percentil 5,Are0056,14667710.0,2024,12
2023-10-10,37,2025-03-01,2025-03-31,Coordinado,Promedio,Are0056,21190064.0,2022,3
2023-10-10,37,2025-03-01,2025-03-31,Autonomo,Percentil 95,Are0002,39930756.0,2022,3
2023-10-10,37,2025-03-01,2025-03-31,Coordinado,Percentil 5,Are0127,328064.53125,2022,3
2023-10-10,37,2025-03-01,2025-03-31,Coordinado,Promedio,Are0010,144918192.0,2022,3
2023-10-10,37,2025-03-01,2025-03-31,Coordinado,Percentil 5,Are0010,77364520.0,2022,3
2023-10-10,37,2025-03-01,2025-03-31,Coordinado,Percentil 95,Are0010,241709680.0,2022,3
2023-10-10,37,2025-03-01,2025-03-31,Autonomo,Percentil 95,Are0127,344354.84375,2022,3
2023-10-10,37,2025-03-01,2025-03-31,Coordinado,Promedio,Are0002,82821848.0,2022,3
2023-10-10,37,2025-03-01,2025-03-31,Coordinado,Percentil 5,Are0012,1394516.125,2022,3
2023-10-10,37,2025-03-01,2025-03-31,Autonomo,Promedio,Are0127,1372587.375,2022,3
2023-10-10,37,2025-03-01,2025-03-31,Autonomo,Percentil 5,Are0002,39930756.0,2022,3
2023-10-10,37,2025-03-01,2025-03-31,Coordinado,Percentil 5,Are0056,12500745.0,2022,3
2023-10-10,37,2025-03-01,2025-03-31,Coordinado,Promedio,Are0128,31345742.0,2022,3
2023-10-10,37,2025-03-01,2025-03-31,Autonomo,Percentil 95,Are0010,241638704.0,2022,3
2023-10-10,37,2025-03-01,2025-03-31,Coordinado,Percentil 95,Are0012,1394516.125,2022,3
2023-10-10,37,2025-03-01,2025-03-31,Autonomo,Percentil 5,Are0128,16458639.0,2022,3
2023-10-10,37,2025-03-01,2025-03-31,Autonomo,Promedio,Are0002,83334672.0,2022,3
2023-10-10,37,2025-03-01,2025-03-31,Coordinado,Percentil 95,Are0056,12500745.0,2022,3
2023-10-10,37,2025-03-01,2025-03-31,Autonomo,Percentil 5,Are0056,12651113.0,2022,3
2023-10-10,37,2025-03-01,2025-03-31,Coordinado,Percentil 95,Are0128,15819697.0,2022,3
2023-10-10,37,2025-03-01,2025-03-31,Coordinado,Percentil 5,Are0128,15819697.0,2022,3
2023-10-10,37,2025-03-01,2025-03-31,Autonomo,Percentil 5,Are0010,78187096.0,2022,3
2023-10-10,37,2025-03-01,2025-03-31,Autonomo,Percentil 95,Are0056,12651113.0,2022,3
2023-10-10,37,2025-03-01,2025-03-31,Autonomo,Percentil 5,Are0012,1523903.25,2022,3
2023-10-10,37,2025-03-01,2025-03-31,Autonomo,Promedio,Are0056,21645874.0,2022,3
2023-10-10,37,2025-03-01,2025-03-31,Autonomo,Percentil 5,Are0127,344354.84375,2022,3
2023-10-10,37,2025-03-01,2025-03-31,Coordinado,Promedio,Are0127,1259288.0,2022,3
2023-10-10,37,2025-03-01,2025-03-31,Autonomo,Percentil 95,Are0128,16458639.0,2022,3
2023-10-10,37,2025-03-01,2025-03-31,Autonomo,Percentil 95,Are0012,1523903.25,2022,3
2023-10-09,29,2025-03-01,2025-03-31,Autonomo,Percentil 95,Are0056,12034784.0,2022,11
2023-10-09,29,2025-03-01,2025-03-31,Autonomo,Promedio,Are0056,20525110.0,2022,11
2023-10-09,29,2025-03-01,2025-03-31,Autonomo,Percentil 5,Are0010,89377416.0,2022,11
2023-10-09,29,2025-03-01,2025-03-31,Autonomo,Promedio,Are0002,86481376.0,2022,11
2023-10-09,29,2025-03-01,2025-03-31,Coordinado,Percentil 95,Are0002,47611728.0,2022,11
2023-10-09,29,2025-03-01,2025-03-31,Autonomo,Percentil 5,Are0002,47577244.0,2022,11
2023-10-09,29,2025-03-01,2025-03-31,Autonomo,Promedio,Are0128,31739242.0,2022,11
2023-10-09,29,2025-03-01,2025-03-31,Autonomo,Percentil 5,Are0128,19506478.0,2022,11
2023-10-09,29,2025-03-01,2025-03-31,Coordinado,Promedio,Are0127,1166213.5,2022,11
2023-10-09,29,2025-03-01,2025-03-31,Coordinado,Promedio,Are0128,29552520.0,2022,11
2023-10-09,29,2025-03-01,2025-03-31,Autonomo,Promedio,Are0127,1391050.25,2022,11
2023-10-09,29,2025-03-01,2025-03-31,Autonomo,Percentil 95,Are0128,19506478.0,2022,11
2023-10-09,29,2025-03-01,2025-03-31,Coordinado,Promedio,Are0010,143929744.0,2022,11
2023-10-09,29,2025-03-01,2025-03-31,Coordinado,Percentil 95,Are0128,19164712.0,2022,11
2023-10-09,29,2025-03-01,2025-03-31,Coordinado,Percentil 5,Are0056,12113158.0,2022,11
2023-10-09,29,2025-03-01,2025-03-31,Coordinado,Percentil 95,Are0010,207258064.0,2022,11
2023-10-09,29,2025-03-01,2025-03-31,Coordinado,Percentil 5,Are0012,2605193.5,2022,11
2023-10-09,29,2025-03-01,2025-03-31,Coordinado,Percentil 95,Are0012,2605193.5,2022,11
2023-10-09,29,2025-03-01,2025-03-31,Coordinado,Promedio,Are0002,85883160.0,2022,11
2023-10-09,29,2025-03-01,2025-03-31,Coordinado,Percentil 95,Are0127,475032.25,2022,11
2023-10-09,29,2025-03-01,2025-03-31,Autonomo,Percentil 5,Are0127,501193.5625,2022,11
2023-10-09,29,2025-03-01,2025-03-31,Coordinado,Percentil 95,Are0056,12113158.0,2022,11
2023-10-09,29,2025-03-01,2025-03-31,Autonomo,Percentil 95,Are0010,214258064.0,2022,11
2023-10-09,29,2025-03-01,2025-03-31,Coordinado,Promedio,Are0012,7673788.0,2022,11
2023-10-09,29,2025-03-01,2025-03-31,Autonomo,Percentil 95,Are0127,501193.5625,2022,11
2023-10-09,29,2025-03-01,2025-03-31,Autonomo,Percentil 5,Are0056,12034784.0,2022,11
2023-10-09,29,2025-03-01,2025-03-31,Coordinado,Percentil 5,Are0002,47611728.0,2022,11
2023-10-09,29,2025-03-01,2025-03-31,Coordinado,Percentil 5,Are0128,19164712.0,2022,11
2023-10-09,29,2025-03-01,2025-03-31,Autonomo,Promedio,Are0012,8274577.0,2022,11
2023-10-09,29,2025-03-01,2025-03-31,Autonomo,Percentil 95,Are0002,47577244.0,2022,11
2023-10-09,29,2025-03-01,2025-03-31,Autonomo,Percentil 5,Are0012,2779290.25,2022,11
2023-10-09,29,2025-03-01,2025-03-31,Autonomo,Percentil 95,Are0012,2779290.25,2022,11
2023-10-09,29,2025-03-01,2025-03-31,Coordinado,Percentil 5,Are0127,475032.25,2022,11
2023-10-09,29,2025-03-01,2025-03-31,Coordinado,Percentil 5,Are0010,89483872.0,2022,11
2023-10-09,29,2025-03-01,2025-03-31,Coordinado,Promedio,Are0056,19654026.0,2022,11
2023-10-09,29,2025-03-01,2025-03-31,Autonomo,Promedio,Are0010,148411168.0,2022,11
2023-10-10,24,2025-03-01,2025-03-31,Autonomo,Percentil 95,Are0010,255709680.0,2023,4
2023-10-10,24,2025-03-01,2025-03-31,Coordinado,Percentil 95,Are0056,12759229.0,2023,4
2023-10-10,24,2025-03-01,2025-03-31,Autonomo,Percentil 95,Are0127,420935.46875,2023,4
2023-10-10,24,2025-03-01,2025-03-31,Coordinado,Percentil 5,Are0127,395612.90625,2023,4
2023-10-09,35,2025-03-01,2025-03-31,Coordinado,Percentil 95,Are0128,19556180.0,2022,5
2023-10-09,35,2025-03-01,2025-03-31,Coordinado,Percentil 95,Are0010,232458064.0,2022,5
2023-10-09,35,2025-03-01,2025-03-31,Coordinado,Percentil 5,Are0002,45344532.0,2022,5
2023-10-09,35,2025-03-01,2025-03-31,Autonomo,Promedio,Are0127,1502663.75,2022,5
2023-10-09,35,2025-03-01,2025-03-31,Autonomo,Percentil 5,Are0128,20957496.0,2022,5
2023-10-09,35,2025-03-01,2025-03-31,Autonomo,Promedio,Are0010,151873936.0,2022,5
2023-10-09,35,2025-03-01,2025-03-31,Autonomo,Percentil 95,Are0056,13507403.0,2022,5
2023-10-09,35,2025-03-01,2025-03-31,Coordinado,Percentil 5,Are0128,19556180.0,2022,5
2023-10-09,35,2025-03-01,2025-03-31,Coordinado,Promedio,Are0128,30316648.0,2022,5
2023-10-09,35,2025-03-01,2025-03-31,Autonomo,Percentil 95,Are0127,575774.1875,2022,5
2023-10-09,35,2025-03-01,2025-03-31,Coordinado,Percentil 5,Are0012,3216483.75,2022,5
2023-10-09,35,2025-03-01,2025-03-31,Autonomo,Percentil 95,Are0012,3624193.5,2022,5
2023-10-09,35,2025-03-01,2025-03-31,Autonomo,Promedio,Are0002,86352440.0,2022,5
2023-10-09,35,2025-03-01,2025-03-31,Autonomo,Promedio,Are0056,21577538.0,2022,5
2023-10-09,35,2025-03-01,2025-03-31,Autonomo,Percentil 5,Are0012,3624193.5,2022,5
2023-10-09,35,2025-03-01,2025-03-31,Coordinado,Promedio,Are0012,8144308.5,2022,5
2023-10-09,35,2025-03-01,2025-03-31,Coordinado,Percentil 5,Are0056,12169577.0,2022,5
2023-10-09,35,2025-03-01,2025-03-31,Coordinado,Promedio,Are0002,85498880.0,2022,5
2023-10-09,35,2025-03-01,2025-03-31,Autonomo,Percentil 95,Are0002,46033176.0,2022,5
2023-10-09,35,2025-03-01,2025-03-31,Coordinado,Percentil 95,Are0002,45344532.0,2022,5
2023-10-09,35,2025-03-01,2025-03-31,Autonomo,Percentil 5,Are0127,575774.1875,2022,5
2023-10-09,35,2025-03-01,2025-03-31,Coordinado,Percentil 5,Are0127,416645.15625,2022,5
2023-10-09,35,2025-03-01,2025-03-31,Coordinado,Promedio,Are0056,20147520.0,2022,5
2023-10-09,35,2025-03-01,2025-03-31,Coordinado,Percentil 95,Are0127,416645.15625,2022,5
2023-10-09,35,2025-03-01,2025-03-31,Coordinado,Percentil 95,Are0056,12169577.0,2022,5
2023-10-09,35,2025-03-01,2025-03-31,Autonomo,Promedio,Are0012,9465548.0,2022,5
2023-10-09,35,2025-03-01,2025-03-31,Autonomo,Percentil 5,Are0056,13507403.0,2022,5
2023-10-10,23,2025-03-01,2025-03-31,Coordinado,Percentil 5,Are0010,78890320.0,2023,5
2023-10-10,23,2025-03-01,2025-03-31,Coordinado,Promedio,Are0010,160298352.0,2023,5
2023-10-10,23,2025-03-01,2025-03-31,Coordinado,Percentil 5,Are0127,289003.21875,2023,5
2023-10-10,23,2025-03-01,2025-03-31,Coordinado,Promedio,Are0012,9681679.0,2023,5
2023-10-10,23,2025-03-01,2025-03-31,Coordinado,Percentil 5,Are0056,11737245.0,2023,5
2023-10-10,23,2025-03-01,2025-03-31,Autonomo,Promedio,Are0128,34004904.0,2023,5
2023-10-10,23,2025-03-01,2025-03-31,Coordinado,Percentil 95,Are0010,257651616.0,2023,5
2023-10-10,23,2025-03-01,2025-03-31,Autonomo,Promedio,Are0127,1570769.5,2023,5
2023-10-10,23,2025-03-01,2025-03-31,Coordinado,Promedio,Are0127,1468997.5,2023,5
2023-10-10,23,2025-03-01,2025-03-31,Coordinado,Promedio,Are0056,23682968.0,2023,5
2023-10-10,23,2025-03-01,2025-03-31,Coordinado,Percentil 95,Are0128,18259690.0,2023,5
2023-10-10,23,2025-03-01,2025-03-31,Autonomo,Percentil 5,Are0127,317080.65625,2023,5
2023-10-10,23,2025-03-01,2025-03-31,Autonomo,Promedio,Are0012,9854262.0,2023,5
2023-10-10,23,2025-03-01,2025-03-31,Autonomo,Percentil 5,Are0056,11994135.0,2023,5
2023-10-10,23,2025-03-01,2025-03-31,Coordinado,Percentil 5,Are0012,1798161.25,2023,5
2023-10-10,23,2025-03-01,2025-03-31,Coordinado,Promedio,Are0002,92187872.0,2023,5
2023-10-10,23,2025-03-01,2025-03-31,Coordinado,Percentil 5,Are0128,18259690.0,2023,5
2023-10-10,23,2025-03-01,2025-03-31,Autonomo,Percentil 95,Are0002,37735064.0,2023,5
2023-10-10,23,2025-03-01,2025-03-31,Autonomo,Promedio,Are0010,161850480.0,2023,5
2023-10-10,23,2025-03-01,2025-03-31,Autonomo,Percentil 5,Are0012,1806774.25,2023,5
2023-10-10,23,2025-03-01,2025-03-31,Coordinado,Percentil 95,Are0002,37550356.0,2023,5
2023-10-10,23,2025-03-01,2025-03-31,Autonomo,Percentil 5,Are0002,37735064.0,2023,5
2023-10-10,23,2025-03-01,2025-03-31,Autonomo,Percentil 95,Are0127,317080.65625,2023,5
2023-10-10,23,2025-03-01,2025-03-31,Coordinado,Percentil 95,Are0012,1798161.25,2023,5
2023-10-10,23,2025-03-01,2025-03-31,Coordinado,Percentil 95,Are0127,289003.21875,2023,5
2023-10-10,23,2025-03-01,2025-03-31,Autonomo,Percentil 5,Are0128,19075300.0,2023,5
2023-10-10,23,2025-03-01,2025-03-31,Autonomo,Promedio,Are0002,92515736.0,2023,5
2023-10-10,23,2025-03-01,2025-03-31,Coordinado,Percentil 95,Are0056,11737245.0,2023,5
2023-10-10,23,2025-03-01,2025-03-31,Autonomo,Percentil 95,Are0056,11994135.0,2023,5
2023-10-10,23,2025-03-01,2025-03-31,Autonomo,Percentil 95,Are0128,19075300.0,2023,5
2023-10-10,23,2025-03-01,2025-03-31,Autonomo,Percentil 95,Are0010,259774192.0,2023,5
2023-10-10,23,2025-03-01,2025-03-31,Autonomo,Promedio,Are0056,23904880.0,2023,5
2023-10-10,23,2025-03-01,2025-03-31,Autonomo,Percentil 95,Are0012,1806774.25,2023,5
2023-10-10,23,2025-03-01,2025-03-31,Coordinado,Promedio,Are0128,33276782.0,2023,5
2023-10-10,23,2025-03-01,2025-03-31,Autonomo,Percentil 5,Are0010,80509680.0,2023,5
2023-10-10,23,2025-03-01,2025-03-31,Coordinado,Percentil 5,Are0002,37550356.0,2023,5
2023-10-10,37,2025-03-01,2025-03-31,Coordinado,Percentil 95,Are0127,328064.53125,2022,3
2023-10-10,37,2025-03-01,2025-03-31,Coordinado,Percentil 95,Are0002,39723984.0,2022,3
2023-10-10,37,2025-03-01,2025-03-31,Autonomo,Promedio,Are0010,146770640.0,2022,3
2023-10-10,37,2025-03-01,2025-03-31,Coordinado,Percentil 5,Are0002,39723984.0,2022,3
2023-10-10,37,2025-03-01,2025-03-31,Coordinado,Promedio,Are0012,8301104.0,2022,3
2023-10-10,37,2025-03-01,2025-03-31,Autonomo,Promedio,Are0128,31743506.0,2022,3
2023-10-10,37,2025-03-01,2025-03-31,Autonomo,Promedio,Are0012,8674197.0,2022,3
2023-10-09,39,2025-03-01,2025-03-31,Autonomo,Promedio,Are0010,151133232.0,2022,1
2023-10-09,39,2025-03-01,2025-03-31,Autonomo,Percentil 95,Are0128,18413946.0,2022,1
2023-10-09,39,2025-03-01,2025-03-31,Coordinado,Percentil 95,Are0127,280854.84375,2022,1
2023-10-09,39,2025-03-01,2025-03-31,Autonomo,Percentil 95,Are0010,248606448.0,2022,1
2023-10-09,39,2025-03-01,2025-03-31,Autonomo,Promedio,Are0127,1450906.5,2022,1
2023-10-09,39,2025-03-01,2025-03-31,Coordinado,Percentil 5,Are0127,280854.84375,2022,1
2023-10-09,39,2025-03-01,2025-03-31,Coordinado,Percentil 5,Are0128,17183054.0,2022,1
2023-10-09,39,2025-03-01,2025-03-31,Autonomo,Percentil 95,Are0002,40669672.0,2022,1
2023-10-09,39,2025-03-01,2025-03-31,Autonomo,Promedio,Are0128,32803960.0,2022,1
2023-10-09,39,2025-03-01,2025-03-31,Autonomo,Percentil 95,Are0127,377838.71875,2022,1
2023-10-09,39,2025-03-01,2025-03-31,Autonomo,Percentil 5,Are0002,40669672.0,2022,1
2023-10-09,39,2025-03-01,2025-03-31,Coordinado,Promedio,Are0056,21173632.0,2022,1
2023-10-09,39,2025-03-01,2025-03-31,Autonomo,Percentil 5,Are0128,18413946.0,2022,1
2023-10-09,39,2025-03-01,2025-03-31,Autonomo,Promedio,Are0002,85468208.0,2022,1
2023-10-09,39,2025-03-01,2025-03-31,Coordinado,Promedio,Are0010,146018480.0,2022,1
2023-10-09,39,2025-03-01,2025-03-31,Coordinado,Percentil 95,Are0128,17183054.0,2022,1
2023-10-09,39,2025-03-01,2025-03-31,Autonomo,Percentil 5,Are0056,10710635.0,2022,1
2023-10-09,39,2025-03-01,2025-03-31,Coordinado,Percentil 95,Are0056,10165375.0,2022,1
2023-10-09,39,2025-03-01,2025-03-31,Autonomo,Percentil 5,Are0127,377838.71875,2022,1
2023-10-09,39,2025-03-01,2025-03-31,Coordinado,Percentil 95,Are0012,1513096.75,2022,1
2023-10-09,39,2025-03-01,2025-03-31,Autonomo,Percentil 5,Are0012,1650064.5,2022,1
2023-10-09,39,2025-03-01,2025-03-31,Autonomo,Promedio,Are0056,22557196.0,2022,1
2023-10-09,39,2025-03-01,2025-03-31,Autonomo,Percentil 95,Are0012,1650064.5,2022,1
2023-10-09,39,2025-03-01,2025-03-31,Coordinado,Promedio,Are0002,84955168.0,2022,1
2023-10-09,39,2025-03-01,2025-03-31,Autonomo,Promedio,Are0012,8852916.0,2022,1
2023-10-09,39,2025-03-01,2025-03-31,Coordinado,Percentil 5,Are0002,40468560.0,2022,1
2023-10-09,39,2025-03-01,2025-03-31,Coordinado,Percentil 5,Are0010,77532256.0,2022,1
2023-10-09,39,2025-03-01,2025-03-31,Coordinado,Promedio,Are0012,8125713.0,2022,1
2023-10-09,39,2025-03-01,2025-03-31,Coordinado,Percentil 95,Are0002,40468560.0,2022,1
2023-10-09,39,2025-03-01,2025-03-31,Autonomo,Percentil 95,Are0056,10710635.0,2022,1
2023-10-09,39,2025-03-01,2025-03-31,Autonomo,Percentil 5,Are0010,79216128.0,2022,1
2023-10-09,39,2025-03-01,2025-03-31,Coordinado,Promedio,Are0128,30629178.0,2022,1
2023-10-09,39,2025-03-01,2025-03-31,Coordinado,Percentil 95,Are0010,238400000.0,2022,1
2023-10-09,39,2025-03-01,2025-03-31,Coordinado,Promedio,Are0127,1134892.375,2022,1
2023-10-09,30,2025-03-01,2025-03-31,Coordinado,Percentil 5,Are0127,333580.65625,2022,10
2023-10-09,30,2025-03-01,2025-03-31,Coordinado,Promedio,Are0056,19676378.0,2022,10
2023-10-09,30,2025-03-01,2025-03-31,Autonomo,Percentil 5,Are0127,343516.125,2022,10
2023-10-09,30,2025-03-01,2025-03-31,Autonomo,Percentil 5,Are0128,19937654.0,2022,10
2023-10-09,30,2025-03-01,2025-03-31,Coordinado,Percentil 5,Are0002,47927316.0,2022,10
2023-10-09,30,2025-03-01,2025-03-31,Coordinado,Promedio,Are0002,88992744.0,2022,10
2023-10-09,30,2025-03-01,2025-03-31,Coordinado,Percentil 5,Are0012,3039096.75,2022,10
2023-10-09,30,2025-03-01,2025-03-31,Coordinado,Percentil 95,Are0002,47927316.0,2022,10
2023-10-09,30,2025-03-01,2025-03-31,Coordinado,Percentil 95,Are0012,3039096.75,2022,10
2023-10-09,30,2025-03-01,2025-03-31,Coordinado,Percentil 95,Are0010,235732256.0,2022,10
2023-10-09,30,2025-03-01,2025-03-31,Coordinado,Percentil 95,Are0128,18471726.0,2022,10
2023-10-09,30,2025-03-01,2025-03-31,Coordinado,Percentil 5,Are0056,10704052.0,2022,10
2023-10-09,30,2025-03-01,2025-03-31,Autonomo,Promedio,Are0056,21113252.0,2022,10
2023-10-09,30,2025-03-01,2025-03-31,Autonomo,Promedio,Are0128,33243294.0,2022,10
2023-10-09,30,2025-03-01,2025-03-31,Autonomo,Percentil 95,Are0128,19937654.0,2022,10
2023-10-09,30,2025-03-01,2025-03-31,Autonomo,Percentil 5,Are0010,87793552.0,2022,10
2023-10-09,30,2025-03-01,2025-03-31,Coordinado,Promedio,Are0128,30508392.0,2022,10
2023-10-09,30,2025-03-01,2025-03-31,Coordinado,Percentil 95,Are0056,10704052.0,2022,10
2023-10-09,30,2025-03-01,2025-03-31,Autonomo,Percentil 95,Are0012,3358387.0,2022,10
2023-10-09,30,2025-03-01,2025-03-31,Coordinado,Percentil 5,Are0010,85932256.0,2022,10
2023-10-09,30,2025-03-01,2025-03-31,Autonomo,Percentil 95,Are0056,11140416.0,2022,10
2023-10-09,30,2025-03-01,2025-03-31,Autonomo,Promedio,Are0010,154853040.0,2022,10
2023-10-09,30,2025-03-01,2025-03-31,Autonomo,Promedio,Are0012,9392388.0,2022,10
2023-10-09,30,2025-03-01,2025-03-31,Coordinado,Promedio,Are0127,1157071.25,2022,10
2023-10-09,30,2025-03-01,2025-03-31,Autonomo,Percentil 95,Are0002,47540612.0,2022,10
2023-10-09,30,2025-03-01,2025-03-31,Coordinado,Promedio,Are0010,148571968.0,2022,10
2023-10-09,30,2025-03-01,2025-03-31,Autonomo,Promedio,Are0127,1436105.5,2022,10
2023-10-09,30,2025-03-01,2025-03-31,Coordinado,Percentil 5,Are0128,18471726.0,2022,10
2023-10-09,30,2025-03-01,2025-03-31,Autonomo,Promedio,Are0002,89667928.0,2022,10
2023-10-09,30,2025-03-01,2025-03-31,Autonomo,Percentil 5,Are0012,3358387.0,2022,10
2023-10-09,30,2025-03-01,2025-03-31,Autonomo,Percentil 5,Are0056,11140416.0,2022,10
2023-10-09,30,2025-03-01,2025-03-31,Autonomo,Percentil 5,Are0002,47540612.0,2022,10
2023-10-09,30,2025-03-01,2025-03-31,Coordinado,Promedio,Are0012,8237332.5,2022,10
2023-10-09,30,2025-03-01,2025-03-31,Coordinado,Percentil 95,Are0127,333580.65625,2022,10
2023-10-09,30,2025-03-01,2025-03-31,Autonomo,Percentil 95,Are0127,343516.125,2022,10
2023-10-09,30,2025-03-01,2025-03-31,Autonomo,Percentil 95,Are0010,243845168.0,2022,10
2023-10-10,24,2025-03-01,2025-03-31,Coordinado,Percentil 5,Are0002,38719880.0,2023,4
2023-10-10,24,2025-03-01,2025-03-31,Coordinado,Promedio,Are0056,24413422.0,2023,4
2023-10-10,24,2025-03-01,2025-03-31,Autonomo,Percentil 5,Are0056,12964044.0,2023,4
2023-10-10,24,2025-03-01,2025-03-31,Autonomo,Promedio,Are0002,92775792.0,2023,4
2023-10-10,24,2025-03-01,2025-03-31,Coordinado,Promedio,Are0127,1401640.625,2023,4
2023-10-10,24,2025-03-01,2025-03-31,Autonomo,Percentil 5,Are0012,2346709.75,2023,4
2023-10-10,24,2025-03-01,2025-03-31,Autonomo,Percentil 5,Are0010,85416128.0,2023,4
2023-10-10,24,2025-03-01,2025-03-31,Autonomo,Percentil 95,Are0128,19453010.0,2023,4
2023-10-10,24,2025-03-01,2025-03-31,Autonomo,Promedio,Are0056,24525888.0,2023,4
2023-10-10,24,2025-03-01,2025-03-31,Coordinado,Percentil 5,Are0128,19123974.0,2023,4
2023-10-10,24,2025-03-01,2025-03-31,Autonomo,Promedio,Are0128,34306812.0,2023,4
2023-10-10,24,2025-03-01,2025-03-31,Autonomo,Promedio,Are0010,163163264.0,2023,4
2023-10-10,24,2025-03-01,2025-03-31,Coordinado,Promedio,Are0128,33874372.0,2023,4
2023-10-10,24,2025-03-01,2025-03-31,Coordinado,Percentil 95,Are0010,254922576.0,2023,4
2023-10-10,24,2025-03-01,2025-03-31,Coordinado,Promedio,Are0012,9704826.0,2023,4
2023-10-10,24,2025-03-01,2025-03-31,Autonomo,Promedio,Are0012,10038015.0,2023,4
2023-10-10,24,2025-03-01,2025-03-31,Coordinado,Percentil 95,Are0012,2219967.75,2023,4
2023-10-10,24,2025-03-01,2025-03-31,Autonomo,Percentil 5,Are0128,19453010.0,2023,4
2023-10-10,24,2025-03-01,2025-03-31,Autonomo,Percentil 95,Are0012,2346709.75,2023,4
2023-10-10,24,2025-03-01,2025-03-31,Autonomo,Percentil 95,Are0056,12964044.0,2023,4
2023-10-10,24,2025-03-01,2025-03-31,Autonomo,Promedio,Are0127,1516709.875,2023,4
2023-10-10,24,2025-03-01,2025-03-31,Coordinado,Percentil 5,Are0056,12759229.0,2023,4
2023-10-10,24,2025-03-01,2025-03-31,Autonomo,Percentil 5,Are0002,38764656.0,2023,4
2023-10-10,24,2025-03-01,2025-03-31,Coordinado,Percentil 5,Are0012,2219967.75,2023,4
2023-10-10,24,2025-03-01,2025-03-31,Coordinado,Promedio,Are0002,92408640.0,2023,4
2023-10-10,24,2025-03-01,2025-03-31,Autonomo,Percentil 95,Are0002,38764656.0,2023,4
2023-10-10,24,2025-03-01,2025-03-31,Coordinado,Percentil 95,Are0127,395612.90625,2023,4
2023-10-10,24,2025-03-01,2025-03-31,Coordinado,Percentil 95,Are0128,19123974.0,2023,4
2023-10-10,24,2025-03-01,2025-03-31,Coordinado,Percentil 5,Are0010,84922584.0,2023,4
2023-10-10,24,2025-03-01,2025-03-31,Autonomo,Percentil 5,Are0127,420935.46875,2023,4
2023-10-10,24,2025-03-01,2025-03-31,Coordinado,Promedio,Are0010,161803008.0,2023,4
2023-10-10,24,2025-03-01,2025-03-31,Coordinado,Percentil 95,Are0002,38719880.0,2023,4
2023-10-09,32,2025-03-01,2025-03-31,Autonomo,Promedio,Are0010,152017488.0,2022,8
2023-10-09,32,2025-03-01,2025-03-31,Autonomo,Promedio,Are0056,20824260.0,2022,8
2023-10-09,32,2025-03-01,2025-03-31,Autonomo,Percentil 5,Are0012,3454838.75,2022,8
2023-10-09,32,2025-03-01,2025-03-31,Autonomo,Promedio,Are0002,87346480.0,2022,8
2023-10-09,32,2025-03-01,2025-03-31,Coordinado,Percentil 95,Are0010,211987104.0,2022,8
2023-10-09,32,2025-03-01,2025-03-31,Autonomo,Promedio,Are0128,32993102.0,2022,8
2023-10-09,32,2025-03-01,2025-03-31,Coordinado,Promedio,Are0002,86790240.0,2022,8
2023-10-09,32,2025-03-01,2025-03-31,Autonomo,Percentil 5,Are0002,48260652.0,2022,8
2023-10-09,32,2025-03-01,2025-03-31,Autonomo,Percentil 5,Are0010,94670968.0,2022,8
2023-10-09,32,2025-03-01,2025-03-31,Autonomo,Percentil 95,Are0012,3454838.75,2022,8
2023-10-09,32,2025-03-01,2025-03-31,Coordinado,Promedio,Are0127,1113919.125,2022,8
2023-10-09,32,2025-03-01,2025-03-31,Coordinado,Percentil 5,Are0056,12234890.0,2022,8
2023-10-09,32,2025-03-01,2025-03-31,Autonomo,Promedio,Are0127,1469160.625,2022,8
2023-10-09,32,2025-03-01,2025-03-31,Coordinado,Percentil 5,Are0127,293548.375,2022,8
2023-10-09,32,2025-03-01,2025-03-31,Autonomo,Percentil 95,Are0128,21187070.0,2022,8
2023-10-09,32,2025-03-01,2025-03-31,Coordinado,Percentil 95,Are0128,19687206.0,2022,8
2023-10-09,32,2025-03-01,2025-03-31,Autonomo,Percentil 5,Are0127,426548.375,2022,8
2023-10-09,32,2025-03-01,2025-03-31,Coordinado,Percentil 5,Are0002,47917620.0,2022,8
2023-10-09,32,2025-03-01,2025-03-31,Coordinado,Promedio,Are0128,30083408.0,2022,8
2023-10-09,32,2025-03-01,2025-03-31,Coordinado,Percentil 5,Are0010,94303224.0,2022,8
2023-10-09,32,2025-03-01,2025-03-31,Coordinado,Percentil 95,Are0056,12234890.0,2022,8
2023-10-09,32,2025-03-01,2025-03-31,Autonomo,Percentil 5,Are0128,21187070.0,2022,8
2023-10-09,32,2025-03-01,2025-03-31,Autonomo,Percentil 5,Are0056,12404877.0,2022,8
2023-10-09,32,2025-03-01,2025-03-31,Autonomo,Percentil 95,Are0127,426548.375,2022,8
2023-10-09,32,2025-03-01,2025-03-31,Autonomo,Percentil 95,Are0010,219335488.0,2022,8
2023-10-09,32,2025-03-01,2025-03-31,Coordinado,Percentil 95,Are0127,293548.375,2022,8
2023-10-09,32,2025-03-01,2025-03-31,Coordinado,Promedio,Are0010,145227552.0,2022,8
2023-10-09,32,2025-03-01,2025-03-31,Autonomo,Percentil 95,Are0002,48260652.0,2022,8
2023-10-09,32,2025-03-01,2025-03-31,Coordinado,Percentil 5,Are0012,3296774.25,2022,8
2023-10-09,32,2025-03-01,2025-03-31,Coordinado,Percentil 5,Are0128,19687206.0,2022,8
2023-10-09,32,2025-03-01,2025-03-31,Coordinado,Promedio,Are0056,19282564.0,2022,8
2023-10-09,32,2025-03-01,2025-03-31,Coordinado,Promedio,Are0012,7957351.5,2022,8
2023-10-09,32,2025-03-01,2025-03-31,Autonomo,Percentil 95,Are0056,12404877.0,2022,8
2023-10-09,32,2025-03-01,2025-03-31,Coordinado,Percentil 95,Are0012,3296774.25,2022,8
2023-10-09,32,2025-03-01,2025-03-31,Autonomo,Promedio,Are0012,9384542.0,2022,8
2023-10-09,32,2025-03-01,2025-03-31,Coordinado,Percentil 95,Are0002,47917620.0,2022,8
2023-10-09,39,2025-03-01,2025-03-31,Coordinado,Percentil 5,Are0012,1513096.75,2022,1
2023-10-09,39,2025-03-01,2025-03-31,Coordinado,Percentil 5,Are0056,10165375.0,2022,1
2023-10-25,18,2025-03-01,2025-03-31,Coordinado,Percentil 5,Are0127,296338.71875,2023,10
2023-10-25,18,2025-03-01,2025-03-31,Autonomo,Promedio,Are0002,84453136.0,2023,10
2023-10-25,18,2025-03-01,2025-03-31,Autonomo,Percentil 5,Are0012,2024000.0,2023,10
2023-10-25,18,2025-03-01,2025-03-31,Autonomo,Percentil 5,Are0002,45250208.0,2023,10
2023-10-25,18,2025-03-01,2025-03-31,Autonomo,Promedio,Are0012,8712813.0,2023,10
2023-10-25,18,2025-03-01,2025-03-31,Autonomo,Promedio,Are0127,1410733.0,2023,10
2023-10-25,18,2025-03-01,2025-03-31,Autonomo,Percentil 5,Are0056,12162570.0,2023,10
2023-10-25,18,2025-03-01,2025-03-31,Coordinado,Promedio,Are0127,1392922.875,2023,10
2023-10-25,18,2025-03-01,2025-03-31,Autonomo,Percentil 5,Are0010,94816128.0,2023,10
2023-10-25,18,2025-03-01,2025-03-31,Autonomo,Promedio,Are0010,151767744.0,2023,10
2023-10-25,18,2025-03-01,2025-03-31,Coordinado,Percentil 5,Are0056,11877972.0,2023,10
2023-10-25,18,2025-03-01,2025-03-31,Coordinado,Percentil 95,Are0002,45249792.0,2023,10
2023-10-25,18,2025-03-01,2025-03-31,Coordinado,Percentil 95,Are0128,20657168.0,2023,10
2023-10-25,18,2025-03-01,2025-03-31,Autonomo,Percentil 95,Are0056,12162570.0,2023,10
2023-10-25,18,2025-03-01,2025-03-31,Autonomo,Percentil 5,Are0128,20956642.0,2023,10
2023-10-25,18,2025-03-01,2025-03-31,Coordinado,Percentil 95,Are0056,11877972.0,2023,10
2023-10-25,18,2025-03-01,2025-03-31,Coordinado,Percentil 5,Are0012,1888290.375,2023,10
2023-10-25,18,2025-03-01,2025-03-31,Coordinado,Percentil 5,Are0010,94512904.0,2023,10
2023-10-25,18,2025-03-01,2025-03-31,Autonomo,Percentil 95,Are0127,294958.0625,2023,10
2023-10-25,18,2025-03-01,2025-03-31,Coordinado,Percentil 5,Are0002,45249792.0,2023,10
2023-10-10,21,2025-03-01,2025-03-31,Coordinado,Percentil 95,Are0127,321867.75,2023,7
2023-10-10,21,2025-03-01,2025-03-31,Autonomo,Percentil 5,Are0012,2260322.5,2023,7
2023-10-10,21,2025-03-01,2025-03-31,Coordinado,Percentil 95,Are0128,19341226.0,2023,7
2023-10-10,21,2025-03-01,2025-03-31,Coordinado,Percentil 5,Are0010,88435480.0,2023,7
2023-10-10,21,2025-03-01,2025-03-31,Coordinado,Promedio,Are0010,157493872.0,2023,7
2023-10-10,21,2025-03-01,2025-03-31,Autonomo,Percentil 5,Are0127,287858.0625,2023,7
2023-10-10,21,2025-03-01,2025-03-31,Autonomo,Percentil 5,Are0128,19353094.0,2023,7
2023-10-10,21,2025-03-01,2025-03-31,Coordinado,Percentil 95,Are0002,42121376.0,2023,7
2023-10-10,21,2025-03-01,2025-03-31,Coordinado,Percentil 5,Are0002,42121376.0,2023,7
2023-10-10,21,2025-03-01,2025-03-31,Coordinado,Percentil 5,Are0128,19341226.0,2023,7
2023-10-10,21,2025-03-01,2025-03-31,Autonomo,Promedio,Are0010,158375360.0,2023,7
2023-10-10,21,2025-03-01,2025-03-31,Autonomo,Promedio,Are0056,23709726.0,2023,7
2023-10-10,21,2025-03-01,2025-03-31,Coordinado,Promedio,Are0056,23591262.0,2023,7
2023-10-10,21,2025-03-01,2025-03-31,Coordinado,Percentil 5,Are0012,2304580.75,2023,7
2023-10-10,21,2025-03-01,2025-03-31,Autonomo,Promedio,Are0012,8778880.0,2023,7
2023-10-10,21,2025-03-01,2025-03-31,Autonomo,Percentil 95,Are0010,241280640.0,2023,7
2023-10-10,21,2025-03-01,2025-03-31,Coordinado,Promedio,Are0128,33517820.0,2023,7
2023-10-10,21,2025-03-01,2025-03-31,Autonomo,Percentil 5,Are0002,42115892.0,2023,7
2023-10-10,21,2025-03-01,2025-03-31,Coordinado,Percentil 95,Are0056,11513242.0,2023,7
2023-10-10,21,2025-03-01,2025-03-31,Autonomo,Percentil 95,Are0002,42115892.0,2023,7
2023-10-10,21,2025-03-01,2025-03-31,Autonomo,Percentil 95,Are0056,11525432.0,2023,7
2023-10-10,21,2025-03-01,2025-03-31,Coordinado,Promedio,Are0127,1357203.25,2023,7
2023-10-10,21,2025-03-01,2025-03-31,Autonomo,Percentil 95,Are0127,287858.0625,2023,7
2023-10-10,21,2025-03-01,2025-03-31,Autonomo,Promedio,Are0128,33849884.0,2023,7
2023-10-10,21,2025-03-01,2025-03-31,Coordinado,Promedio,Are0012,8523433.0,2023,7
2023-10-10,21,2025-03-01,2025-03-31,Autonomo,Percentil 5,Are0010,89190320.0,2023,7
2023-10-10,21,2025-03-01,2025-03-31,Autonomo,Percentil 95,Are0012,2260322.5,2023,7
2023-10-10,21,2025-03-01,2025-03-31,Autonomo,Promedio,Are0127,1409158.875,2023,7
2023-10-10,21,2025-03-01,2025-03-31,Autonomo,Promedio,Are0002,90627696.0,2023,7
2023-10-10,21,2025-03-01,2025-03-31,Coordinado,Percentil 95,Are0010,239900000.0,2023,7
2023-10-10,21,2025-03-01,2025-03-31,Autonomo,Percentil 95,Are0128,19353094.0,2023,7
2023-10-10,21,2025-03-01,2025-03-31,Coordinado,Promedio,Are0002,90504256.0,2023,7
2023-10-10,21,2025-03-01,2025-03-31,Coordinado,Percentil 5,Are0056,11513242.0,2023,7
2023-10-10,21,2025-03-01,2025-03-31,Autonomo,Percentil 5,Are0056,11525432.0,2023,7
2023-10-10,21,2025-03-01,2025-03-31,Coordinado,Percentil 95,Are0012,2304580.75,2023,7
2023-10-10,21,2025-03-01,2025-03-31,Coordinado,Percentil 5,Are0127,321867.75,2023,7
2023-12-15,17,2025-03-01,2025-03-31,Coordinado,Percentil 95,Are0127,332000.0,2023,11
2023-12-15,17,2025-03-01,2025-03-31,Coordinado,Percentil 5,Are0127,332000.0,2023,11
2023-12-15,17,2025-03-01,2025-03-31,Coordinado,Promedio,Are0127,1362132.875,2023,11
2023-12-15,17,2025-03-01,2025-03-31,Autonomo,Percentil 95,Are0127,342741.9375,2023,11
2023-12-15,17,2025-03-01,2025-03-31,Autonomo,Percentil 5,Are0127,342741.9375,2023,11
2023-12-15,17,2025-03-01,2025-03-31,Autonomo,Promedio,Are0127,1377646.75,2023,11
2023-12-15,17,2025-03-01,2025-03-31,Coordinado,Percentil 95,Are0010,224235488.0,2023,11
2023-12-15,17,2025-03-01,2025-03-31,Coordinado,Percentil 5,Are0010,76012904.0,2023,11
2023-12-15,17,2025-03-01,2025-03-31,Coordinado,Promedio,Are0010,151361360.0,2023,11
2023-12-15,17,2025-03-01,2025-03-31,Autonomo,Percentil 95,Are0010,225383872.0,2023,11
2023-12-15,17,2025-03-01,2025-03-31,Autonomo,Percentil 5,Are0010,76012904.0,2023,11
2023-12-15,17,2025-03-01,2025-03-31,Autonomo,Promedio,Are0010,151560704.0,2023,11
2023-12-15,17,2025-03-01,2025-03-31,Coordinado,Percentil 95,Are0128,17715012.0,2023,11
2023-10-10,28,2025-03-01,2025-03-31,Coordinado,Percentil 5,Are0010,87819352.0,2022,12
2023-10-10,28,2025-03-01,2025-03-31,Autonomo,Percentil 5,Are0056,10793416.0,2022,12
2023-10-10,28,2025-03-01,2025-03-31,Autonomo,Promedio,Are0128,31652196.0,2022,12
2023-10-10,28,2025-03-01,2025-03-31,Coordinado,Percentil 95,Are0012,3586129.0,2022,12
2023-10-10,28,2025-03-01,2025-03-31,Coordinado,Promedio,Are0127,1122317.0,2022,12
2023-10-10,28,2025-03-01,2025-03-31,Autonomo,Promedio,Are0002,89017320.0,2022,12
2023-10-10,28,2025-03-01,2025-03-31,Autonomo,Percentil 5,Are0127,389483.875,2022,12
2023-10-10,28,2025-03-01,2025-03-31,Autonomo,Percentil 95,Are0002,50682672.0,2022,12
2023-10-10,28,2025-03-01,2025-03-31,Autonomo,Percentil 5,Are0002,50682672.0,2022,12
2023-10-10,28,2025-03-01,2025-03-31,Coordinado,Percentil 5,Are0056,10346594.0,2022,12
2023-10-10,28,2025-03-01,2025-03-31,Coordinado,Percentil 95,Are0002,50520804.0,2022,12
2023-10-10,28,2025-03-01,2025-03-31,Autonomo,Percentil 5,Are0128,19888430.0,2022,12
2023-10-10,28,2025-03-01,2025-03-31,Coordinado,Percentil 95,Are0010,219287104.0,2022,12
2023-10-10,28,2025-03-01,2025-03-31,Autonomo,Promedio,Are0127,1344973.5,2022,12
2023-10-10,28,2025-03-01,2025-03-31,Coordinado,Promedio,Are0002,88473200.0,2022,12
2023-10-10,28,2025-03-01,2025-03-31,Coordinado,Percentil 95,Are0127,333129.03125,2022,12
2023-10-10,28,2025-03-01,2025-03-31,Coordinado,Promedio,Are0056,20781540.0,2022,12
2023-10-10,28,2025-03-01,2025-03-31,Autonomo,Percentil 95,Are0128,19888430.0,2022,12
2023-10-10,27,2025-03-01,2025-03-31,Coordinado,Promedio,Are0012,7760331.5,2023,1
2023-10-10,27,2025-03-01,2025-03-31,Autonomo,Promedio,Are0012,7990891.0,2023,1
2023-10-10,27,2025-03-01,2025-03-31,Coordinado,Percentil 95,Are0056,11182806.0,2023,1
2023-10-10,27,2025-03-01,2025-03-31,Autonomo,Percentil 95,Are0010,252119360.0,2023,1
2023-10-10,27,2025-03-01,2025-03-31,Coordinado,Percentil 5,Are0012,2512354.75,2023,1
2023-10-10,27,2025-03-01,2025-03-31,Coordinado,Percentil 95,Are0128,19182152.0,2023,1
2023-10-10,27,2025-03-01,2025-03-31,Autonomo,Percentil 5,Are0056,11204065.0,2023,1
2023-10-10,27,2025-03-01,2025-03-31,Autonomo,Promedio,Are0127,1433367.125,2023,1
2023-10-10,27,2025-03-01,2025-03-31,Autonomo,Percentil 5,Are0127,413096.78125,2023,1
2023-10-10,27,2025-03-01,2025-03-31,Autonomo,Promedio,Are0010,148828512.0,2023,1
2023-10-10,27,2025-03-01,2025-03-31,Coordinado,Percentil 5,Are0002,41764320.0,2023,1
2023-10-10,27,2025-03-01,2025-03-31,Autonomo,Promedio,Are0056,21530588.0,2023,1
2023-10-10,27,2025-03-01,2025-03-31,Coordinado,Percentil 5,Are0128,19182152.0,2023,1
2023-10-10,27,2025-03-01,2025-03-31,Coordinado,Promedio,Are0127,1306888.125,2023,1
2023-10-10,27,2025-03-01,2025-03-31,Autonomo,Percentil 95,Are0127,413096.78125,2023,1
2023-10-10,27,2025-03-01,2025-03-31,Coordinado,Percentil 95,Are0127,375806.4375,2023,1
2023-10-10,27,2025-03-01,2025-03-31,Coordinado,Percentil 5,Are0127,375806.4375,2023,1
2023-10-10,27,2025-03-01,2025-03-31,Coordinado,Promedio,Are0056,21306504.0,2023,1
2023-10-10,27,2025-03-01,2025-03-31,Autonomo,Percentil 95,Are0128,19126132.0,2023,1
2023-10-10,27,2025-03-01,2025-03-31,Coordinado,Promedio,Are0128,30702904.0,2023,1
2023-10-10,27,2025-03-01,2025-03-31,Coordinado,Percentil 5,Are0056,11182806.0,2023,1
2023-10-10,27,2025-03-01,2025-03-31,Coordinado,Percentil 5,Are0010,88896776.0,2023,1
2023-10-10,27,2025-03-01,2025-03-31,Autonomo,Promedio,Are0128,31294126.0,2023,1
2023-10-10,27,2025-03-01,2025-03-31,Autonomo,Percentil 95,Are0002,41736548.0,2023,1
2023-10-10,27,2025-03-01,2025-03-31,Coordinado,Percentil 95,Are0012,2512354.75,2023,1
2023-10-10,27,2025-03-01,2025-03-31,Autonomo,Percentil 95,Are0056,11204065.0,2023,1
2023-10-10,27,2025-03-01,2025-03-31,Autonomo,Percentil 5,Are0012,2514290.25,2023,1
2023-10-10,27,2025-03-01,2025-03-31,Coordinado,Promedio,Are0010,147292480.0,2023,1
2023-10-10,27,2025-03-01,2025-03-31,Autonomo,Percentil 5,Are0002,41736548.0,2023,1
2023-10-10,27,2025-03-01,2025-03-31,Autonomo,Promedio,Are0002,86579504.0,2023,1
2023-10-10,27,2025-03-01,2025-03-31,Autonomo,Percentil 95,Are0012,2514290.25,2023,1
2023-10-10,27,2025-03-01,2025-03-31,Coordinado,Percentil 95,Are0010,246880640.0,2023,1
2023-10-10,27,2025-03-01,2025-03-31,Coordinado,Percentil 95,Are0002,41764320.0,2023,1
2023-10-10,27,2025-03-01,2025-03-31,Coordinado,Promedio,Are0002,86215792.0,2023,1
2023-10-10,27,2025-03-01,2025-03-31,Autonomo,Percentil 5,Are0010,88874192.0,2023,1
2023-10-10,27,2025-03-01,2025-03-31,Autonomo,Percentil 5,Are0128,19126132.0,2023,1
2023-10-25,18,2025-03-01,2025-03-31,Coordinado,Promedio,Are0128,33916224.0,2023,10
2023-10-25,18,2025-03-01,2025-03-31,Autonomo,Percentil 95,Are0128,20956642.0,2023,10
2023-10-25,18,2025-03-01,2025-03-31,Coordinado,Promedio,Are0002,84448864.0,2023,10
2023-10-25,18,2025-03-01,2025-03-31,Autonomo,Percentil 95,Are0002,45250208.0,2023,10
2023-10-25,18,2025-03-01,2025-03-31,Coordinado,Percentil 95,Are0010,226212896.0,2023,10
2023-10-25,18,2025-03-01,2025-03-31,Coordinado,Promedio,Are0012,8596541.0,2023,10
2023-10-25,18,2025-03-01,2025-03-31,Coordinado,Promedio,Are0010,151277168.0,2023,10
2023-10-25,18,2025-03-01,2025-03-31,Autonomo,Percentil 95,Are0012,2024000.0,2023,10
2023-10-25,18,2025-03-01,2025-03-31,Autonomo,Percentil 5,Are0127,294958.0625,2023,10
2023-10-25,18,2025-03-01,2025-03-31,Coordinado,Percentil 5,Are0128,20657168.0,2023,10
2023-10-25,18,2025-03-01,2025-03-31,Coordinado,Percentil 95,Are0012,1888290.375,2023,10
2023-10-25,18,2025-03-01,2025-03-31,Autonomo,Promedio,Are0128,34250124.0,2023,10
2023-10-25,18,2025-03-01,2025-03-31,Coordinado,Percentil 95,Are0127,296338.71875,2023,10
2023-10-25,18,2025-03-01,2025-03-31,Autonomo,Percentil 95,Are0010,229183872.0,2023,10
2023-10-25,18,2025-03-01,2025-03-31,Coordinado,Promedio,Are0056,22922702.0,2023,10
2023-10-25,18,2025-03-01,2025-03-31,Autonomo,Promedio,Are0056,22940914.0,2023,10
2023-10-09,31,2025-03-01,2025-03-31,Coordinado,Percentil 95,Are0002,51165508.0,2022,9
2023-10-09,31,2025-03-01,2025-03-31,Coordinado,Percentil 5,Are0010,92251616.0,2022,9
2023-10-09,31,2025-03-01,2025-03-31,Coordinado,Promedio,Are0012,7873396.0,2022,9
2023-10-09,31,2025-03-01,2025-03-31,Autonomo,Percentil 5,Are0056,14354116.0,2022,9
2023-10-09,31,2025-03-01,2025-03-31,Coordinado,Percentil 5,Are0128,20247594.0,2022,9
2023-10-09,31,2025-03-01,2025-03-31,Coordinado,Promedio,Are0010,151051264.0,2022,9
2023-10-09,31,2025-03-01,2025-03-31,Autonomo,Percentil 5,Are0128,21765480.0,2022,9
2023-10-09,31,2025-03-01,2025-03-31,Autonomo,Percentil 95,Are0056,14354116.0,2022,9
2023-10-09,31,2025-03-01,2025-03-31,Coordinado,Percentil 95,Are0128,20247594.0,2022,9
2023-10-09,31,2025-03-01,2025-03-31,Coordinado,Percentil 5,Are0012,2875000.0,2022,9
2023-10-09,31,2025-03-01,2025-03-31,Autonomo,Promedio,Are0002,90348912.0,2022,9
2023-10-09,31,2025-03-01,2025-03-31,Autonomo,Promedio,Are0010,157588512.0,2022,9
2023-10-09,31,2025-03-01,2025-03-31,Coordinado,Percentil 5,Are0056,12823167.0,2022,9
2023-10-09,31,2025-03-01,2025-03-31,Coordinado,Percentil 95,Are0010,238135488.0,2022,9
2023-10-09,31,2025-03-01,2025-03-31,Coordinado,Promedio,Are0128,31228488.0,2022,9
2023-10-09,31,2025-03-01,2025-03-31,Coordinado,Promedio,Are0002,89749472.0,2022,9
2023-10-09,31,2025-03-01,2025-03-31,Coordinado,Promedio,Are0056,21097932.0,2022,9
2023-10-09,31,2025-03-01,2025-03-31,Coordinado,Promedio,Are0127,1101833.25,2022,9
2023-10-09,31,2025-03-01,2025-03-31,Autonomo,Promedio,Are0127,1446348.125,2022,9
2023-10-09,31,2025-03-01,2025-03-31,Autonomo,Percentil 95,Are0010,253406448.0,2022,9
2023-10-09,31,2025-03-01,2025-03-31,Autonomo,Percentil 5,Are0010,96606448.0,2022,9
2023-10-09,31,2025-03-01,2025-03-31,Autonomo,Percentil 95,Are0012,3010709.75,2022,9
2023-10-09,31,2025-03-01,2025-03-31,Autonomo,Percentil 95,Are0128,21765480.0,2022,9
2023-10-09,31,2025-03-01,2025-03-31,Coordinado,Percentil 95,Are0012,2875000.0,2022,9
2023-10-09,31,2025-03-01,2025-03-31,Coordinado,Percentil 5,Are0127,300374.1875,2022,9
2023-10-10,22,2025-03-01,2025-03-31,Coordinado,Percentil 95,Are0002,37206488.0,2023,6
2023-10-10,22,2025-03-01,2025-03-31,Coordinado,Percentil 5,Are0128,16917468.0,2023,6
2023-10-10,22,2025-03-01,2025-03-31,Autonomo,Percentil 95,Are0128,17560194.0,2023,6
2023-10-10,22,2025-03-01,2025-03-31,Coordinado,Percentil 5,Are0056,11694444.0,2023,6
2023-10-10,22,2025-03-01,2025-03-31,Autonomo,Promedio,Are0128,32059308.0,2023,6
2023-10-10,22,2025-03-01,2025-03-31,Autonomo,Percentil 95,Are0010,237532256.0,2023,6
2023-10-10,22,2025-03-01,2025-03-31,Coordinado,Percentil 95,Are0010,234067744.0,2023,6
2023-10-10,22,2025-03-01,2025-03-31,Autonomo,Promedio,Are0012,8351786.5,2023,6
2023-10-10,22,2025-03-01,2025-03-31,Coordinado,Percentil 5,Are0002,37206488.0,2023,6
2023-10-10,22,2025-03-01,2025-03-31,Autonomo,Promedio,Are0010,152495520.0,2023,6
2023-10-10,22,2025-03-01,2025-03-31,Autonomo,Percentil 5,Are0012,2311387.0,2023,6
2023-10-10,22,2025-03-01,2025-03-31,Autonomo,Promedio,Are0056,21960444.0,2023,6
2023-10-10,22,2025-03-01,2025-03-31,Coordinado,Percentil 95,Are0056,11694444.0,2023,6
2023-10-10,22,2025-03-01,2025-03-31,Coordinado,Promedio,Are0128,31332888.0,2023,6
2023-10-10,22,2025-03-01,2025-03-31,Autonomo,Percentil 95,Are0127,308000.0,2023,6
2023-10-10,22,2025-03-01,2025-03-31,Autonomo,Promedio,Are0002,88696152.0,2023,6
2023-10-10,22,2025-03-01,2025-03-31,Autonomo,Percentil 5,Are0128,17560194.0,2023,6
2023-10-10,22,2025-03-01,2025-03-31,Coordinado,Percentil 95,Are0012,2311387.0,2023,6
2023-10-10,22,2025-03-01,2025-03-31,Coordinado,Percentil 95,Are0128,16917468.0,2023,6
2023-10-10,22,2025-03-01,2025-03-31,Coordinado,Percentil 5,Are0010,76370968.0,2023,6
2023-10-10,22,2025-03-01,2025-03-31,Coordinado,Percentil 5,Are0127,307990.3125,2023,6
2023-10-10,22,2025-03-01,2025-03-31,Autonomo,Percentil 95,Are0056,12317652.0,2023,6
2023-10-10,22,2025-03-01,2025-03-31,Autonomo,Percentil 5,Are0002,37164004.0,2023,6
2023-10-10,22,2025-03-01,2025-03-31,Coordinado,Promedio,Are0002,88462152.0,2023,6
2023-10-10,22,2025-03-01,2025-03-31,Coordinado,Promedio,Are0127,1354269.625,2023,6
2023-10-10,22,2025-03-01,2025-03-31,Coordinado,Percentil 95,Are0127,307990.3125,2023,6
2023-10-10,22,2025-03-01,2025-03-31,Autonomo,Promedio,Are0127,1427928.25,2023,6
2023-10-10,22,2025-03-01,2025-03-31,Coordinado,Promedio,Are0056,21699210.0,2023,6
2023-10-10,22,2025-03-01,2025-03-31,Autonomo,Percentil 95,Are0002,37164004.0,2023,6
2023-10-10,22,2025-03-01,2025-03-31,Autonomo,Percentil 5,Are0127,308000.0,2023,6
2023-10-10,22,2025-03-01,2025-03-31,Coordinado,Promedio,Are0010,150934320.0,2023,6
2023-10-10,22,2025-03-01,2025-03-31,Coordinado,Percentil 5,Are0012,2311387.0,2023,6
2023-10-10,22,2025-03-01,2025-03-31,Autonomo,Percentil 5,Are0056,12317652.0,2023,6
2023-10-10,22,2025-03-01,2025-03-31,Autonomo,Percentil 5,Are0010,76477416.0,2023,6
2023-10-10,22,2025-03-01,2025-03-31,Coordinado,Promedio,Are0012,8085887.0,2023,6
2023-10-10,22,2025-03-01,2025-03-31,Autonomo,Percentil 95,Are0012,2311387.0,2023,6
2023-10-09,35,2025-03-01,2025-03-31,Coordinado,Percentil 95,Are0012,3216483.75,2022,5
2023-10-09,35,2025-03-01,2025-03-31,Autonomo,Percentil 95,Are0010,245722576.0,2022,5
2023-10-09,35,2025-03-01,2025-03-31,Autonomo,Percentil 5,Are0010,91464520.0,2022,5
2023-10-09,35,2025-03-01,2025-03-31,Coordinado,Percentil 5,Are0010,89654840.0,2022,5
2023-10-09,35,2025-03-01,2025-03-31,Autonomo,Promedio,Are0128,32975702.0,2022,5
2023-10-09,35,2025-03-01,2025-03-31,Coordinado,Promedio,Are0127,1138751.0,2022,5
2023-10-09,35,2025-03-01,2025-03-31,Coordinado,Promedio,Are0010,145246096.0,2022,5
2023-10-09,35,2025-03-01,2025-03-31,Autonomo,Percentil 5,Are0002,46033176.0,2022,5
2023-10-09,35,2025-03-01,2025-03-31,Autonomo,Percentil 95,Are0128,20957496.0,2022,5
2023-12-15,17,2025-03-01,2025-03-31,Coordinado,Percentil 5,Are0128,17715012.0,2023,11
2023-12-15,17,2025-03-01,2025-03-31,Coordinado,Promedio,Are0128,32930176.0,2023,11
2023-12-15,17,2025-03-01,2025-03-31,Autonomo,Percentil 95,Are0128,17746496.0,2023,11
2023-12-15,17,2025-03-01,2025-03-31,Autonomo,Percentil 5,Are0128,17746496.0,2023,11
2023-12-15,17,2025-03-01,2025-03-31,Autonomo,Promedio,Are0128,33072258.0,2023,11
2023-12-15,17,2025-03-01,2025-03-31,Coordinado,Percentil 95,Are0056,11651061.0,2023,11
2023-12-15,17,2025-03-01,2025-03-31,Coordinado,Percentil 5,Are0056,11651061.0,2023,11
2023-12-15,17,2025-03-01,2025-03-31,Coordinado,Promedio,Are0056,22382052.0,2023,11
2023-12-15,17,2025-03-01,2025-03-31,Autonomo,Percentil 95,Are0056,11446190.0,2023,11
2023-12-15,17,2025-03-01,2025-03-31,Autonomo,Percentil 5,Are0056,11446190.0,2023,11
2023-12-15,17,2025-03-01,2025-03-31,Autonomo,Promedio,Are0056,22368948.0,2023,11
2023-12-15,17,2025-03-01,2025-03-31,Coordinado,Percentil 95,Are0012,1516354.875,2023,11
2023-12-15,17,2025-03-01,2025-03-31,Coordinado,Percentil 5,Are0012,1516354.875,2023,11
2023-12-15,17,2025-03-01,2025-03-31,Coordinado,Promedio,Are0012,8964101.0,2023,11
2023-12-15,17,2025-03-01,2025-03-31,Autonomo,Percentil 95,Are0012,1525741.875,2023,11
2023-12-15,17,2025-03-01,2025-03-31,Autonomo,Percentil 5,Are0012,1525741.875,2023,11
2023-12-15,17,2025-03-01,2025-03-31,Autonomo,Promedio,Are0012,9051071.0,2023,11
2023-12-15,17,2025-03-01,2025-03-31,Coordinado,Percentil 95,Are0002,35476796.0,2023,11
2023-12-15,17,2025-03-01,2025-03-31,Coordinado,Percentil 5,Are0002,35476796.0,2023,11
2023-12-15,17,2025-03-01,2025-03-31,Coordinado,Promedio,Are0002,85722880.0,2023,11
2023-12-15,17,2025-03-01,2025-03-31,Autonomo,Percentil 95,Are0002,35442312.0,2023,11
2023-12-15,17,2025-03-01,2025-03-31,Autonomo,Percentil 5,Are0002,35442312.0,2023,11
2023-12-15,17,2025-03-01,2025-03-31,Autonomo,Promedio,Are0002,85690728.0,2023,11
2023-10-09,36,2025-03-01,2025-03-31,Coordinado,Percentil 95,Are0002,46243660.0,2022,4
2023-10-09,36,2025-03-01,2025-03-31,Coordinado,Percentil 5,Are0127,415870.96875,2022,4
2023-10-09,36,2025-03-01,2025-03-31,Autonomo,Promedio,Are0002,84798232.0,2022,4
2023-10-09,36,2025-03-01,2025-03-31,Autonomo,Percentil 5,Are0010,90000000.0,2022,4
2023-10-09,36,2025-03-01,2025-03-31,Coordinado,Percentil 95,Are0128,18591200.0,2022,4
2023-10-09,36,2025-03-01,2025-03-31,Coordinado,Percentil 5,Are0010,89174192.0,2022,4
2023-10-09,36,2025-03-01,2025-03-31,Coordinado,Promedio,Are0056,19313534.0,2022,4
2023-10-09,36,2025-03-01,2025-03-31,Coordinado,Percentil 5,Are0012,2826225.75,2022,4
2023-10-09,36,2025-03-01,2025-03-31,Autonomo,Percentil 95,Are0012,2826225.75,2022,4
2023-10-09,36,2025-03-01,2025-03-31,Coordinado,Promedio,Are0128,30038272.0,2022,4
2023-10-09,36,2025-03-01,2025-03-31,Coordinado,Percentil 95,Are0127,415870.96875,2022,4
2023-10-09,36,2025-03-01,2025-03-31,Autonomo,Percentil 5,Are0056,12549010.0,2022,4
2023-10-09,31,2025-03-01,2025-03-31,Coordinado,Percentil 95,Are0127,300374.1875,2022,9
2023-10-09,31,2025-03-01,2025-03-31,Autonomo,Percentil 95,Are0002,49926324.0,2022,9
2023-10-09,31,2025-03-01,2025-03-31,Autonomo,Percentil 5,Are0127,401258.0625,2022,9
2023-10-09,31,2025-03-01,2025-03-31,Autonomo,Promedio,Are0056,22687520.0,2022,9
2023-10-09,31,2025-03-01,2025-03-31,Autonomo,Promedio,Are0128,34071356.0,2022,9
2023-10-09,31,2025-03-01,2025-03-31,Autonomo,Percentil 5,Are0002,49926324.0,2022,9
2023-10-09,31,2025-03-01,2025-03-31,Autonomo,Percentil 95,Are0127,401258.0625,2022,9
2023-10-09,31,2025-03-01,2025-03-31,Autonomo,Promedio,Are0012,9034724.0,2022,9
2023-10-09,31,2025-03-01,2025-03-31,Autonomo,Percentil 5,Are0012,3010709.75,2022,9
2023-10-09,31,2025-03-01,2025-03-31,Coordinado,Percentil 95,Are0056,12823167.0,2022,9
2023-10-09,31,2025-03-01,2025-03-31,Coordinado,Percentil 5,Are0002,51165508.0,2022,9
2023-10-09,36,2025-03-01,2025-03-31,Coordinado,Percentil 95,Are0010,230458064.0,2022,4
2023-10-09,36,2025-03-01,2025-03-31,Coordinado,Promedio,Are0012,7946088.0,2022,4
2023-10-09,36,2025-03-01,2025-03-31,Coordinado,Percentil 95,Are0012,2826225.75,2022,4
2023-10-09,36,2025-03-01,2025-03-31,Autonomo,Percentil 95,Are0010,242664512.0,2022,4
2023-10-09,36,2025-03-01,2025-03-31,Coordinado,Promedio,Are0010,142467936.0,2022,4
2023-10-09,36,2025-03-01,2025-03-31,Autonomo,Percentil 95,Are0002,46642288.0,2022,4
2023-10-09,36,2025-03-01,2025-03-31,Coordinado,Percentil 5,Are0056,12069858.0,2022,4
2023-10-09,36,2025-03-01,2025-03-31,Autonomo,Promedio,Are0010,148628288.0,2022,4
2023-10-09,36,2025-03-01,2025-03-31,Autonomo,Percentil 5,Are0002,46642288.0,2022,4
2023-10-09,36,2025-03-01,2025-03-31,Coordinado,Percentil 5,Are0002,46243660.0,2022,4
2023-10-09,36,2025-03-01,2025-03-31,Autonomo,Percentil 5,Are0127,514580.65625,2022,4
2023-10-09,36,2025-03-01,2025-03-31,Autonomo,Percentil 95,Are0128,18998648.0,2022,4
2023-10-09,36,2025-03-01,2025-03-31,Autonomo,Promedio,Are0056,20733914.0,2022,4
2023-10-09,36,2025-03-01,2025-03-31,Coordinado,Promedio,Are0127,1145899.875,2022,4
2023-10-09,36,2025-03-01,2025-03-31,Autonomo,Percentil 5,Are0128,18998648.0,2022,4
2023-10-09,36,2025-03-01,2025-03-31,Autonomo,Percentil 95,Are0056,12549010.0,2022,4
2023-10-09,36,2025-03-01,2025-03-31,Autonomo,Promedio,Are0128,32534616.0,2022,4
2023-10-09,36,2025-03-01,2025-03-31,Autonomo,Percentil 5,Are0012,2826225.75,2022,4
2023-10-09,36,2025-03-01,2025-03-31,Coordinado,Percentil 95,Are0056,12069858.0,2022,4
2023-10-09,36,2025-03-01,2025-03-31,Autonomo,Promedio,Are0127,1473783.625,2022,4
2023-10-09,36,2025-03-01,2025-03-31,Coordinado,Percentil 5,Are0128,18591200.0,2022,4
2023-10-09,36,2025-03-01,2025-03-31,Autonomo,Promedio,Are0012,9087987.0,2022,4
2023-10-09,36,2025-03-01,2025-03-31,Autonomo,Percentil 95,Are0127,514580.65625,2022,4
2023-10-09,36,2025-03-01,2025-03-31,Coordinado,Promedio,Are0002,84024224.0,2022,4
2023-10-09,34,2025-02-01,2025-02-28,Autonomo,Promedio,Are0010,131533752.0,2022,5
2023-10-09,34,2025-02-01,2025-02-28,Autonomo,Promedio,Are0002,78220592.0,2022,5
2023-10-09,34,2025-02-01,2025-02-28,Autonomo,Percentil 5,Are0002,45418716.0,2022,5
2023-10-09,34,2025-02-01,2025-02-28,Autonomo,Promedio,Are0128,31410036.0,2022,5
2023-10-09,34,2025-02-01,2025-02-28,Autonomo,Percentil 5,Are0010,80471432.0,2022,5
2023-10-09,34,2025-02-01,2025-02-28,Coordinado,Percentil 95,Are0128,18418854.0,2022,5
2023-10-09,34,2025-02-01,2025-02-28,Autonomo,Percentil 5,Are0012,2107428.5,2022,5
2023-10-09,34,2025-02-01,2025-02-28,Autonomo,Promedio,Are0012,6731572.5,2022,5
2023-10-09,34,2025-02-01,2025-02-28,Autonomo,Percentil 95,Are0056,7713464.5,2022,5
2023-10-09,34,2025-02-01,2025-02-28,Autonomo,Percentil 95,Are0010,203185712.0,2022,5
2023-10-09,34,2025-02-01,2025-02-28,Coordinado,Percentil 95,Are0010,198221424.0,2022,5
2023-10-09,34,2025-02-01,2025-02-28,Coordinado,Percentil 5,Are0127,500678.5625,2022,5
2023-10-09,34,2025-02-01,2025-02-28,Autonomo,Percentil 5,Are0128,18837446.0,2022,5
2023-10-09,34,2025-02-01,2025-02-28,Coordinado,Percentil 95,Are0012,2030928.625,2022,5
2023-10-09,34,2025-02-01,2025-02-28,Autonomo,Promedio,Are0127,1543825.375,2022,5
2023-10-09,34,2025-02-01,2025-02-28,Coordinado,Percentil 5,Are0128,18418854.0,2022,5
2023-10-09,35,2025-02-01,2025-02-28,Coordinado,Promedio,Are0010,126495432.0,2022,4
2023-10-09,35,2025-02-01,2025-02-28,Autonomo,Percentil 95,Are0127,556928.5625,2022,4
2023-10-09,35,2025-02-01,2025-02-28,Coordinado,Percentil 5,Are0002,44814468.0,2022,4
2023-10-09,35,2025-02-01,2025-02-28,Coordinado,Percentil 5,Are0056,7697575.0,2022,4
2023-10-09,35,2025-02-01,2025-02-28,Coordinado,Percentil 95,Are0127,506428.5625,2022,4
2023-10-09,35,2025-02-01,2025-02-28,Autonomo,Percentil 5,Are0012,2239500.0,2022,4
2023-10-09,35,2025-02-01,2025-02-28,Autonomo,Percentil 95,Are0128,19699850.0,2022,4
2023-10-09,35,2025-02-01,2025-02-28,Autonomo,Percentil 5,Are0128,19699850.0,2022,4
2023-10-09,35,2025-02-01,2025-02-28,Autonomo,Promedio,Are0010,130043680.0,2022,4
2023-10-09,35,2025-02-01,2025-02-28,Coordinado,Percentil 5,Are0010,81460712.0,2022,4
2023-10-09,35,2025-02-01,2025-02-28,Autonomo,Promedio,Are0002,77281432.0,2022,4
2023-10-09,35,2025-02-01,2025-02-28,Autonomo,Percentil 95,Are0002,45340072.0,2022,4
2023-10-09,35,2025-02-01,2025-02-28,Coordinado,Percentil 5,Are0128,18520708.0,2022,4
2023-10-09,35,2025-02-01,2025-02-28,Autonomo,Promedio,Are0012,6777811.5,2022,4
2023-10-09,35,2025-02-01,2025-02-28,Autonomo,Promedio,Are0056,14050422.0,2022,4
2023-10-09,35,2025-02-01,2025-02-28,Coordinado,Promedio,Are0012,6242346.5,2022,4
2023-10-09,34,2025-02-01,2025-02-28,Coordinado,Percentil 95,Are0127,500678.5625,2022,5
2023-10-09,34,2025-02-01,2025-02-28,Autonomo,Percentil 5,Are0056,7713464.5,2022,5
2023-10-09,34,2025-02-01,2025-02-28,Coordinado,Percentil 5,Are0056,7361510.5,2022,5
2023-10-09,34,2025-02-01,2025-02-28,Autonomo,Percentil 95,Are0128,18837446.0,2022,5
2023-10-09,34,2025-02-01,2025-02-28,Coordinado,Promedio,Are0010,127675680.0,2022,5
2023-10-09,34,2025-02-01,2025-02-28,Coordinado,Promedio,Are0127,1150007.375,2022,5
2023-10-09,34,2025-02-01,2025-02-28,Autonomo,Percentil 95,Are0002,45418716.0,2022,5
2023-10-09,34,2025-02-01,2025-02-28,Autonomo,Percentil 95,Are0012,2107428.5,2022,5
2023-10-09,34,2025-02-01,2025-02-28,Autonomo,Percentil 5,Are0127,622500.0,2022,5
2023-10-09,34,2025-02-01,2025-02-28,Coordinado,Promedio,Are0012,6120823.0,2022,5
2023-10-09,34,2025-02-01,2025-02-28,Coordinado,Promedio,Are0002,77475792.0,2022,5
2023-10-09,34,2025-02-01,2025-02-28,Coordinado,Percentil 95,Are0056,7361510.5,2022,5
2023-10-09,34,2025-02-01,2025-02-28,Coordinado,Percentil 5,Are0002,44908496.0,2022,5
2023-10-09,34,2025-02-01,2025-02-28,Coordinado,Promedio,Are0056,13042541.0,2022,5
2023-10-09,34,2025-02-01,2025-02-28,Autonomo,Percentil 95,Are0127,622500.0,2022,5
2023-10-09,34,2025-02-01,2025-02-28,Autonomo,Promedio,Are0056,13627783.0,2022,5
2023-10-09,34,2025-02-01,2025-02-28,Coordinado,Percentil 5,Are0010,77589288.0,2022,5
2023-10-09,34,2025-02-01,2025-02-28,Coordinado,Percentil 5,Are0012,2030928.625,2022,5
2023-10-09,34,2025-02-01,2025-02-28,Coordinado,Promedio,Are0128,29886636.0,2022,5
2023-10-09,34,2025-02-01,2025-02-28,Coordinado,Percentil 95,Are0002,44908496.0,2022,5
2023-10-25,17,2025-02-01,2025-02-28,Autonomo,Promedio,Are0012,6454274.5,2023,10
2023-10-25,17,2025-02-01,2025-02-28,Autonomo,Percentil 95,Are0002,38219032.0,2023,10
2023-10-25,17,2025-02-01,2025-02-28,Coordinado,Percentil 95,Are0128,15701368.0,2023,10
2023-10-25,17,2025-02-01,2025-02-28,Coordinado,Promedio,Are0010,127489248.0,2023,10
2023-10-25,17,2025-02-01,2025-02-28,Autonomo,Percentil 5,Are0012,1071035.75,2023,10
2023-10-25,17,2025-02-01,2025-02-28,Coordinado,Promedio,Are0127,1278548.75,2023,10
2023-10-25,17,2025-02-01,2025-02-28,Coordinado,Percentil 95,Are0056,8584729.0,2023,10
2023-10-25,17,2025-02-01,2025-02-28,Autonomo,Percentil 95,Are0127,416964.28125,2023,10
2023-10-25,17,2025-02-01,2025-02-28,Autonomo,Promedio,Are0127,1271870.125,2023,10
2023-10-25,17,2025-02-01,2025-02-28,Coordinado,Percentil 5,Are0002,38216316.0,2023,10
2023-10-25,17,2025-02-01,2025-02-28,Autonomo,Percentil 5,Are0056,8416976.0,2023,10
2023-10-25,17,2025-02-01,2025-02-28,Coordinado,Promedio,Are0012,6370559.5,2023,10
2023-10-25,17,2025-02-01,2025-02-28,Autonomo,Promedio,Are0056,14329093.0,2023,10
2023-10-10,20,2025-02-01,2025-02-28,Autonomo,Percentil 95,Are0127,487678.5625,2023,7
2023-10-10,20,2025-02-01,2025-02-28,Coordinado,Promedio,Are0012,6026667.5,2023,7
2023-10-10,20,2025-02-01,2025-02-28,Autonomo,Promedio,Are0012,6050378.5,2023,7
2023-10-10,20,2025-02-01,2025-02-28,Coordinado,Percentil 5,Are0010,75135712.0,2023,7
2023-10-10,20,2025-02-01,2025-02-28,Autonomo,Promedio,Are0128,30365936.0,2023,7
2023-10-10,20,2025-02-01,2025-02-28,Coordinado,Promedio,Are0128,30210582.0,2023,7
2023-10-10,20,2025-02-01,2025-02-28,Autonomo,Percentil 95,Are0128,17275590.0,2023,7
2023-10-10,20,2025-02-01,2025-02-28,Coordinado,Promedio,Are0002,76375968.0,2023,7
2023-10-10,20,2025-02-01,2025-02-28,Autonomo,Promedio,Are0002,76457912.0,2023,7
2023-10-10,25,2025-02-01,2025-02-28,Coordinado,Percentil 5,Are0056,8516756.0,2023,2
2023-10-10,25,2025-02-01,2025-02-28,Autonomo,Percentil 5,Are0128,20118910.0,2023,2
2023-10-10,25,2025-02-01,2025-02-28,Coordinado,Promedio,Are0128,32124046.0,2023,2
2023-10-10,25,2025-02-01,2025-02-28,Coordinado,Promedio,Are0002,83086368.0,2023,2
2023-10-10,25,2025-02-01,2025-02-28,Autonomo,Percentil 95,Are0056,8528042.0,2023,2
2023-10-10,25,2025-02-01,2025-02-28,Autonomo,Percentil 95,Are0012,1800178.625,2023,2
2023-10-10,25,2025-02-01,2025-02-28,Coordinado,Promedio,Are0127,1349254.625,2023,2
2023-10-10,25,2025-02-01,2025-02-28,Coordinado,Promedio,Are0056,14517109.0,2023,2
2023-10-10,25,2025-02-01,2025-02-28,Coordinado,Percentil 5,Are0128,20000946.0,2023,2
2023-10-10,25,2025-02-01,2025-02-28,Autonomo,Percentil 5,Are0056,8528042.0,2023,2
2023-10-10,25,2025-02-01,2025-02-28,Autonomo,Promedio,Are0128,32462818.0,2023,2
2023-10-10,25,2025-02-01,2025-02-28,Autonomo,Promedio,Are0010,138966000.0,2023,2
2023-10-10,25,2025-02-01,2025-02-28,Coordinado,Percentil 5,Are0127,486821.4375,2023,2
2023-10-10,25,2025-02-01,2025-02-28,Autonomo,Percentil 5,Are0012,1800178.625,2023,2
2023-10-10,25,2025-02-01,2025-02-28,Coordinado,Percentil 95,Are0127,486821.4375,2023,2
2023-10-10,25,2025-02-01,2025-02-28,Coordinado,Percentil 95,Are0012,1800178.625,2023,2
2023-10-10,25,2025-02-01,2025-02-28,Autonomo,Percentil 95,Are0127,509000.0,2023,2
2023-10-10,25,2025-02-01,2025-02-28,Coordinado,Percentil 5,Are0010,79371432.0,2023,2
2023-10-10,25,2025-02-01,2025-02-28,Autonomo,Percentil 95,Are0010,207357136.0,2023,2
2023-10-10,25,2025-02-01,2025-02-28,Autonomo,Percentil 95,Are0002,41130124.0,2023,2
2023-10-10,25,2025-02-01,2025-02-28,Autonomo,Promedio,Are0002,83337104.0,2023,2
2023-10-10,25,2025-02-01,2025-02-28,Coordinado,Percentil 5,Are0002,41119376.0,2023,2
2023-10-10,25,2025-02-01,2025-02-28,Coordinado,Percentil 5,Are0012,1800178.625,2023,2
2023-10-10,25,2025-02-01,2025-02-28,Autonomo,Percentil 5,Are0010,82271432.0,2023,2
2023-10-10,25,2025-02-01,2025-02-28,Autonomo,Percentil 5,Are0127,509000.0,2023,2
2023-10-10,25,2025-02-01,2025-02-28,Coordinado,Promedio,Are0010,138074784.0,2023,2
2023-10-10,25,2025-02-01,2025-02-28,Autonomo,Percentil 95,Are0128,20118910.0,2023,2
2023-10-10,25,2025-02-01,2025-02-28,Coordinado,Percentil 95,Are0002,41119376.0,2023,2
2023-10-10,25,2025-02-01,2025-02-28,Coordinado,Promedio,Are0012,6997616.0,2023,2
2023-10-10,25,2025-02-01,2025-02-28,Autonomo,Percentil 5,Are0002,41130124.0,2023,2
2023-10-10,25,2025-02-01,2025-02-28,Autonomo,Promedio,Are0012,7160805.5,2023,2
2023-10-10,25,2025-02-01,2025-02-28,Autonomo,Promedio,Are0056,14599541.0,2023,2
2023-10-10,25,2025-02-01,2025-02-28,Coordinado,Percentil 95,Are0128,20000946.0,2023,2
2023-10-10,25,2025-02-01,2025-02-28,Autonomo,Promedio,Are0127,1405489.0,2023,2
2023-10-10,25,2025-02-01,2025-02-28,Coordinado,Percentil 95,Are0010,207328576.0,2023,2
2023-10-10,25,2025-02-01,2025-02-28,Coordinado,Percentil 95,Are0056,8516756.0,2023,2
2023-10-09,35,2025-02-01,2025-02-28,Autonomo,Percentil 95,Are0010,198842864.0,2022,4
2023-10-09,35,2025-02-01,2025-02-28,Coordinado,Percentil 95,Are0128,18520708.0,2022,4
2023-10-09,35,2025-02-01,2025-02-28,Coordinado,Percentil 95,Are0056,7697575.0,2022,4
2023-10-09,35,2025-02-01,2025-02-28,Coordinado,Percentil 95,Are0002,44814468.0,2022,4
2023-10-09,35,2025-02-01,2025-02-28,Autonomo,Percentil 95,Are0056,8140232.0,2022,4
2023-10-09,35,2025-02-01,2025-02-28,Autonomo,Percentil 95,Are0012,2239500.0,2022,4
2023-10-09,35,2025-02-01,2025-02-28,Coordinado,Percentil 95,Are0012,2128357.25,2022,4
2023-10-09,35,2025-02-01,2025-02-28,Coordinado,Percentil 5,Are0012,2128357.25,2022,4
2023-10-09,35,2025-02-01,2025-02-28,Coordinado,Percentil 5,Are0127,506428.5625,2022,4
2023-10-09,35,2025-02-01,2025-02-28,Autonomo,Percentil 5,Are0127,556928.5625,2022,4
2023-10-09,35,2025-02-01,2025-02-28,Coordinado,Promedio,Are0128,29152068.0,2022,4
2023-10-09,35,2025-02-01,2025-02-28,Autonomo,Percentil 5,Are0002,45340072.0,2022,4
2023-10-09,35,2025-02-01,2025-02-28,Coordinado,Promedio,Are0056,13413637.0,2022,4
2023-10-09,35,2025-02-01,2025-02-28,Coordinado,Percentil 95,Are0010,193821424.0,2022,4
2023-10-09,35,2025-02-01,2025-02-28,Coordinado,Promedio,Are0127,1078558.5,2022,4
2023-10-09,35,2025-02-01,2025-02-28,Autonomo,Promedio,Are0128,30510266.0,2022,4
2023-10-09,35,2025-02-01,2025-02-28,Autonomo,Percentil 5,Are0010,82503568.0,2022,4
2023-10-09,35,2025-02-01,2025-02-28,Autonomo,Promedio,Are0127,1423775.125,2022,4
2023-10-09,35,2025-02-01,2025-02-28,Autonomo,Percentil 5,Are0056,8140232.0,2022,4
2023-10-09,35,2025-02-01,2025-02-28,Coordinado,Promedio,Are0002,76608960.0,2022,4
2024-12-16,3,2025-02-01,2025-02-28,Autonomo,Percentil 5,Are0128,12092007.0,2024,12
2024-12-16,3,2025-02-01,2025-02-28,Autonomo,Promedio,Are0128,25947452.0,2024,12
2024-12-16,3,2025-02-01,2025-02-28,Autonomo,Percentil 95,Are0056,7563385.5,2024,12
2024-12-16,3,2025-02-01,2025-02-28,Autonomo,Percentil 5,Are0056,7563385.5,2024,12
2024-12-16,3,2025-02-01,2025-02-28,Autonomo,Promedio,Are0056,13249169.0,2024,12
2024-12-16,3,2025-02-01,2025-02-28,Autonomo,Percentil 95,Are0012,1184285.75,2024,12
2024-12-16,3,2025-02-01,2025-02-28,Autonomo,Percentil 5,Are0012,1184285.75,2024,12
2024-12-16,3,2025-02-01,2025-02-28,Autonomo,Promedio,Are0012,5630309.5,2024,12
2024-12-16,3,2025-02-01,2025-02-28,Autonomo,Percentil 95,Are0002,28388522.0,2024,12
2024-12-16,3,2025-02-01,2025-02-28,Autonomo,Percentil 5,Are0002,28388522.0,2024,12
2024-12-16,3,2025-02-01,2025-02-28,Autonomo,Promedio,Are0002,56117920.0,2024,12
2024-05-16,10,2025-02-01,2025-02-28,Autonomo,Percentil 95,Are0127,341007.15625,2024,5
2024-05-16,10,2025-02-01,2025-02-28,Autonomo,Percentil 5,Are0127,341007.15625,2024,5
2024-05-16,10,2025-02-01,2025-02-28,Autonomo,Promedio,Are0127,1237714.75,2024,5
2024-05-16,10,2025-02-01,2025-02-28,Autonomo,Percentil 95,Are0010,214821424.0,2024,5
2024-05-16,10,2025-02-01,2025-02-28,Autonomo,Percentil 5,Are0010,54982144.0,2024,5
2024-05-16,10,2025-02-01,2025-02-28,Autonomo,Promedio,Are0010,119883680.0,2024,5
2024-05-16,10,2025-02-01,2025-02-28,Autonomo,Percentil 95,Are0128,14393789.0,2024,5
2024-05-16,10,2025-02-01,2025-02-28,Autonomo,Percentil 5,Are0128,14393789.0,2024,5
2024-05-16,10,2025-02-01,2025-02-28,Autonomo,Promedio,Are0128,30556534.0,2024,5
2024-05-16,10,2025-02-01,2025-02-28,Autonomo,Percentil 95,Are0056,5876359.5,2024,5
2024-05-16,10,2025-02-01,2025-02-28,Autonomo,Percentil 5,Are0056,5876359.5,2024,5
2024-05-16,10,2025-02-01,2025-02-28,Autonomo,Promedio,Are0056,13493238.0,2024,5
2024-05-16,10,2025-02-01,2025-02-28,Autonomo,Percentil 95,Are0012,1261500.0,2024,5
2024-05-16,10,2025-02-01,2025-02-28,Autonomo,Percentil 5,Are0012,1261500.0,2024,5
2024-05-16,10,2025-02-01,2025-02-28,Autonomo,Promedio,Are0012,5703711.5,2024,5
2024-05-16,10,2025-02-01,2025-02-28,Autonomo,Percentil 95,Are0002,26863316.0,2024,5
2024-05-16,10,2025-02-01,2025-02-28,Autonomo,Percentil 5,Are0002,26863316.0,2024,5
2024-05-16,10,2025-02-01,2025-02-28,Autonomo,Promedio,Are0002,68892616.0,2024,5
2024-07-15,8,2025-02-01,2025-02-28,Autonomo,Percentil 95,Are0127,340282.15625,2024,7
2024-07-15,8,2025-02-01,2025-02-28,Autonomo,Percentil 95,Are0056,7844635.5,2024,7
2024-07-15,8,2025-02-01,2025-02-28,Autonomo,Percentil 95,Are0012,1071392.875,2024,7
2024-07-15,8,2025-02-01,2025-02-28,Autonomo,Percentil 95,Are0002,27492664.0,2024,7
2024-07-15,8,2025-02-01,2025-02-28,Autonomo,Percentil 5,Are0127,340282.15625,2024,7
2024-07-15,8,2025-02-01,2025-02-28,Autonomo,Percentil 95,Are0010,247403568.0,2024,7
2024-07-15,8,2025-02-01,2025-02-28,Autonomo,Percentil 95,Are0128,15728793.0,2024,7
2024-07-15,8,2025-02-01,2025-02-28,Autonomo,Percentil 5,Are0056,7844635.5,2024,7
2024-07-15,8,2025-02-01,2025-02-28,Autonomo,Percentil 5,Are0012,1071392.875,2024,7
2024-07-15,8,2025-02-01,2025-02-28,Autonomo,Promedio,Are0127,1347151.875,2024,7
2024-07-15,8,2025-02-01,2025-02-28,Autonomo,Percentil 5,Are0010,59614284.0,2024,7
2024-07-15,8,2025-02-01,2025-02-28,Autonomo,Percentil 5,Are0128,15728793.0,2024,7
2024-07-15,8,2025-02-01,2025-02-28,Autonomo,Percentil 5,Are0002,27492664.0,2024,7
2024-07-15,8,2025-02-01,2025-02-28,Autonomo,Promedio,Are0010,136434352.0,2024,7
2024-07-15,8,2025-02-01,2025-02-28,Autonomo,Promedio,Are0128,32798172.0,2024,7
2024-07-15,8,2025-02-01,2025-02-28,Autonomo,Promedio,Are0056,14485686.0,2024,7
2024-07-15,8,2025-02-01,2025-02-28,Autonomo,Promedio,Are0012,6359006.0,2024,7
2024-07-15,8,2025-02-01,2025-02-28,Autonomo,Promedio,Are0002,81444280.0,2024,7
2024-02-02,14,2025-02-01,2025-02-28,Autonomo,Percentil 95,Are0127,434142.84375,2024,1
2024-02-02,14,2025-02-01,2025-02-28,Autonomo,Percentil 5,Are0127,434142.84375,2024,1
2024-02-02,14,2025-02-01,2025-02-28,Autonomo,Promedio,Are0127,1281318.0,2024,1
2024-02-02,14,2025-02-01,2025-02-28,Autonomo,Percentil 95,Are0010,177892864.0,2024,1
2024-02-02,14,2025-02-01,2025-02-28,Autonomo,Percentil 5,Are0010,65696428.0,2024,1
2024-02-02,14,2025-02-01,2025-02-28,Autonomo,Promedio,Are0010,122655176.0,2024,1
2024-02-02,14,2025-02-01,2025-02-28,Autonomo,Percentil 95,Are0128,17281050.0,2024,1
2024-02-02,14,2025-02-01,2025-02-28,Autonomo,Percentil 5,Are0128,17281050.0,2024,1
2024-02-02,14,2025-02-01,2025-02-28,Autonomo,Promedio,Are0128,29804538.0,2024,1
2024-02-02,14,2025-02-01,2025-02-28,Autonomo,Percentil 95,Are0056,8630401.0,2024,1
2024-02-02,14,2025-02-01,2025-02-28,Autonomo,Percentil 5,Are0056,8630401.0,2024,1
2024-02-02,14,2025-02-01,2025-02-28,Autonomo,Promedio,Are0056,14132006.0,2024,1
2024-02-02,14,2025-02-01,2025-02-28,Autonomo,Percentil 95,Are0012,1177357.125,2024,1
2024-02-02,14,2025-02-01,2025-02-28,Autonomo,Percentil 5,Are0012,1177357.125,2024,1
2024-02-02,14,2025-02-01,2025-02-28,Autonomo,Promedio,Are0012,5735360.0,2024,1
2024-02-02,14,2025-02-01,2025-02-28,Autonomo,Percentil 95,Are0002,34957516.0,2024,1
2024-02-02,14,2025-02-01,2025-02-28,Autonomo,Percentil 5,Are0002,34957516.0,2024,1
2024-02-02,14,2025-02-01,2025-02-28,Autonomo,Promedio,Are0002,71701816.0,2024,1
2023-10-25,17,2025-02-01,2025-02-28,Autonomo,Percentil 95,Are0012,1071035.75,2023,10
2023-10-25,17,2025-02-01,2025-02-28,Autonomo,Promedio,Are0002,74630752.0,2023,10
2023-10-25,17,2025-02-01,2025-02-28,Autonomo,Percentil 95,Are0056,8416976.0,2023,10
2023-10-25,17,2025-02-01,2025-02-28,Coordinado,Promedio,Are0056,14296027.0,2023,10
2023-10-25,17,2025-02-01,2025-02-28,Autonomo,Promedio,Are0128,31007522.0,2023,10
2023-10-25,17,2025-02-01,2025-02-28,Coordinado,Percentil 5,Are0128,15701368.0,2023,10
2023-10-25,17,2025-02-01,2025-02-28,Autonomo,Percentil 95,Are0128,16159946.0,2023,10
2023-10-25,17,2025-02-01,2025-02-28,Coordinado,Percentil 5,Are0012,1088250.0,2023,10
2023-10-25,17,2025-02-01,2025-02-28,Autonomo,Percentil 5,Are0002,38219032.0,2023,10
2023-10-25,17,2025-02-01,2025-02-28,Coordinado,Percentil 95,Are0010,178450000.0,2023,10
2023-10-25,17,2025-02-01,2025-02-28,Coordinado,Percentil 5,Are0127,405392.84375,2023,10
2023-10-25,17,2025-02-01,2025-02-28,Autonomo,Percentil 95,Are0010,178139280.0,2023,10
2023-10-25,17,2025-02-01,2025-02-28,Autonomo,Percentil 5,Are0010,68489288.0,2023,10
2023-10-25,17,2025-02-01,2025-02-28,Coordinado,Percentil 95,Are0012,1088250.0,2023,10
2023-10-25,17,2025-02-01,2025-02-28,Coordinado,Percentil 5,Are0010,68057144.0,2023,10
2023-10-25,17,2025-02-01,2025-02-28,Coordinado,Percentil 95,Are0002,38216316.0,2023,10
2023-10-25,17,2025-02-01,2025-02-28,Coordinado,Percentil 95,Are0127,405392.84375,2023,10
2023-10-25,17,2025-02-01,2025-02-28,Coordinado,Percentil 5,Are0056,8584729.0,2023,10
2023-10-25,17,2025-02-01,2025-02-28,Autonomo,Percentil 5,Are0128,16159946.0,2023,10
2023-10-25,17,2025-02-01,2025-02-28,Coordinado,Promedio,Are0128,30935614.0,2023,10
2023-10-25,17,2025-02-01,2025-02-28,Coordinado,Promedio,Are0002,74608440.0,2023,10
2023-10-25,17,2025-02-01,2025-02-28,Autonomo,Percentil 5,Are0127,416964.28125,2023,10
2023-10-25,17,2025-02-01,2025-02-28,Autonomo,Promedio,Are0010,127693568.0,2023,10
2024-08-15,7,2025-02-01,2025-02-28,Autonomo,Percentil 95,Are0127,474821.4375,2024,8
2024-08-15,7,2025-02-01,2025-02-28,Autonomo,Percentil 95,Are0056,7006939.5,2024,8
2024-08-15,7,2025-02-01,2025-02-28,Autonomo,Percentil 95,Are0012,1071392.875,2024,8
2024-08-15,7,2025-02-01,2025-02-28,Autonomo,Percentil 95,Are0002,32323352.0,2024,8
2024-08-15,7,2025-02-01,2025-02-28,Autonomo,Percentil 5,Are0127,474821.4375,2024,8
2024-08-15,7,2025-02-01,2025-02-28,Autonomo,Percentil 95,Are0010,299057152.0,2024,8
2024-08-15,7,2025-02-01,2025-02-28,Autonomo,Percentil 95,Are0128,17873400.0,2024,8
2024-08-15,7,2025-02-01,2025-02-28,Autonomo,Percentil 5,Are0056,7006939.5,2024,8
2024-08-15,7,2025-02-01,2025-02-28,Autonomo,Percentil 5,Are0012,1071392.875,2024,8
2024-08-15,7,2025-02-01,2025-02-28,Autonomo,Promedio,Are0127,1341982.5,2024,8
2024-08-15,7,2025-02-01,2025-02-28,Autonomo,Percentil 5,Are0010,69342856.0,2024,8
2024-08-15,7,2025-02-01,2025-02-28,Autonomo,Percentil 5,Are0128,17873400.0,2024,8
2024-08-15,7,2025-02-01,2025-02-28,Autonomo,Percentil 5,Are0002,32323352.0,2024,8
2024-08-15,7,2025-02-01,2025-02-28,Autonomo,Promedio,Are0010,132110360.0,2024,8
2024-08-15,7,2025-02-01,2025-02-28,Autonomo,Promedio,Are0128,32618648.0,2024,8
2024-08-15,7,2025-02-01,2025-02-28,Autonomo,Promedio,Are0056,13993581.0,2024,8
2024-08-15,7,2025-02-01,2025-02-28,Autonomo,Promedio,Are0012,6105048.0,2024,8
2024-08-15,7,2025-02-01,2025-02-28,Autonomo,Promedio,Are0002,78050992.0,2024,8
2024-03-20,12,2025-02-01,2025-02-28,Autonomo,Percentil 95,Are0127,430250.0,2024,3
2024-03-20,12,2025-02-01,2025-02-28,Autonomo,Percentil 5,Are0127,430250.0,2024,3
2024-03-20,12,2025-02-01,2025-02-28,Autonomo,Promedio,Are0127,1249062.125,2024,3
2024-03-20,12,2025-02-01,2025-02-28,Autonomo,Percentil 95,Are0010,203353568.0,2024,3
2024-03-20,12,2025-02-01,2025-02-28,Autonomo,Percentil 5,Are0010,58421428.0,2024,3
2024-03-20,12,2025-02-01,2025-02-28,Autonomo,Promedio,Are0010,123492464.0,2024,3
2024-03-20,12,2025-02-01,2025-02-28,Autonomo,Percentil 95,Are0128,15338961.0,2024,3
2024-03-20,12,2025-02-01,2025-02-28,Autonomo,Percentil 5,Are0128,15338961.0,2024,3
2024-03-20,12,2025-02-01,2025-02-28,Autonomo,Promedio,Are0128,30309112.0,2024,3
2024-03-20,12,2025-02-01,2025-02-28,Autonomo,Percentil 95,Are0056,7067412.5,2024,3
2024-03-20,12,2025-02-01,2025-02-28,Autonomo,Percentil 5,Are0056,7067412.5,2024,3
2024-03-20,12,2025-02-01,2025-02-28,Autonomo,Promedio,Are0056,13829182.0,2024,3
2024-03-20,12,2025-02-01,2025-02-28,Autonomo,Percentil 95,Are0012,1040464.3125,2024,3
2024-03-20,12,2025-02-01,2025-02-28,Autonomo,Percentil 5,Are0012,1040464.3125,2024,3
2024-03-20,12,2025-02-01,2025-02-28,Autonomo,Promedio,Are0012,5978155.5,2024,3
2024-03-20,12,2025-02-01,2025-02-28,Autonomo,Percentil 95,Are0002,28439842.0,2024,3
2024-03-20,12,2025-02-01,2025-02-28,Autonomo,Percentil 5,Are0002,28439842.0,2024,3
2024-03-20,12,2025-02-01,2025-02-28,Autonomo,Promedio,Are0002,72127008.0,2024,3
2024-12-16,3,2025-02-01,2025-02-28,Autonomo,Percentil 95,Are0127,369750.0,2024,12
2024-12-16,3,2025-02-01,2025-02-28,Autonomo,Percentil 5,Are0127,369750.0,2024,12
2024-12-16,3,2025-02-01,2025-02-28,Autonomo,Promedio,Are0127,1373907.5,2024,12
2024-12-16,3,2025-02-01,2025-02-28,Autonomo,Percentil 95,Are0010,205271424.0,2024,12
2024-12-16,3,2025-02-01,2025-02-28,Autonomo,Percentil 5,Are0010,53660716.0,2024,12
2024-12-16,3,2025-02-01,2025-02-28,Autonomo,Promedio,Are0010,102318712.0,2024,12
2024-12-16,3,2025-02-01,2025-02-28,Autonomo,Percentil 95,Are0128,12092007.0,2024,12
2023-10-10,26,2025-02-01,2025-02-28,Autonomo,Promedio,Are0002,76935536.0,2023,1
2023-10-10,26,2025-02-01,2025-02-28,Coordinado,Percentil 95,Are0128,18057582.0,2023,1
2023-10-10,26,2025-02-01,2025-02-28,Coordinado,Percentil 95,Are0002,40668684.0,2023,1
2023-10-10,26,2025-02-01,2025-02-28,Coordinado,Promedio,Are0056,13506878.0,2023,1
2023-10-10,26,2025-02-01,2025-02-28,Autonomo,Promedio,Are0056,13579224.0,2023,1
2023-10-10,26,2025-02-01,2025-02-28,Autonomo,Percentil 95,Are0010,180078576.0,2023,1
2023-10-10,26,2025-02-01,2025-02-28,Autonomo,Percentil 5,Are0127,504000.0,2023,1
2023-10-10,26,2025-02-01,2025-02-28,Autonomo,Percentil 5,Are0012,1920142.875,2023,1
2023-10-10,26,2025-02-01,2025-02-28,Coordinado,Promedio,Are0127,1245164.25,2023,1
2023-10-10,26,2025-02-01,2025-02-28,Autonomo,Promedio,Are0012,5990703.5,2023,1
2023-10-10,26,2025-02-01,2025-02-28,Coordinado,Percentil 5,Are0128,18057582.0,2023,1
2023-10-10,26,2025-02-01,2025-02-28,Coordinado,Promedio,Are0012,5846445.0,2023,1
2023-10-10,26,2025-02-01,2025-02-28,Autonomo,Percentil 5,Are0010,77435712.0,2023,1
2023-10-10,26,2025-02-01,2025-02-28,Autonomo,Promedio,Are0010,126911504.0,2023,1
2023-10-10,26,2025-02-01,2025-02-28,Autonomo,Percentil 95,Are0056,8577839.0,2023,1
2023-10-10,26,2025-02-01,2025-02-28,Autonomo,Percentil 5,Are0128,18108464.0,2023,1
2023-10-10,26,2025-02-01,2025-02-28,Autonomo,Percentil 5,Are0056,8577839.0,2023,1
2023-10-10,26,2025-02-01,2025-02-28,Autonomo,Promedio,Are0127,1324699.0,2023,1
2023-10-10,26,2025-02-01,2025-02-28,Coordinado,Percentil 95,Are0012,1849000.0,2023,1
2023-10-10,26,2025-02-01,2025-02-28,Coordinado,Promedio,Are0002,76627632.0,2023,1
2023-10-10,26,2025-02-01,2025-02-28,Autonomo,Promedio,Are0128,29081412.0,2023,1
2023-10-10,26,2025-02-01,2025-02-28,Autonomo,Percentil 95,Are0127,504000.0,2023,1
2023-10-10,26,2025-02-01,2025-02-28,Coordinado,Percentil 5,Are0056,8693943.0,2023,1
2023-10-10,26,2025-02-01,2025-02-28,Autonomo,Percentil 95,Are0012,1920142.875,2023,1
2023-10-10,26,2025-02-01,2025-02-28,Autonomo,Percentil 5,Are0002,40975776.0,2023,1
2023-10-10,21,2025-02-01,2025-02-28,Autonomo,Percentil 5,Are0002,43886864.0,2023,6
2023-10-10,21,2025-02-01,2025-02-28,Autonomo,Promedio,Are0012,6825610.5,2023,6
2023-10-10,21,2025-02-01,2025-02-28,Autonomo,Percentil 95,Are0127,402750.0,2023,6
2023-10-10,21,2025-02-01,2025-02-28,Autonomo,Percentil 95,Are0056,8389953.0,2023,6
2023-10-10,21,2025-02-01,2025-02-28,Coordinado,Percentil 5,Are0010,79950000.0,2023,6
2023-10-10,21,2025-02-01,2025-02-28,Autonomo,Percentil 95,Are0010,199507136.0,2023,6
2023-10-10,21,2025-02-01,2025-02-28,Coordinado,Percentil 95,Are0010,198796432.0,2023,6
2023-10-10,21,2025-02-01,2025-02-28,Coordinado,Percentil 95,Are0056,8518691.0,2023,6
2023-10-10,21,2025-02-01,2025-02-28,Autonomo,Promedio,Are0002,80365088.0,2023,6
2023-10-10,21,2025-02-01,2025-02-28,Coordinado,Percentil 5,Are0012,1291821.375,2023,6
2023-10-10,21,2025-02-01,2025-02-28,Coordinado,Promedio,Are0012,6674864.5,2023,6
2023-10-10,21,2025-02-01,2025-02-28,Coordinado,Percentil 5,Are0002,43915220.0,2023,6
2023-10-10,21,2025-02-01,2025-02-28,Coordinado,Promedio,Are0010,134598720.0,2023,6
2023-10-10,21,2025-02-01,2025-02-28,Coordinado,Percentil 95,Are0127,482714.28125,2023,6
2023-10-10,21,2025-02-01,2025-02-28,Autonomo,Promedio,Are0128,31698300.0,2023,6
2023-10-10,21,2025-02-01,2025-02-28,Coordinado,Percentil 5,Are0056,8518691.0,2023,6
2023-10-10,21,2025-02-01,2025-02-28,Coordinado,Percentil 95,Are0002,43915220.0,2023,6
2023-10-10,21,2025-02-01,2025-02-28,Coordinado,Promedio,Are0127,1331711.375,2023,6
2023-10-10,21,2025-02-01,2025-02-28,Autonomo,Percentil 5,Are0012,1347750.0,2023,6
2023-10-10,21,2025-02-01,2025-02-28,Coordinado,Percentil 95,Are0128,16845818.0,2023,6
2023-10-10,21,2025-02-01,2025-02-28,Autonomo,Promedio,Are0010,135462608.0,2023,6
2023-10-10,21,2025-02-01,2025-02-28,Autonomo,Percentil 5,Are0128,17032350.0,2023,6
2023-10-10,21,2025-02-01,2025-02-28,Autonomo,Percentil 5,Are0127,402750.0,2023,6
2023-10-10,21,2025-02-01,2025-02-28,Autonomo,Percentil 95,Are0012,1347750.0,2023,6
2023-10-10,21,2025-02-01,2025-02-28,Coordinado,Percentil 5,Are0128,16845818.0,2023,6
2023-10-10,21,2025-02-01,2025-02-28,Coordinado,Promedio,Are0056,15073378.0,2023,6
2023-10-10,21,2025-02-01,2025-02-28,Coordinado,Promedio,Are0128,31354522.0,2023,6
2023-10-10,21,2025-02-01,2025-02-28,Autonomo,Promedio,Are0127,1414834.375,2023,6
2023-10-10,21,2025-02-01,2025-02-28,Autonomo,Percentil 95,Are0128,17032350.0,2023,6
2023-10-10,21,2025-02-01,2025-02-28,Autonomo,Percentil 5,Are0010,79657144.0,2023,6
2023-10-10,21,2025-02-01,2025-02-28,Coordinado,Percentil 5,Are0127,482714.28125,2023,6
2023-10-10,21,2025-02-01,2025-02-28,Autonomo,Percentil 95,Are0002,43886864.0,2023,6
2023-10-10,21,2025-02-01,2025-02-28,Autonomo,Promedio,Are0056,15158756.0,2023,6
2023-10-10,21,2025-02-01,2025-02-28,Coordinado,Promedio,Are0002,80164472.0,2023,6
2023-10-10,21,2025-02-01,2025-02-28,Coordinado,Percentil 95,Are0012,1291821.375,2023,6
2023-10-10,21,2025-02-01,2025-02-28,Autonomo,Percentil 5,Are0056,8389953.0,2023,6
2023-10-09,28,2025-02-01,2025-02-28,Coordinado,Promedio,Are0056,13385499.0,2022,11
2023-10-09,28,2025-02-01,2025-02-28,Coordinado,Promedio,Are0002,78983552.0,2022,11
2023-10-09,28,2025-02-01,2025-02-28,Autonomo,Percentil 5,Are0127,659035.6875,2022,11
2023-10-09,28,2025-02-01,2025-02-28,Coordinado,Percentil 5,Are0128,18103478.0,2022,11
2025-01-23,2,2025-02-01,2025-02-28,Autonomo,Percentil 95,Are0127,327685.71875,2025,1
2025-01-23,2,2025-02-01,2025-02-28,Autonomo,Percentil 5,Are0127,327685.71875,2025,1
2025-01-23,2,2025-02-01,2025-02-28,Autonomo,Promedio,Are0127,963654.375,2025,1
2025-01-23,2,2025-02-01,2025-02-28,Autonomo,Percentil 95,Are0010,159285712.0,2025,1
2025-01-23,2,2025-02-01,2025-02-28,Autonomo,Percentil 5,Are0010,48782144.0,2025,1
2025-01-23,2,2025-02-01,2025-02-28,Autonomo,Promedio,Are0010,83666464.0,2025,1
2025-01-23,2,2025-02-01,2025-02-28,Autonomo,Percentil 95,Are0128,12655821.0,2025,1
2025-01-23,2,2025-02-01,2025-02-28,Autonomo,Percentil 5,Are0128,12655821.0,2025,1
2025-01-23,2,2025-02-01,2025-02-28,Autonomo,Promedio,Are0128,23850452.0,2025,1
2025-01-23,2,2025-02-01,2025-02-28,Autonomo,Percentil 95,Are0056,4860098.0,2025,1
2025-01-23,2,2025-02-01,2025-02-28,Autonomo,Percentil 5,Are0056,4860098.0,2025,1
2025-01-23,2,2025-02-01,2025-02-28,Autonomo,Promedio,Are0056,11827918.0,2025,1
2025-01-23,2,2025-02-01,2025-02-28,Autonomo,Percentil 95,Are0012,1096928.625,2025,1
2025-01-23,2,2025-02-01,2025-02-28,Autonomo,Percentil 5,Are0012,1096928.625,2025,1
2025-01-23,2,2025-02-01,2025-02-28,Autonomo,Promedio,Are0012,2768502.75,2025,1
2025-01-23,2,2025-02-01,2025-02-28,Autonomo,Percentil 95,Are0002,27069462.0,2025,1
2025-01-23,2,2025-02-01,2025-02-28,Autonomo,Percentil 5,Are0002,27069462.0,2025,1
2025-01-23,2,2025-02-01,2025-02-28,Autonomo,Promedio,Are0002,44255880.0,2025,1
2024-01-15,15,2025-02-01,2025-02-28,Autonomo,Percentil 95,Are0127,576071.4375,2023,12
2024-01-15,15,2025-02-01,2025-02-28,Autonomo,Percentil 5,Are0127,576071.4375,2023,12
2024-01-15,15,2025-02-01,2025-02-28,Autonomo,Promedio,Are0127,1329101.75,2023,12
2024-01-15,15,2025-02-01,2025-02-28,Autonomo,Percentil 95,Are0010,184467856.0,2023,12
2024-01-15,15,2025-02-01,2025-02-28,Autonomo,Percentil 5,Are0010,72235712.0,2023,12
2024-01-15,15,2025-02-01,2025-02-28,Autonomo,Promedio,Are0010,126505248.0,2023,12
2024-01-15,15,2025-02-01,2025-02-28,Autonomo,Percentil 95,Are0128,17755314.0,2023,12
2024-01-15,15,2025-02-01,2025-02-28,Autonomo,Percentil 5,Are0128,17755314.0,2023,12
2024-01-15,15,2025-02-01,2025-02-28,Autonomo,Promedio,Are0128,31049690.0,2023,12
2024-01-15,15,2025-02-01,2025-02-28,Autonomo,Percentil 95,Are0056,8313941.0,2023,12
2024-01-15,15,2025-02-01,2025-02-28,Autonomo,Percentil 5,Are0056,8313941.0,2023,12
2024-01-15,15,2025-02-01,2025-02-28,Autonomo,Promedio,Are0056,14422316.0,2023,12
2024-01-15,15,2025-02-01,2025-02-28,Autonomo,Percentil 95,Are0012,1143142.875,2023,12
2024-01-15,15,2025-02-01,2025-02-28,Autonomo,Percentil 5,Are0012,1143142.875,2023,12
2024-01-15,15,2025-02-01,2025-02-28,Autonomo,Promedio,Are0012,5709484.0,2023,12
2024-01-15,15,2025-02-01,2025-02-28,Autonomo,Percentil 95,Are0002,38480980.0,2023,12
2024-01-15,15,2025-02-01,2025-02-28,Autonomo,Percentil 5,Are0002,38480980.0,2023,12
2024-01-15,15,2025-02-01,2025-02-28,Autonomo,Promedio,Are0002,73994640.0,2023,12
2025-02-15,1,2025-02-01,2025-02-28,Autonomo,Percentil 95,Are0127,706535.6875,2025,2
2025-02-15,1,2025-02-01,2025-02-28,Autonomo,Percentil 5,Are0127,706535.6875,2025,2
2025-02-15,1,2025-02-01,2025-02-28,Autonomo,Promedio,Are0127,1474250.75,2025,2
2025-02-15,1,2025-02-01,2025-02-28,Autonomo,Percentil 95,Are0010,166217856.0,2025,2
2025-02-15,1,2025-02-01,2025-02-28,Autonomo,Percentil 5,Are0010,71967856.0,2025,2
2025-02-15,1,2025-02-01,2025-02-28,Autonomo,Promedio,Are0010,109495712.0,2025,2
2025-02-15,1,2025-02-01,2025-02-28,Autonomo,Percentil 95,Are0128,16663396.0,2025,2
2025-02-15,1,2025-02-01,2025-02-28,Autonomo,Percentil 5,Are0128,16663396.0,2025,2
2025-02-15,1,2025-02-01,2025-02-28,Autonomo,Promedio,Are0128,28943430.0,2025,2
2025-02-15,1,2025-02-01,2025-02-28,Autonomo,Percentil 95,Are0056,6047053.0,2025,2
2025-02-15,1,2025-02-01,2025-02-28,Autonomo,Percentil 5,Are0056,6047053.0,2025,2
2025-02-15,1,2025-02-01,2025-02-28,Autonomo,Promedio,Are0056,12669399.0,2025,2
2025-02-15,1,2025-02-01,2025-02-28,Autonomo,Percentil 95,Are0012,2777892.75,2025,2
2025-02-15,1,2025-02-01,2025-02-28,Autonomo,Percentil 5,Are0012,2777892.75,2025,2
2025-02-15,1,2025-02-01,2025-02-28,Autonomo,Promedio,Are0012,6093013.5,2025,2
2025-02-15,1,2025-02-01,2025-02-28,Autonomo,Percentil 95,Are0002,37459544.0,2025,2
2025-02-15,1,2025-02-01,2025-02-28,Autonomo,Percentil 5,Are0002,37459544.0,2025,2
2025-02-15,1,2025-02-01,2025-02-28,Autonomo,Promedio,Are0002,60315500.0,2025,2
2023-10-10,26,2025-02-01,2025-02-28,Coordinado,Promedio,Are0128,28698762.0,2023,1
2023-10-10,26,2025-02-01,2025-02-28,Coordinado,Percentil 5,Are0012,1849000.0,2023,1
2023-10-10,26,2025-02-01,2025-02-28,Coordinado,Percentil 5,Are0127,504000.0,2023,1
2023-10-10,26,2025-02-01,2025-02-28,Coordinado,Promedio,Are0010,125924856.0,2023,1
2023-10-10,26,2025-02-01,2025-02-28,Coordinado,Percentil 95,Are0056,8693943.0,2023,1
2023-10-10,26,2025-02-01,2025-02-28,Autonomo,Percentil 95,Are0002,40975776.0,2023,1
2023-10-10,26,2025-02-01,2025-02-28,Coordinado,Percentil 5,Are0002,40668684.0,2023,1
2023-10-10,26,2025-02-01,2025-02-28,Coordinado,Percentil 95,Are0127,504000.0,2023,1
2023-10-10,26,2025-02-01,2025-02-28,Autonomo,Percentil 95,Are0128,18108464.0,2023,1
2023-10-10,26,2025-02-01,2025-02-28,Coordinado,Percentil 5,Are0010,76710712.0,2023,1
2023-10-10,26,2025-02-01,2025-02-28,Coordinado,Percentil 95,Are0010,180132144.0,2023,1
2023-10-10,18,2025-02-01,2025-02-28,Coordinado,Percentil 5,Are0012,1189321.375,2023,9
2023-10-10,18,2025-02-01,2025-02-28,Autonomo,Percentil 95,Are0056,7597252.0,2023,9
2023-10-10,27,2025-02-01,2025-02-28,Autonomo,Percentil 95,Are0127,510821.4375,2022,12
2023-10-10,27,2025-02-01,2025-02-28,Coordinado,Percentil 95,Are0012,1598035.75,2022,12
2023-10-10,27,2025-02-01,2025-02-28,Autonomo,Promedio,Are0128,29726542.0,2022,12
2023-10-10,27,2025-02-01,2025-02-28,Coordinado,Promedio,Are0002,77784968.0,2022,12
2023-10-10,27,2025-02-01,2025-02-28,Coordinado,Promedio,Are0128,28789858.0,2022,12
2023-10-10,27,2025-02-01,2025-02-28,Autonomo,Percentil 5,Are0002,44268428.0,2022,12
2023-10-10,27,2025-02-01,2025-02-28,Coordinado,Promedio,Are0012,5775084.0,2022,12
2023-10-10,27,2025-02-01,2025-02-28,Coordinado,Percentil 95,Are0056,8265988.0,2022,12
2023-10-10,27,2025-02-01,2025-02-28,Autonomo,Percentil 95,Are0012,1591000.0,2022,12
2023-10-10,27,2025-02-01,2025-02-28,Autonomo,Percentil 5,Are0056,8388345.5,2022,12
2023-10-10,27,2025-02-01,2025-02-28,Autonomo,Promedio,Are0002,78461048.0,2022,12
2023-10-10,27,2025-02-01,2025-02-28,Coordinado,Percentil 5,Are0127,485785.71875,2022,12
2023-10-10,27,2025-02-01,2025-02-28,Autonomo,Percentil 5,Are0010,78607144.0,2022,12
2023-10-10,27,2025-02-01,2025-02-28,Autonomo,Promedio,Are0056,13963699.0,2022,12
2023-10-10,27,2025-02-01,2025-02-28,Coordinado,Percentil 95,Are0010,201417856.0,2022,12
2023-10-10,27,2025-02-01,2025-02-28,Coordinado,Percentil 5,Are0128,17214292.0,2022,12
2023-10-10,27,2025-02-01,2025-02-28,Autonomo,Promedio,Are0127,1346843.875,2022,12
2023-10-10,27,2025-02-01,2025-02-28,Coordinado,Promedio,Are0056,13717282.0,2022,12
2023-10-10,27,2025-02-01,2025-02-28,Autonomo,Percentil 95,Are0010,206185712.0,2022,12
2023-10-10,27,2025-02-01,2025-02-28,Coordinado,Percentil 95,Are0002,44460392.0,2022,12
2023-10-10,27,2025-02-01,2025-02-28,Autonomo,Percentil 95,Are0002,44268428.0,2022,12
2023-10-10,27,2025-02-01,2025-02-28,Coordinado,Promedio,Are0127,1060184.75,2022,12
2023-10-10,27,2025-02-01,2025-02-28,Autonomo,Percentil 5,Are0128,17346400.0,2022,12
2023-10-10,27,2025-02-01,2025-02-28,Autonomo,Percentil 95,Are0056,8388345.5,2022,12
2023-10-10,27,2025-02-01,2025-02-28,Coordinado,Percentil 5,Are0056,8265988.0,2022,12
2023-10-10,27,2025-02-01,2025-02-28,Coordinado,Promedio,Are0010,127127568.0,2022,12
2023-10-10,27,2025-02-01,2025-02-28,Autonomo,Promedio,Are0010,129488536.0,2022,12
2023-10-10,27,2025-02-01,2025-02-28,Autonomo,Percentil 95,Are0128,17346400.0,2022,12
2023-10-10,27,2025-02-01,2025-02-28,Coordinado,Percentil 5,Are0012,1598035.75,2022,12
2023-10-10,27,2025-02-01,2025-02-28,Autonomo,Promedio,Are0012,5990357.0,2022,12
2023-10-10,27,2025-02-01,2025-02-28,Coordinado,Percentil 95,Are0128,17214292.0,2022,12
2023-10-10,27,2025-02-01,2025-02-28,Coordinado,Percentil 5,Are0010,77803568.0,2022,12
2023-10-10,27,2025-02-01,2025-02-28,Autonomo,Percentil 5,Are0127,510821.4375,2022,12
2023-10-10,27,2025-02-01,2025-02-28,Autonomo,Percentil 5,Are0012,1591000.0,2022,12
2023-10-10,27,2025-02-01,2025-02-28,Coordinado,Percentil 95,Are0127,485785.71875,2022,12
2023-10-10,27,2025-02-01,2025-02-28,Coordinado,Percentil 5,Are0002,44460392.0,2022,12
2023-10-10,20,2025-02-01,2025-02-28,Autonomo,Percentil 95,Are0010,191546432.0,2023,7
2023-10-10,20,2025-02-01,2025-02-28,Coordinado,Percentil 95,Are0128,17726654.0,2023,7
2023-10-10,20,2025-02-01,2025-02-28,Autonomo,Percentil 5,Are0012,1112071.375,2023,7
2023-10-10,20,2025-02-01,2025-02-28,Coordinado,Percentil 5,Are0127,379821.4375,2023,7
2023-10-10,20,2025-02-01,2025-02-28,Coordinado,Percentil 95,Are0127,379821.4375,2023,7
2023-10-10,20,2025-02-01,2025-02-28,Coordinado,Percentil 5,Are0012,1110250.0,2023,7
2023-10-10,20,2025-02-01,2025-02-28,Coordinado,Promedio,Are0127,1235592.5,2023,7
2023-10-10,20,2025-02-01,2025-02-28,Autonomo,Percentil 95,Are0002,39094920.0,2023,7
2023-10-10,20,2025-02-01,2025-02-28,Coordinado,Percentil 95,Are0012,1110250.0,2023,7
2023-10-10,20,2025-02-01,2025-02-28,Coordinado,Percentil 5,Are0002,38820312.0,2023,7
2023-10-10,20,2025-02-01,2025-02-28,Autonomo,Percentil 95,Are0012,1112071.375,2023,7
2023-10-10,20,2025-02-01,2025-02-28,Coordinado,Percentil 5,Are0056,8210882.0,2023,7
2023-10-10,20,2025-02-01,2025-02-28,Coordinado,Promedio,Are0056,14947593.0,2023,7
2023-10-10,20,2025-02-01,2025-02-28,Coordinado,Percentil 95,Are0010,190417856.0,2023,7
2023-10-10,20,2025-02-01,2025-02-28,Autonomo,Percentil 5,Are0128,17275590.0,2023,7
2023-10-10,20,2025-02-01,2025-02-28,Autonomo,Percentil 5,Are0056,8167125.0,2023,7
2023-10-10,20,2025-02-01,2025-02-28,Autonomo,Percentil 5,Are0002,39094920.0,2023,7
2023-10-10,20,2025-02-01,2025-02-28,Autonomo,Promedio,Are0056,15005278.0,2023,7
2023-10-10,20,2025-02-01,2025-02-28,Coordinado,Percentil 95,Are0002,38820312.0,2023,7
2023-10-10,20,2025-02-01,2025-02-28,Autonomo,Percentil 95,Are0056,8167125.0,2023,7
2023-10-10,20,2025-02-01,2025-02-28,Autonomo,Promedio,Are0127,1285191.125,2023,7
2023-10-10,20,2025-02-01,2025-02-28,Coordinado,Percentil 5,Are0128,17726654.0,2023,7
2023-10-10,20,2025-02-01,2025-02-28,Autonomo,Percentil 5,Are0010,74278568.0,2023,7
2023-10-10,20,2025-02-01,2025-02-28,Autonomo,Promedio,Are0010,129164568.0,2023,7
2023-10-10,20,2025-02-01,2025-02-28,Autonomo,Percentil 5,Are0127,487678.5625,2023,7
2023-10-10,20,2025-02-01,2025-02-28,Coordinado,Percentil 95,Are0056,8210882.0,2023,7
2023-10-10,20,2025-02-01,2025-02-28,Coordinado,Promedio,Are0010,128796320.0,2023,7
2023-10-09,28,2025-02-01,2025-02-28,Coordinado,Percentil 5,Are0056,8066420.0,2022,11
2023-10-09,28,2025-02-01,2025-02-28,Autonomo,Promedio,Are0012,6263399.5,2022,11
2023-10-09,28,2025-02-01,2025-02-28,Autonomo,Percentil 95,Are0056,8209582.5,2022,11
2023-10-09,28,2025-02-01,2025-02-28,Autonomo,Promedio,Are0002,79487112.0,2022,11
2023-10-09,28,2025-02-01,2025-02-28,Autonomo,Percentil 5,Are0010,83246432.0,2022,11
2023-10-09,28,2025-02-01,2025-02-28,Coordinado,Percentil 95,Are0127,592892.875,2022,11
2023-10-09,28,2025-02-01,2025-02-28,Coordinado,Percentil 5,Are0010,80992856.0,2022,11
2023-10-09,28,2025-02-01,2025-02-28,Autonomo,Percentil 95,Are0012,2038214.25,2022,11
2023-10-09,28,2025-02-01,2025-02-28,Coordinado,Percentil 95,Are0012,2010285.75,2022,11
2023-10-09,28,2025-02-01,2025-02-28,Autonomo,Percentil 5,Are0056,8209582.5,2022,11
2023-10-09,28,2025-02-01,2025-02-28,Coordinado,Promedio,Are0127,1149493.875,2022,11
2023-10-09,28,2025-02-01,2025-02-28,Autonomo,Promedio,Are0128,29885042.0,2022,11
2023-10-09,28,2025-02-01,2025-02-28,Autonomo,Percentil 5,Are0128,19305736.0,2022,11
2023-10-09,28,2025-02-01,2025-02-28,Autonomo,Percentil 5,Are0012,2038214.25,2022,11
2023-10-09,28,2025-02-01,2025-02-28,Coordinado,Promedio,Are0010,128107360.0,2022,11
2023-10-09,28,2025-02-01,2025-02-28,Autonomo,Percentil 95,Are0010,202446432.0,2022,11
2023-10-09,28,2025-02-01,2025-02-28,Autonomo,Promedio,Are0010,130817784.0,2022,11
2023-10-09,28,2025-02-01,2025-02-28,Autonomo,Percentil 5,Are0002,49321784.0,2022,11
2023-10-09,28,2025-02-01,2025-02-28,Coordinado,Percentil 5,Are0012,2010285.75,2022,11
2023-10-09,28,2025-02-01,2025-02-28,Autonomo,Promedio,Are0056,13791614.0,2022,11
2023-10-09,28,2025-02-01,2025-02-28,Coordinado,Percentil 95,Are0010,196589280.0,2022,11
2023-10-09,28,2025-02-01,2025-02-28,Autonomo,Promedio,Are0127,1390631.375,2022,11
2023-10-09,28,2025-02-01,2025-02-28,Autonomo,Percentil 95,Are0002,49321784.0,2022,11
2023-10-09,28,2025-02-01,2025-02-28,Coordinado,Promedio,Are0128,28656946.0,2022,11
2023-10-09,28,2025-02-01,2025-02-28,Coordinado,Percentil 95,Are0128,18103478.0,2022,11
2023-10-09,28,2025-02-01,2025-02-28,Coordinado,Percentil 5,Are0127,592892.875,2022,11
2023-10-09,28,2025-02-01,2025-02-28,Coordinado,Promedio,Are0012,5931849.5,2022,11
2023-10-09,28,2025-02-01,2025-02-28,Coordinado,Percentil 95,Are0002,48559844.0,2022,11
2023-10-09,28,2025-02-01,2025-02-28,Autonomo,Percentil 95,Are0127,659035.6875,2022,11
2023-10-09,28,2025-02-01,2025-02-28,Autonomo,Percentil 95,Are0128,19305736.0,2022,11
2023-10-09,28,2025-02-01,2025-02-28,Coordinado,Percentil 95,Are0056,8066420.0,2022,11
2023-10-09,28,2025-02-01,2025-02-28,Coordinado,Percentil 5,Are0002,48559844.0,2022,11
2023-10-10,18,2025-02-01,2025-02-28,Autonomo,Promedio,Are0127,1265200.0,2023,9
2023-10-10,18,2025-02-01,2025-02-28,Autonomo,Percentil 5,Are0128,17600954.0,2023,9
2023-10-10,18,2025-02-01,2025-02-28,Autonomo,Promedio,Are0128,31009514.0,2023,9
2023-10-10,18,2025-02-01,2025-02-28,Coordinado,Percentil 95,Are0002,42067616.0,2023,9
2023-10-10,18,2025-02-01,2025-02-28,Coordinado,Promedio,Are0012,5863428.0,2023,9
2023-10-10,18,2025-02-01,2025-02-28,Autonomo,Percentil 95,Are0128,17600954.0,2023,9
2023-10-10,18,2025-02-01,2025-02-28,Coordinado,Percentil 95,Are0128,17854490.0,2023,9
2023-10-10,18,2025-02-01,2025-02-28,Coordinado,Promedio,Are0010,126808392.0,2023,9
2023-10-10,18,2025-02-01,2025-02-28,Autonomo,Percentil 5,Are0002,42071400.0,2023,9
2023-10-10,18,2025-02-01,2025-02-28,Autonomo,Percentil 95,Are0012,1190392.875,2023,9
2023-10-10,18,2025-02-01,2025-02-28,Coordinado,Percentil 95,Are0012,1189321.375,2023,9
2023-10-10,18,2025-02-01,2025-02-28,Autonomo,Percentil 5,Are0127,542321.4375,2023,9
2023-10-10,18,2025-02-01,2025-02-28,Coordinado,Promedio,Are0056,14613904.0,2023,9
2023-10-10,18,2025-02-01,2025-02-28,Coordinado,Percentil 95,Are0127,530142.875,2023,9
2023-10-10,18,2025-02-01,2025-02-28,Coordinado,Promedio,Are0127,1262277.875,2023,9
2023-10-10,18,2025-02-01,2025-02-28,Autonomo,Percentil 5,Are0010,74371432.0,2023,9
2023-10-10,18,2025-02-01,2025-02-28,Coordinado,Percentil 95,Are0010,184821424.0,2023,9
2023-10-10,18,2025-02-01,2025-02-28,Autonomo,Promedio,Are0012,5905215.0,2023,9
2023-10-10,18,2025-02-01,2025-02-28,Coordinado,Percentil 5,Are0128,17854490.0,2023,9
2023-10-10,18,2025-02-01,2025-02-28,Autonomo,Percentil 5,Are0012,1190392.875,2023,9
2023-10-10,18,2025-02-01,2025-02-28,Coordinado,Percentil 5,Are0056,7521248.0,2023,9
2023-10-10,18,2025-02-01,2025-02-28,Coordinado,Promedio,Are0002,74193600.0,2023,9
2023-10-10,18,2025-02-01,2025-02-28,Coordinado,Percentil 95,Are0056,7521248.0,2023,9
2023-10-10,18,2025-02-01,2025-02-28,Coordinado,Percentil 5,Are0127,530142.875,2023,9
2023-10-10,18,2025-02-01,2025-02-28,Coordinado,Promedio,Are0128,30875224.0,2023,9
2023-10-10,18,2025-02-01,2025-02-28,Autonomo,Promedio,Are0002,74208464.0,2023,9
2023-10-10,18,2025-02-01,2025-02-28,Autonomo,Percentil 5,Are0056,7597252.0,2023,9
2023-10-10,18,2025-02-01,2025-02-28,Coordinado,Percentil 5,Are0002,42067616.0,2023,9
2023-10-10,18,2025-02-01,2025-02-28,Autonomo,Percentil 95,Are0002,42071400.0,2023,9
2023-10-10,18,2025-02-01,2025-02-28,Autonomo,Promedio,Are0010,127025000.0,2023,9
2023-10-10,18,2025-02-01,2025-02-28,Coordinado,Percentil 5,Are0010,74042856.0,2023,9
2023-10-10,18,2025-02-01,2025-02-28,Autonomo,Percentil 95,Are0010,184878576.0,2023,9
2023-10-10,18,2025-02-01,2025-02-28,Autonomo,Percentil 95,Are0127,542321.4375,2023,9
2023-10-10,18,2025-02-01,2025-02-28,Autonomo,Promedio,Are0056,14636594.0,2023,9
2023-10-09,29,2025-02-01,2025-02-28,Coordinado,Percentil 5,Are0002,42403348.0,2022,10
2023-10-09,29,2025-02-01,2025-02-28,Coordinado,Promedio,Are0010,126426680.0,2022,10
2023-10-09,29,2025-02-01,2025-02-28,Autonomo,Promedio,Are0056,13659041.0,2022,10
2023-10-09,29,2025-02-01,2025-02-28,Autonomo,Percentil 5,Are0012,1769071.375,2022,10
2023-10-09,29,2025-02-01,2025-02-28,Autonomo,Promedio,Are0127,1424770.625,2022,10
2023-10-09,29,2025-02-01,2025-02-28,Coordinado,Promedio,Are0128,28336274.0,2022,10
2023-10-09,29,2025-02-01,2025-02-28,Autonomo,Percentil 95,Are0002,42302136.0,2022,10
2023-10-09,29,2025-02-01,2025-02-28,Coordinado,Percentil 95,Are0002,42403348.0,2022,10
2023-10-09,29,2025-02-01,2025-02-28,Coordinado,Promedio,Are0012,5973962.5,2022,10
2023-10-09,29,2025-02-01,2025-02-28,Autonomo,Percentil 5,Are0127,549678.5625,2022,10
2023-10-09,29,2025-02-01,2025-02-28,Autonomo,Percentil 95,Are0056,8410521.0,2022,10
2023-10-09,29,2025-02-01,2025-02-28,Autonomo,Percentil 95,Are0127,549678.5625,2022,10
2023-10-09,29,2025-02-01,2025-02-28,Autonomo,Promedio,Are0128,29871066.0,2022,10
2023-10-09,29,2025-02-01,2025-02-28,Coordinado,Percentil 95,Are0127,462214.28125,2022,10
2023-10-09,29,2025-02-01,2025-02-28,Autonomo,Promedio,Are0012,6513350.0,2022,10
2023-10-09,29,2025-02-01,2025-02-28,Coordinado,Percentil 95,Are0128,17473190.0,2022,10
2023-10-09,29,2025-02-01,2025-02-28,Coordinado,Percentil 5,Are0056,8178303.5,2022,10
2023-10-09,29,2025-02-01,2025-02-28,Coordinado,Percentil 95,Are0010,186867856.0,2022,10
2023-10-09,29,2025-02-01,2025-02-28,Coordinado,Promedio,Are0002,77959984.0,2022,10
2023-10-09,29,2025-02-01,2025-02-28,Coordinado,Percentil 95,Are0012,1694785.75,2022,10
2023-10-09,29,2025-02-01,2025-02-28,Autonomo,Percentil 5,Are0128,18053410.0,2022,10
2023-10-09,29,2025-02-01,2025-02-28,Coordinado,Percentil 95,Are0056,8178303.5,2022,10
2023-10-09,29,2025-02-01,2025-02-28,Autonomo,Percentil 5,Are0056,8410521.0,2022,10
2023-10-09,29,2025-02-01,2025-02-28,Autonomo,Percentil 95,Are0010,192635712.0,2022,10
2023-10-09,29,2025-02-01,2025-02-28,Autonomo,Percentil 5,Are0010,79767856.0,2022,10
2023-10-09,29,2025-02-01,2025-02-28,Coordinado,Percentil 5,Are0127,462214.28125,2022,10
2023-10-09,29,2025-02-01,2025-02-28,Autonomo,Percentil 95,Are0128,18053410.0,2022,10
2023-10-09,29,2025-02-01,2025-02-28,Coordinado,Percentil 5,Are0128,17473190.0,2022,10
2023-10-09,29,2025-02-01,2025-02-28,Autonomo,Percentil 5,Are0002,42302136.0,2022,10
2023-10-09,29,2025-02-01,2025-02-28,Autonomo,Promedio,Are0010,130062496.0,2022,10
2023-10-09,29,2025-02-01,2025-02-28,Coordinado,Promedio,Are0056,13041098.0,2022,10
2023-10-09,29,2025-02-01,2025-02-28,Autonomo,Percentil 95,Are0012,1769071.375,2022,10
2023-10-09,29,2025-02-01,2025-02-28,Coordinado,Percentil 5,Are0012,1694785.75,2022,10
2023-10-09,29,2025-02-01,2025-02-28,Autonomo,Promedio,Are0002,78594336.0,2022,10
2023-10-09,29,2025-02-01,2025-02-28,Coordinado,Percentil 5,Are0010,77946432.0,2022,10
2023-10-09,29,2025-02-01,2025-02-28,Coordinado,Promedio,Are0127,1115228.875,2022,10
2023-10-09,32,2025-02-01,2025-02-28,Autonomo,Percentil 5,Are0127,532535.6875,2022,7
2023-10-09,32,2025-02-01,2025-02-28,Autonomo,Promedio,Are0128,30243326.0,2022,7
2023-10-09,32,2025-02-01,2025-02-28,Autonomo,Percentil 5,Are0128,19731418.0,2022,7
2023-10-09,32,2025-02-01,2025-02-28,Autonomo,Percentil 95,Are0010,194335712.0,2022,7
2023-10-09,32,2025-02-01,2025-02-28,Coordinado,Percentil 95,Are0002,41673580.0,2022,7
2023-10-09,32,2025-02-01,2025-02-28,Coordinado,Promedio,Are0127,961880.6875,2022,7
2023-10-09,32,2025-02-01,2025-02-28,Autonomo,Percentil 5,Are0010,79089288.0,2022,7
2023-10-09,32,2025-02-01,2025-02-28,Coordinado,Promedio,Are0012,5656636.5,2022,7
2023-10-09,32,2025-02-01,2025-02-28,Autonomo,Promedio,Are0010,129374712.0,2022,7
2023-10-09,32,2025-02-01,2025-02-28,Autonomo,Promedio,Are0002,77972296.0,2022,7
2023-10-09,32,2025-02-01,2025-02-28,Coordinado,Percentil 5,Are0127,388428.5625,2022,7
2023-10-09,32,2025-02-01,2025-02-28,Autonomo,Percentil 95,Are0012,2270464.25,2022,7
2023-10-09,32,2025-02-01,2025-02-28,Coordinado,Promedio,Are0128,28744188.0,2022,7
2023-10-09,32,2025-02-01,2025-02-28,Autonomo,Percentil 95,Are0056,8968311.0,2022,7
2023-10-09,32,2025-02-01,2025-02-28,Autonomo,Percentil 5,Are0012,2270464.25,2022,7
2023-10-09,32,2025-02-01,2025-02-28,Coordinado,Percentil 5,Are0002,41673580.0,2022,7
2023-10-09,32,2025-02-01,2025-02-28,Autonomo,Promedio,Are0012,6210862.0,2022,7
2023-10-09,32,2025-02-01,2025-02-28,Coordinado,Percentil 5,Are0056,8691393.0,2022,7
2023-10-09,32,2025-02-01,2025-02-28,Autonomo,Percentil 95,Are0128,19731418.0,2022,7
2023-10-09,32,2025-02-01,2025-02-28,Autonomo,Percentil 95,Are0127,532535.6875,2022,7
2023-10-09,32,2025-02-01,2025-02-28,Coordinado,Percentil 95,Are0012,2055357.125,2022,7
2023-10-09,32,2025-02-01,2025-02-28,Coordinado,Percentil 5,Are0010,76432144.0,2022,7
2023-10-09,32,2025-02-01,2025-02-28,Coordinado,Promedio,Are0056,13062443.0,2022,7
2023-10-09,32,2025-02-01,2025-02-28,Coordinado,Percentil 95,Are0127,388428.5625,2022,7
2023-10-09,32,2025-02-01,2025-02-28,Coordinado,Promedio,Are0010,125817248.0,2022,7
2023-10-09,32,2025-02-01,2025-02-28,Autonomo,Percentil 5,Are0002,41892328.0,2022,7
2023-10-09,32,2025-02-01,2025-02-28,Coordinado,Percentil 5,Are0128,18569442.0,2022,7
2023-10-09,32,2025-02-01,2025-02-28,Autonomo,Percentil 5,Are0056,8968311.0,2022,7
2023-10-09,32,2025-02-01,2025-02-28,Coordinado,Percentil 5,Are0012,2055357.125,2022,7
2023-10-09,32,2025-02-01,2025-02-28,Coordinado,Promedio,Are0002,77391888.0,2022,7
2023-10-09,32,2025-02-01,2025-02-28,Coordinado,Percentil 95,Are0010,187967856.0,2022,7
2023-10-09,32,2025-02-01,2025-02-28,Coordinado,Percentil 95,Are0056,8691393.0,2022,7
2023-10-09,32,2025-02-01,2025-02-28,Autonomo,Percentil 95,Are0002,41892328.0,2022,7
2023-10-09,32,2025-02-01,2025-02-28,Autonomo,Promedio,Are0056,13646362.0,2022,7
2023-10-09,32,2025-02-01,2025-02-28,Autonomo,Promedio,Are0127,1301814.25,2022,7
2023-10-09,32,2025-02-01,2025-02-28,Coordinado,Percentil 95,Are0128,18569442.0,2022,7
2023-12-15,16,2025-02-01,2025-02-28,Coordinado,Percentil 95,Are0127,552571.4375,2023,11
2023-12-15,16,2025-02-01,2025-02-28,Coordinado,Percentil 5,Are0127,552571.4375,2023,11
2023-12-15,16,2025-02-01,2025-02-28,Coordinado,Promedio,Are0127,1284796.875,2023,11
2023-12-15,16,2025-02-01,2025-02-28,Autonomo,Percentil 95,Are0127,616214.3125,2023,11
2023-12-15,16,2025-02-01,2025-02-28,Autonomo,Percentil 5,Are0127,616214.3125,2023,11
2023-12-15,16,2025-02-01,2025-02-28,Autonomo,Promedio,Are0127,1310311.5,2023,11
2023-12-15,16,2025-02-01,2025-02-28,Coordinado,Percentil 95,Are0010,194100000.0,2023,11
2023-12-15,16,2025-02-01,2025-02-28,Coordinado,Percentil 5,Are0010,71296432.0,2023,11
2023-12-15,16,2025-02-01,2025-02-28,Coordinado,Promedio,Are0010,127445752.0,2023,11
2023-12-15,16,2025-02-01,2025-02-28,Autonomo,Percentil 95,Are0010,194571424.0,2023,11
2023-12-15,16,2025-02-01,2025-02-28,Autonomo,Percentil 5,Are0010,71053568.0,2023,11
2023-12-15,16,2025-02-01,2025-02-28,Autonomo,Promedio,Are0010,127476824.0,2023,11
2023-12-15,16,2025-02-01,2025-02-28,Coordinado,Percentil 95,Are0128,17668778.0,2023,11
2023-12-15,16,2025-02-01,2025-02-28,Coordinado,Percentil 5,Are0128,17668778.0,2023,11
2023-12-15,16,2025-02-01,2025-02-28,Coordinado,Promedio,Are0128,30882948.0,2023,11
2023-12-15,16,2025-02-01,2025-02-28,Autonomo,Percentil 95,Are0128,17423958.0,2023,11
2023-12-15,16,2025-02-01,2025-02-28,Autonomo,Percentil 5,Are0128,17423958.0,2023,11
2023-12-15,16,2025-02-01,2025-02-28,Autonomo,Promedio,Are0128,30926360.0,2023,11
2023-12-15,16,2025-02-01,2025-02-28,Coordinado,Percentil 95,Are0056,8770764.0,2023,11
2023-12-15,16,2025-02-01,2025-02-28,Coordinado,Percentil 5,Are0056,8770764.0,2023,11
2023-12-15,16,2025-02-01,2025-02-28,Coordinado,Promedio,Are0056,14161657.0,2023,11
2023-12-15,16,2025-02-01,2025-02-28,Autonomo,Percentil 95,Are0056,8770764.0,2023,11
2023-12-15,16,2025-02-01,2025-02-28,Autonomo,Percentil 5,Are0056,8770764.0,2023,11
2023-12-15,16,2025-02-01,2025-02-28,Autonomo,Promedio,Are0056,14171023.0,2023,11
2023-12-15,16,2025-02-01,2025-02-28,Coordinado,Percentil 95,Are0012,1140821.375,2023,11
2023-12-15,16,2025-02-01,2025-02-28,Coordinado,Percentil 5,Are0012,1140821.375,2023,11
2023-12-15,16,2025-02-01,2025-02-28,Coordinado,Promedio,Are0012,6443043.0,2023,11
2023-12-15,16,2025-02-01,2025-02-28,Autonomo,Percentil 95,Are0012,1218071.375,2023,11
2023-12-15,16,2025-02-01,2025-02-28,Autonomo,Percentil 5,Are0012,1218071.375,2023,11
2023-12-15,16,2025-02-01,2025-02-28,Autonomo,Promedio,Are0012,6425858.0,2023,11
2023-12-15,16,2025-02-01,2025-02-28,Coordinado,Percentil 95,Are0002,38034696.0,2023,11
2023-12-15,16,2025-02-01,2025-02-28,Coordinado,Percentil 5,Are0002,38034696.0,2023,11
2023-12-15,16,2025-02-01,2025-02-28,Coordinado,Promedio,Are0002,74673432.0,2023,11
2023-12-15,16,2025-02-01,2025-02-28,Autonomo,Percentil 95,Are0002,38030660.0,2023,11
2023-12-15,16,2025-02-01,2025-02-28,Autonomo,Percentil 5,Are0002,38030660.0,2023,11
2023-12-15,16,2025-02-01,2025-02-28,Autonomo,Promedio,Are0002,74643168.0,2023,11
2023-10-09,33,2025-02-01,2025-02-28,Autonomo,Percentil 95,Are0056,8043079.5,2022,6
2023-10-09,33,2025-02-01,2025-02-28,Autonomo,Promedio,Are0010,129310680.0,2022,6
2023-10-09,33,2025-02-01,2025-02-28,Coordinado,Promedio,Are0002,76987280.0,2022,6
2023-10-09,33,2025-02-01,2025-02-28,Autonomo,Percentil 95,Are0012,1784500.0,2022,6
2023-10-09,33,2025-02-01,2025-02-28,Coordinado,Promedio,Are0128,29051082.0,2022,6
2023-10-09,33,2025-02-01,2025-02-28,Coordinado,Percentil 5,Are0002,43068824.0,2022,6
2023-10-09,33,2025-02-01,2025-02-28,Autonomo,Percentil 95,Are0127,436535.71875,2022,6
2023-10-09,33,2025-02-01,2025-02-28,Autonomo,Percentil 5,Are0002,43826204.0,2022,6
2023-10-09,33,2025-02-01,2025-02-28,Coordinado,Promedio,Are0012,5839300.0,2022,6
2023-10-09,33,2025-02-01,2025-02-28,Autonomo,Percentil 5,Are0128,17699650.0,2022,6
2023-10-09,33,2025-02-01,2025-02-28,Coordinado,Percentil 5,Are0010,76428568.0,2022,6
2023-10-09,33,2025-02-01,2025-02-28,Autonomo,Percentil 5,Are0012,1784500.0,2022,6
2023-10-09,33,2025-02-01,2025-02-28,Autonomo,Promedio,Are0127,1414486.125,2022,6
2023-10-09,33,2025-02-01,2025-02-28,Autonomo,Percentil 95,Are0002,43826204.0,2022,6
2023-10-09,33,2025-02-01,2025-02-28,Autonomo,Percentil 95,Are0128,17699650.0,2022,6
2023-10-09,33,2025-02-01,2025-02-28,Autonomo,Promedio,Are0056,13688180.0,2022,6
2023-10-09,33,2025-02-01,2025-02-28,Coordinado,Promedio,Are0056,13082143.0,2022,6
2023-10-09,33,2025-02-01,2025-02-28,Autonomo,Percentil 5,Are0056,8043079.5,2022,6
2023-10-09,33,2025-02-01,2025-02-28,Coordinado,Percentil 95,Are0056,7846965.0,2022,6
2023-10-09,33,2025-02-01,2025-02-28,Autonomo,Promedio,Are0128,30355714.0,2022,6
2023-10-09,33,2025-02-01,2025-02-28,Coordinado,Promedio,Are0127,1096750.5,2022,6
2023-10-09,33,2025-02-01,2025-02-28,Autonomo,Percentil 5,Are0010,77092856.0,2022,6
2023-10-09,33,2025-02-01,2025-02-28,Coordinado,Percentil 95,Are0010,192696432.0,2022,6
2023-10-09,33,2025-02-01,2025-02-28,Coordinado,Percentil 5,Are0127,428107.15625,2022,6
2023-10-09,33,2025-02-01,2025-02-28,Coordinado,Percentil 5,Are0128,17292324.0,2022,6
2023-10-09,33,2025-02-01,2025-02-28,Coordinado,Percentil 5,Are0056,7846965.0,2022,6
2023-10-09,33,2025-02-01,2025-02-28,Autonomo,Percentil 5,Are0127,436535.71875,2022,6
2023-10-09,33,2025-02-01,2025-02-28,Coordinado,Percentil 95,Are0012,1784500.0,2022,6
2023-10-09,33,2025-02-01,2025-02-28,Coordinado,Percentil 95,Are0127,428107.15625,2022,6
2023-10-09,33,2025-02-01,2025-02-28,Autonomo,Percentil 95,Are0010,197046432.0,2022,6
2023-10-09,33,2025-02-01,2025-02-28,Coordinado,Promedio,Are0010,126056392.0,2022,6
2023-10-09,33,2025-02-01,2025-02-28,Autonomo,Promedio,Are0012,6207120.5,2022,6
2023-10-09,33,2025-02-01,2025-02-28,Coordinado,Percentil 5,Are0012,1784500.0,2022,6
2023-10-09,33,2025-02-01,2025-02-28,Coordinado,Percentil 95,Are0002,43068824.0,2022,6
2023-10-09,33,2025-02-01,2025-02-28,Autonomo,Promedio,Are0002,77645424.0,2022,6
2023-10-09,33,2025-02-01,2025-02-28,Coordinado,Percentil 95,Are0128,17292324.0,2022,6
2023-10-09,37,2025-02-01,2025-02-28,Coordinado,Promedio,Are0127,1139946.25,2022,2
2023-10-09,37,2025-02-01,2025-02-28,Autonomo,Percentil 5,Are0010,69203568.0,2022,2
2023-10-09,37,2025-02-01,2025-02-28,Autonomo,Promedio,Are0012,5981368.0,2022,2
2023-10-09,37,2025-02-01,2025-02-28,Coordinado,Percentil 95,Are0128,14535754.0,2022,2
2023-10-09,37,2025-02-01,2025-02-28,Autonomo,Percentil 5,Are0127,383642.84375,2022,2
2023-10-09,37,2025-02-01,2025-02-28,Autonomo,Percentil 95,Are0127,383642.84375,2022,2
2023-10-09,37,2025-02-01,2025-02-28,Autonomo,Promedio,Are0127,1357901.375,2022,2
2023-10-09,37,2025-02-01,2025-02-28,Autonomo,Percentil 95,Are0002,35822284.0,2022,2
2023-10-09,37,2025-02-01,2025-02-28,Coordinado,Percentil 5,Are0128,14535754.0,2022,2
2023-10-09,37,2025-02-01,2025-02-28,Autonomo,Percentil 5,Are0056,7745739.5,2022,2
2023-10-09,37,2025-02-01,2025-02-28,Coordinado,Percentil 95,Are0127,380250.0,2022,2
2023-10-09,37,2025-02-01,2025-02-28,Coordinado,Percentil 5,Are0002,35550292.0,2022,2
2023-10-09,37,2025-02-01,2025-02-28,Autonomo,Percentil 95,Are0010,198432144.0,2022,2
2023-10-09,37,2025-02-01,2025-02-28,Autonomo,Percentil 5,Are0002,35822284.0,2022,2
2023-10-09,37,2025-02-01,2025-02-28,Autonomo,Promedio,Are0002,73732032.0,2022,2
2023-10-09,37,2025-02-01,2025-02-28,Autonomo,Percentil 95,Are0056,7745739.5,2022,2
2023-10-09,37,2025-02-01,2025-02-28,Coordinado,Percentil 95,Are0012,1062142.875,2022,2
2023-10-09,37,2025-02-01,2025-02-28,Autonomo,Promedio,Are0010,124284680.0,2022,2
2023-10-09,37,2025-02-01,2025-02-28,Autonomo,Percentil 95,Are0012,1062142.875,2022,2
2023-10-09,37,2025-02-01,2025-02-28,Autonomo,Promedio,Are0128,29072876.0,2022,2
2023-10-09,37,2025-02-01,2025-02-28,Coordinado,Promedio,Are0012,5810918.5,2022,2
2023-10-09,37,2025-02-01,2025-02-28,Coordinado,Percentil 95,Are0056,7377293.0,2022,2
2023-10-09,37,2025-02-01,2025-02-28,Coordinado,Promedio,Are0128,28369922.0,2022,2
2023-10-09,37,2025-02-01,2025-02-28,Coordinado,Promedio,Are0056,13813266.0,2022,2
2023-10-09,37,2025-02-01,2025-02-28,Coordinado,Percentil 5,Are0012,1062142.875,2022,2
2023-10-09,37,2025-02-01,2025-02-28,Coordinado,Percentil 5,Are0056,7377293.0,2022,2
2023-10-09,37,2025-02-01,2025-02-28,Autonomo,Percentil 5,Are0012,1062142.875,2022,2
2023-10-09,37,2025-02-01,2025-02-28,Coordinado,Percentil 5,Are0127,380250.0,2022,2
2023-10-09,37,2025-02-01,2025-02-28,Coordinado,Percentil 95,Are0010,196035712.0,2022,2
2023-10-09,37,2025-02-01,2025-02-28,Autonomo,Percentil 5,Are0128,15021512.0,2022,2
2023-10-09,37,2025-02-01,2025-02-28,Autonomo,Promedio,Are0056,14140712.0,2022,2
2023-10-09,37,2025-02-01,2025-02-28,Coordinado,Promedio,Are0002,73437256.0,2022,2
2023-10-09,37,2025-02-01,2025-02-28,Coordinado,Percentil 95,Are0002,35550292.0,2022,2
2023-10-09,37,2025-02-01,2025-02-28,Coordinado,Percentil 5,Are0010,69314288.0,2022,2
2023-10-09,37,2025-02-01,2025-02-28,Autonomo,Percentil 95,Are0128,15021512.0,2022,2
2023-10-09,37,2025-02-01,2025-02-28,Coordinado,Promedio,Are0010,122570968.0,2022,2
2023-10-09,38,2025-02-01,2025-02-28,Coordinado,Promedio,Are0010,121337608.0,2022,1
2023-10-09,38,2025-02-01,2025-02-28,Autonomo,Promedio,Are0010,123979032.0,2022,1
2023-10-09,38,2025-02-01,2025-02-28,Coordinado,Percentil 5,Are0012,996071.4375,2022,1
2023-10-09,38,2025-02-01,2025-02-28,Coordinado,Percentil 5,Are0128,15492179.0,2022,1
2023-10-09,38,2025-02-01,2025-02-28,Autonomo,Promedio,Are0056,13931675.0,2022,1
2023-10-09,38,2025-02-01,2025-02-28,Coordinado,Percentil 95,Are0128,15492179.0,2022,1
2023-10-09,38,2025-02-01,2025-02-28,Autonomo,Percentil 5,Are0010,72846432.0,2022,1
2023-10-09,38,2025-02-01,2025-02-28,Coordinado,Percentil 95,Are0056,7906418.0,2022,1
2023-10-09,38,2025-02-01,2025-02-28,Autonomo,Percentil 5,Are0128,16436621.0,2022,1
2023-10-09,38,2025-02-01,2025-02-28,Autonomo,Promedio,Are0127,1336397.125,2022,1
2023-10-09,38,2025-02-01,2025-02-28,Coordinado,Percentil 95,Are0010,200346432.0,2022,1
2023-10-09,38,2025-02-01,2025-02-28,Coordinado,Percentil 5,Are0056,7906418.0,2022,1
2023-10-09,38,2025-02-01,2025-02-28,Autonomo,Promedio,Are0128,29156572.0,2022,1
2023-10-09,38,2025-02-01,2025-02-28,Autonomo,Percentil 95,Are0056,8161040.5,2022,1
2023-10-09,38,2025-02-01,2025-02-28,Coordinado,Percentil 95,Are0127,467178.5625,2022,1
2023-10-09,38,2025-02-01,2025-02-28,Autonomo,Percentil 95,Are0127,564071.4375,2022,1
2023-10-09,38,2025-02-01,2025-02-28,Autonomo,Percentil 5,Are0002,39586584.0,2022,1
2023-10-09,38,2025-02-01,2025-02-28,Coordinado,Promedio,Are0012,5962018.0,2022,1
2023-10-09,38,2025-02-01,2025-02-28,Coordinado,Percentil 5,Are0010,70917856.0,2022,1
2023-10-09,38,2025-02-01,2025-02-28,Autonomo,Promedio,Are0012,6168474.0,2022,1
2023-10-09,38,2025-02-01,2025-02-28,Autonomo,Percentil 5,Are0056,8161040.5,2022,1
2023-10-09,38,2025-02-01,2025-02-28,Coordinado,Promedio,Are0127,1094049.25,2022,1
2023-10-09,38,2025-02-01,2025-02-28,Autonomo,Percentil 5,Are0012,1108892.875,2022,1
2023-10-09,38,2025-02-01,2025-02-28,Autonomo,Promedio,Are0002,73385800.0,2022,1
2023-10-09,38,2025-02-01,2025-02-28,Coordinado,Percentil 95,Are0002,39389012.0,2022,1
2023-10-09,38,2025-02-01,2025-02-28,Autonomo,Percentil 95,Are0012,1108892.875,2022,1
2023-10-09,38,2025-02-01,2025-02-28,Coordinado,Promedio,Are0128,27890644.0,2022,1
2023-10-09,38,2025-02-01,2025-02-28,Autonomo,Percentil 5,Are0127,564071.4375,2022,1
2023-10-09,38,2025-02-01,2025-02-28,Coordinado,Promedio,Are0002,73024024.0,2022,1
2023-10-09,38,2025-02-01,2025-02-28,Autonomo,Percentil 95,Are0128,16436621.0,2022,1
2023-10-09,38,2025-02-01,2025-02-28,Coordinado,Percentil 5,Are0127,467178.5625,2022,1
2023-10-09,38,2025-02-01,2025-02-28,Coordinado,Percentil 5,Are0002,39389012.0,2022,1
2023-10-09,38,2025-02-01,2025-02-28,Coordinado,Promedio,Are0056,13366750.0,2022,1
2023-10-09,38,2025-02-01,2025-02-28,Coordinado,Percentil 95,Are0012,996071.4375,2022,1
2023-10-09,38,2025-02-01,2025-02-28,Autonomo,Percentil 95,Are0002,39586584.0,2022,1
2023-10-09,38,2025-02-01,2025-02-28,Autonomo,Percentil 95,Are0010,204903568.0,2022,1
2023-10-09,30,2025-02-01,2025-02-28,Coordinado,Percentil 5,Are0128,17762114.0,2022,9
2023-10-09,30,2025-02-01,2025-02-28,Coordinado,Percentil 95,Are0056,7319389.5,2022,9
2023-10-09,30,2025-02-01,2025-02-28,Autonomo,Percentil 5,Are0056,7473200.0,2022,9
2023-10-09,30,2025-02-01,2025-02-28,Autonomo,Promedio,Are0010,132779928.0,2022,9
2023-10-09,30,2025-02-01,2025-02-28,Coordinado,Percentil 95,Are0012,1356214.25,2022,9
2023-10-09,30,2025-02-01,2025-02-28,Autonomo,Percentil 95,Are0010,205153568.0,2022,9
2023-10-09,30,2025-02-01,2025-02-28,Coordinado,Percentil 5,Are0056,7319389.5,2022,9
2023-10-09,30,2025-02-01,2025-02-28,Autonomo,Promedio,Are0056,13641654.0,2022,9
2023-10-09,30,2025-02-01,2025-02-28,Autonomo,Percentil 95,Are0002,46150400.0,2022,9
2023-10-09,30,2025-02-01,2025-02-28,Coordinado,Percentil 95,Are0127,418250.0,2022,9
2023-10-09,30,2025-02-01,2025-02-28,Coordinado,Percentil 5,Are0002,45822260.0,2022,9
2023-10-09,30,2025-02-01,2025-02-28,Autonomo,Percentil 5,Are0012,1641142.875,2022,9
2023-10-09,30,2025-02-01,2025-02-28,Coordinado,Promedio,Are0012,6203233.0,2022,9
2023-10-09,30,2025-02-01,2025-02-28,Autonomo,Percentil 95,Are0012,1641142.875,2022,9
2023-10-09,30,2025-02-01,2025-02-28,Autonomo,Promedio,Are0127,1398207.875,2022,9
2023-10-09,30,2025-02-01,2025-02-28,Coordinado,Promedio,Are0127,1047089.8125,2022,9
2023-10-09,30,2025-02-01,2025-02-28,Autonomo,Promedio,Are0012,6817902.0,2022,9
2023-10-09,30,2025-02-01,2025-02-28,Autonomo,Percentil 5,Are0128,18370960.0,2022,9
2023-10-09,30,2025-02-01,2025-02-28,Autonomo,Percentil 95,Are0056,7473200.0,2022,9
2023-10-09,30,2025-02-01,2025-02-28,Coordinado,Promedio,Are0056,13009393.0,2022,9
2023-10-09,30,2025-02-01,2025-02-28,Coordinado,Promedio,Are0002,79270912.0,2022,9
2023-10-09,30,2025-02-01,2025-02-28,Autonomo,Promedio,Are0128,30878344.0,2022,9
2023-10-09,30,2025-02-01,2025-02-28,Coordinado,Percentil 5,Are0127,418250.0,2022,9
2023-10-09,30,2025-02-01,2025-02-28,Coordinado,Promedio,Are0010,128784640.0,2022,9
2023-10-09,30,2025-02-01,2025-02-28,Coordinado,Percentil 95,Are0002,45822260.0,2022,9
2023-10-09,30,2025-02-01,2025-02-28,Autonomo,Promedio,Are0002,80043616.0,2022,9
2023-10-09,30,2025-02-01,2025-02-28,Coordinado,Percentil 5,Are0010,79528568.0,2022,9
2023-10-09,30,2025-02-01,2025-02-28,Autonomo,Percentil 5,Are0010,81185712.0,2022,9
2023-10-09,30,2025-02-01,2025-02-28,Coordinado,Percentil 95,Are0128,17762114.0,2022,9
2023-10-09,30,2025-02-01,2025-02-28,Coordinado,Percentil 95,Are0010,201046432.0,2022,9
2023-10-09,30,2025-02-01,2025-02-28,Autonomo,Percentil 95,Are0128,18370960.0,2022,9
2023-10-09,30,2025-02-01,2025-02-28,Autonomo,Percentil 95,Are0127,588928.5625,2022,9
2023-10-09,30,2025-02-01,2025-02-28,Autonomo,Percentil 5,Are0127,588928.5625,2022,9
2023-10-09,30,2025-02-01,2025-02-28,Autonomo,Percentil 5,Are0002,46150400.0,2022,9
2023-10-09,30,2025-02-01,2025-02-28,Coordinado,Promedio,Are0128,29253978.0,2022,9
2023-10-09,30,2025-02-01,2025-02-28,Coordinado,Percentil 5,Are0012,1356214.25,2022,9
2023-10-10,24,2025-02-01,2025-02-28,Autonomo,Percentil 95,Are0127,541357.125,2023,3
2023-10-10,24,2025-02-01,2025-02-28,Coordinado,Percentil 95,Are0056,8409984.0,2023,3
2023-10-10,24,2025-02-01,2025-02-28,Autonomo,Percentil 5,Are0002,39520988.0,2023,3
2023-10-10,24,2025-02-01,2025-02-28,Autonomo,Percentil 5,Are0010,75746432.0,2023,3
2023-10-10,24,2025-02-01,2025-02-28,Autonomo,Promedio,Are0002,79211816.0,2023,3
2023-10-10,24,2025-02-01,2025-02-28,Coordinado,Promedio,Are0010,133915248.0,2023,3
2023-10-10,24,2025-02-01,2025-02-28,Coordinado,Percentil 5,Are0012,1240428.625,2023,3
2023-10-10,24,2025-02-01,2025-02-28,Autonomo,Percentil 95,Are0002,39520988.0,2023,3
2023-10-10,24,2025-02-01,2025-02-28,Coordinado,Percentil 5,Are0056,8409984.0,2023,3
2023-10-10,24,2025-02-01,2025-02-28,Coordinado,Percentil 95,Are0127,503785.71875,2023,3
2023-10-10,24,2025-02-01,2025-02-28,Coordinado,Promedio,Are0002,79039184.0,2023,3
2023-10-10,24,2025-02-01,2025-02-28,Coordinado,Percentil 5,Are0002,39498596.0,2023,3
2023-10-10,24,2025-02-01,2025-02-28,Coordinado,Promedio,Are0128,31844090.0,2023,3
2023-10-10,24,2025-02-01,2025-02-28,Autonomo,Percentil 95,Are0010,209453568.0,2023,3
2023-10-10,24,2025-02-01,2025-02-28,Autonomo,Promedio,Are0128,32048204.0,2023,3
2023-10-10,24,2025-02-01,2025-02-28,Coordinado,Promedio,Are0127,1361949.625,2023,3
2023-10-10,24,2025-02-01,2025-02-28,Coordinado,Percentil 5,Are0128,16985554.0,2023,3
2023-10-10,24,2025-02-01,2025-02-28,Coordinado,Percentil 5,Are0127,503785.71875,2023,3
2023-10-10,24,2025-02-01,2025-02-28,Autonomo,Promedio,Are0010,134525856.0,2023,3
2023-10-10,24,2025-02-01,2025-02-28,Autonomo,Percentil 5,Are0127,541357.125,2023,3
2023-10-10,24,2025-02-01,2025-02-28,Coordinado,Percentil 95,Are0002,39498596.0,2023,3
2023-10-10,24,2025-02-01,2025-02-28,Autonomo,Percentil 95,Are0056,8627004.0,2023,3
2023-10-10,24,2025-02-01,2025-02-28,Autonomo,Percentil 5,Are0012,1200500.0,2023,3
2023-10-10,24,2025-02-01,2025-02-28,Autonomo,Promedio,Are0012,6760677.0,2023,3
2023-10-10,24,2025-02-01,2025-02-28,Autonomo,Promedio,Are0056,15111057.0,2023,3
2023-10-10,24,2025-02-01,2025-02-28,Coordinado,Percentil 5,Are0010,75067856.0,2023,3
2023-10-10,24,2025-02-01,2025-02-28,Autonomo,Promedio,Are0127,1394195.875,2023,3
2023-10-10,24,2025-02-01,2025-02-28,Autonomo,Percentil 95,Are0128,16936872.0,2023,3
2023-10-10,24,2025-02-01,2025-02-28,Autonomo,Percentil 95,Are0012,1200500.0,2023,3
2023-10-10,24,2025-02-01,2025-02-28,Coordinado,Percentil 95,Are0012,1240428.625,2023,3
2023-10-10,24,2025-02-01,2025-02-28,Coordinado,Percentil 95,Are0010,209364288.0,2023,3
2023-10-10,24,2025-02-01,2025-02-28,Autonomo,Percentil 5,Are0056,8627004.0,2023,3
2023-10-10,24,2025-02-01,2025-02-28,Coordinado,Promedio,Are0012,6647899.0,2023,3
2023-10-10,24,2025-02-01,2025-02-28,Autonomo,Percentil 5,Are0128,16936872.0,2023,3
2023-10-10,24,2025-02-01,2025-02-28,Coordinado,Percentil 95,Are0128,16985554.0,2023,3
2023-10-10,24,2025-02-01,2025-02-28,Coordinado,Promedio,Are0056,15022190.0,2023,3
2024-04-15,11,2025-02-01,2025-02-28,Autonomo,Percentil 95,Are0127,263810.71875,2024,4
2024-04-15,11,2025-02-01,2025-02-28,Autonomo,Percentil 5,Are0127,263810.71875,2024,4
2024-04-15,11,2025-02-01,2025-02-28,Autonomo,Promedio,Are0127,1247757.75,2024,4
2024-04-15,11,2025-02-01,2025-02-28,Autonomo,Percentil 95,Are0010,222850000.0,2024,4
2024-04-15,11,2025-02-01,2025-02-28,Autonomo,Percentil 5,Are0010,55650000.0,2024,4
2024-04-15,11,2025-02-01,2025-02-28,Autonomo,Promedio,Are0010,120778504.0,2024,4
2024-04-15,11,2025-02-01,2025-02-28,Autonomo,Percentil 95,Are0128,14841225.0,2024,4
2024-04-15,11,2025-02-01,2025-02-28,Autonomo,Percentil 5,Are0128,14841225.0,2024,4
2024-04-15,11,2025-02-01,2025-02-28,Autonomo,Promedio,Are0128,30622932.0,2024,4
2024-04-15,11,2025-02-01,2025-02-28,Autonomo,Percentil 95,Are0056,5946411.5,2024,4
2024-04-15,11,2025-02-01,2025-02-28,Autonomo,Percentil 5,Are0056,5946411.5,2024,4
2024-04-15,11,2025-02-01,2025-02-28,Autonomo,Promedio,Are0056,13700120.0,2024,4
2024-04-15,11,2025-02-01,2025-02-28,Autonomo,Percentil 95,Are0012,1270678.625,2024,4
2024-04-15,11,2025-02-01,2025-02-28,Autonomo,Percentil 5,Are0012,1270678.625,2024,4
2024-04-15,11,2025-02-01,2025-02-28,Autonomo,Promedio,Are0012,5725898.5,2024,4
2024-04-15,11,2025-02-01,2025-02-28,Autonomo,Percentil 95,Are0002,26906340.0,2024,4
2024-04-15,11,2025-02-01,2025-02-28,Autonomo,Percentil 5,Are0002,26906340.0,2024,4
2024-04-15,11,2025-02-01,2025-02-28,Autonomo,Promedio,Are0002,69481768.0,2024,4
2024-02-15,13,2025-02-01,2025-02-28,Autonomo,Percentil 95,Are0127,427464.28125,2024,2
2024-02-15,13,2025-02-01,2025-02-28,Autonomo,Percentil 5,Are0127,427464.28125,2024,2
2024-02-15,13,2025-02-01,2025-02-28,Autonomo,Promedio,Are0127,1251192.125,2024,2
2024-02-15,13,2025-02-01,2025-02-28,Autonomo,Percentil 95,Are0010,203442864.0,2024,2
2024-02-15,13,2025-02-01,2025-02-28,Autonomo,Percentil 5,Are0010,59035716.0,2024,2
2024-02-15,13,2025-02-01,2025-02-28,Autonomo,Promedio,Are0010,124293712.0,2024,2
2024-02-15,13,2025-02-01,2025-02-28,Autonomo,Percentil 95,Are0128,15277114.0,2024,2
2024-02-15,13,2025-02-01,2025-02-28,Autonomo,Percentil 5,Are0128,15277114.0,2024,2
2024-02-15,13,2025-02-01,2025-02-28,Autonomo,Promedio,Are0128,30391052.0,2024,2
2024-02-15,13,2025-02-01,2025-02-28,Autonomo,Percentil 95,Are0056,7275614.5,2024,2
2024-02-15,13,2025-02-01,2025-02-28,Autonomo,Percentil 5,Are0056,7275614.5,2024,2
2024-02-15,13,2025-02-01,2025-02-28,Autonomo,Promedio,Are0056,13887753.0,2024,2
2024-02-15,13,2025-02-01,2025-02-28,Autonomo,Percentil 95,Are0012,1045464.3125,2024,2
2024-02-15,13,2025-02-01,2025-02-28,Autonomo,Percentil 5,Are0012,1045464.3125,2024,2
2024-02-15,13,2025-02-01,2025-02-28,Autonomo,Promedio,Are0012,6069927.0,2024,2
2024-02-15,13,2025-02-01,2025-02-28,Autonomo,Percentil 95,Are0002,28030744.0,2024,2
2024-02-15,13,2025-02-01,2025-02-28,Autonomo,Percentil 5,Are0002,28030744.0,2024,2
2024-02-15,13,2025-02-01,2025-02-28,Autonomo,Promedio,Are0002,72693584.0,2024,2
2023-10-10,23,2025-02-01,2025-02-28,Autonomo,Percentil 5,Are0127,408928.5625,2023,4
2023-10-10,23,2025-02-01,2025-02-28,Coordinado,Percentil 95,Are0012,1238392.875,2023,4
2023-10-10,23,2025-02-01,2025-02-28,Autonomo,Percentil 95,Are0056,8480964.0,2023,4
2023-10-10,23,2025-02-01,2025-02-28,Autonomo,Percentil 5,Are0010,68889288.0,2023,4
2023-10-10,23,2025-02-01,2025-02-28,Coordinado,Percentil 95,Are0056,8412444.0,2023,4
2023-10-10,23,2025-02-01,2025-02-28,Autonomo,Percentil 95,Are0010,212589280.0,2023,4
2023-10-10,23,2025-02-01,2025-02-28,Autonomo,Percentil 5,Are0056,8480964.0,2023,4
2023-10-10,23,2025-02-01,2025-02-28,Coordinado,Percentil 5,Are0002,38061444.0,2023,4
2023-10-10,23,2025-02-01,2025-02-28,Coordinado,Percentil 95,Are0002,38061444.0,2023,4
2023-10-10,23,2025-02-01,2025-02-28,Autonomo,Percentil 95,Are0002,38184872.0,2023,4
2023-10-10,23,2025-02-01,2025-02-28,Autonomo,Promedio,Are0056,14809690.0,2023,4
2023-10-10,23,2025-02-01,2025-02-28,Coordinado,Promedio,Are0010,133621144.0,2023,4
2023-10-10,23,2025-02-01,2025-02-28,Autonomo,Percentil 95,Are0012,1248000.0,2023,4
2023-10-10,23,2025-02-01,2025-02-28,Coordinado,Promedio,Are0128,30906506.0,2023,4
2023-10-10,23,2025-02-01,2025-02-28,Autonomo,Percentil 95,Are0128,16316364.0,2023,4
2023-10-10,23,2025-02-01,2025-02-28,Coordinado,Promedio,Are0127,1424541.875,2023,4
2023-10-10,23,2025-02-01,2025-02-28,Coordinado,Promedio,Are0056,14745119.0,2023,4
2023-10-10,23,2025-02-01,2025-02-28,Autonomo,Promedio,Are0128,31170842.0,2023,4
2023-10-10,23,2025-02-01,2025-02-28,Autonomo,Promedio,Are0012,6746223.5,2023,4
2023-10-10,23,2025-02-01,2025-02-28,Coordinado,Percentil 5,Are0127,342157.15625,2023,4
2023-10-10,23,2025-02-01,2025-02-28,Coordinado,Percentil 5,Are0012,1238392.875,2023,4
2023-10-10,23,2025-02-01,2025-02-28,Autonomo,Promedio,Are0002,80120120.0,2023,4
2023-10-10,23,2025-02-01,2025-02-28,Autonomo,Percentil 5,Are0128,16316364.0,2023,4
2023-10-10,23,2025-02-01,2025-02-28,Coordinado,Promedio,Are0002,79930144.0,2023,4
2023-10-10,23,2025-02-01,2025-02-28,Coordinado,Promedio,Are0012,6614685.5,2023,4
2023-10-10,23,2025-02-01,2025-02-28,Autonomo,Promedio,Are0010,134330720.0,2023,4
2023-10-10,23,2025-02-01,2025-02-28,Coordinado,Percentil 95,Are0127,342157.15625,2023,4
2023-10-10,23,2025-02-01,2025-02-28,Autonomo,Promedio,Are0127,1483665.125,2023,4
2023-10-10,23,2025-02-01,2025-02-28,Coordinado,Percentil 5,Are0010,68078568.0,2023,4
2023-10-10,23,2025-02-01,2025-02-28,Autonomo,Percentil 5,Are0002,38184872.0,2023,4
2023-10-10,23,2025-02-01,2025-02-28,Autonomo,Percentil 5,Are0012,1248000.0,2023,4
2023-10-10,23,2025-02-01,2025-02-28,Coordinado,Percentil 5,Are0128,16316364.0,2023,4
2023-10-10,23,2025-02-01,2025-02-28,Autonomo,Percentil 95,Are0127,408928.5625,2023,4
2023-10-10,23,2025-02-01,2025-02-28,Coordinado,Percentil 5,Are0056,8412444.0,2023,4
2023-10-10,23,2025-02-01,2025-02-28,Coordinado,Percentil 95,Are0010,212589280.0,2023,4
2023-10-10,23,2025-02-01,2025-02-28,Coordinado,Percentil 95,Are0128,16316364.0,2023,4
2024-10-15,5,2025-02-01,2025-02-28,Autonomo,Percentil 95,Are0127,346764.28125,2024,10
2024-10-15,5,2025-02-01,2025-02-28,Autonomo,Percentil 5,Are0127,346764.28125,2024,10
2024-10-15,5,2025-02-01,2025-02-28,Autonomo,Promedio,Are0127,1338586.875,2024,10
2024-10-15,5,2025-02-01,2025-02-28,Autonomo,Percentil 95,Are0010,211346432.0,2024,10
2024-10-15,5,2025-02-01,2025-02-28,Autonomo,Percentil 5,Are0010,53996428.0,2024,10
2024-10-15,5,2025-02-01,2025-02-28,Autonomo,Promedio,Are0010,111015288.0,2024,10
2024-10-15,5,2025-02-01,2025-02-28,Autonomo,Percentil 95,Are0128,12303846.0,2024,10
2024-10-15,5,2025-02-01,2025-02-28,Autonomo,Percentil 5,Are0128,12303846.0,2024,10
2024-10-15,5,2025-02-01,2025-02-28,Autonomo,Promedio,Are0128,29588322.0,2024,10
2024-10-15,5,2025-02-01,2025-02-28,Autonomo,Percentil 95,Are0056,5154103.0,2024,10
2024-10-15,5,2025-02-01,2025-02-28,Autonomo,Percentil 5,Are0056,5154103.0,2024,10
2024-10-15,5,2025-02-01,2025-02-28,Autonomo,Promedio,Are0056,12173911.0,2024,10
2024-10-15,5,2025-02-01,2025-02-28,Autonomo,Percentil 95,Are0012,1139535.75,2024,10
2024-10-15,5,2025-02-01,2025-02-28,Autonomo,Percentil 5,Are0012,1139535.75,2024,10
2024-10-15,5,2025-02-01,2025-02-28,Autonomo,Promedio,Are0012,5029783.0,2024,10
2024-10-15,5,2025-02-01,2025-02-28,Autonomo,Percentil 95,Are0002,28402220.0,2024,10
2024-10-15,5,2025-02-01,2025-02-28,Autonomo,Percentil 5,Are0002,28402220.0,2024,10
2024-10-15,5,2025-02-01,2025-02-28,Autonomo,Promedio,Are0002,62884720.0,2024,10
2024-09-15,6,2025-02-01,2025-02-28,Autonomo,Percentil 95,Are0127,392642.84375,2024,9
2024-09-15,6,2025-02-01,2025-02-28,Autonomo,Percentil 95,Are0056,7486970.5,2024,9
2024-09-15,6,2025-02-01,2025-02-28,Autonomo,Percentil 95,Are0012,1071392.875,2024,9
2024-09-15,6,2025-02-01,2025-02-28,Autonomo,Percentil 95,Are0002,26486150.0,2024,9
2024-09-15,6,2025-02-01,2025-02-28,Autonomo,Percentil 5,Are0127,392642.84375,2024,9
2024-09-15,6,2025-02-01,2025-02-28,Autonomo,Percentil 95,Are0010,206803568.0,2024,9
2024-09-15,6,2025-02-01,2025-02-28,Autonomo,Percentil 95,Are0128,16135739.0,2024,9
2024-09-15,6,2025-02-01,2025-02-28,Autonomo,Percentil 5,Are0056,7486970.5,2024,9
2024-09-15,6,2025-02-01,2025-02-28,Autonomo,Percentil 5,Are0012,1071392.875,2024,9
2024-09-15,6,2025-02-01,2025-02-28,Autonomo,Promedio,Are0127,1393582.125,2024,9
2024-09-15,6,2025-02-01,2025-02-28,Autonomo,Percentil 5,Are0010,61203572.0,2024,9
2024-09-15,6,2025-02-01,2025-02-28,Autonomo,Percentil 5,Are0128,16135739.0,2024,9
2024-09-15,6,2025-02-01,2025-02-28,Autonomo,Percentil 5,Are0002,26486150.0,2024,9
2024-09-15,6,2025-02-01,2025-02-28,Autonomo,Promedio,Are0010,118023216.0,2024,9
2024-09-15,6,2025-02-01,2025-02-28,Autonomo,Promedio,Are0128,30487034.0,2024,9
2024-09-15,6,2025-02-01,2025-02-28,Autonomo,Promedio,Are0056,13011152.0,2024,9
2024-09-15,6,2025-02-01,2025-02-28,Autonomo,Promedio,Are0012,5001762.5,2024,9
2024-09-15,6,2025-02-01,2025-02-28,Autonomo,Promedio,Are0002,68129720.0,2024,9
2024-11-15,4,2025-02-01,2025-02-28,Autonomo,Percentil 95,Are0127,341782.15625,2024,11
2024-11-15,4,2025-02-01,2025-02-28,Autonomo,Percentil 5,Are0127,341782.15625,2024,11
2024-11-15,4,2025-02-01,2025-02-28,Autonomo,Promedio,Are0127,1331625.75,2024,11
2024-11-15,4,2025-02-01,2025-02-28,Autonomo,Percentil 95,Are0010,219767856.0,2024,11
2024-11-15,4,2025-02-01,2025-02-28,Autonomo,Percentil 5,Are0010,50225000.0,2024,11
2024-11-15,4,2025-02-01,2025-02-28,Autonomo,Promedio,Are0010,105796176.0,2024,11
2024-11-15,4,2025-02-01,2025-02-28,Autonomo,Percentil 95,Are0128,9994814.0,2024,11
2024-11-15,4,2025-02-01,2025-02-28,Autonomo,Percentil 5,Are0128,9994814.0,2024,11
2024-11-15,4,2025-02-01,2025-02-28,Autonomo,Promedio,Are0128,28432050.0,2024,11
2024-11-15,4,2025-02-01,2025-02-28,Autonomo,Percentil 95,Are0056,5678732.0,2024,11
2024-11-15,4,2025-02-01,2025-02-28,Autonomo,Percentil 5,Are0056,5678732.0,2024,11
2024-11-15,4,2025-02-01,2025-02-28,Autonomo,Promedio,Are0056,12699360.0,2024,11
2024-11-15,4,2025-02-01,2025-02-28,Autonomo,Percentil 95,Are0012,1188714.25,2024,11
2024-11-15,4,2025-02-01,2025-02-28,Autonomo,Percentil 5,Are0012,1188714.25,2024,11
2024-11-15,4,2025-02-01,2025-02-28,Autonomo,Promedio,Are0012,5069007.0,2024,11
2024-11-15,4,2025-02-01,2025-02-28,Autonomo,Percentil 95,Are0002,25551262.0,2024,11
2024-11-15,4,2025-02-01,2025-02-28,Autonomo,Percentil 5,Are0002,25551262.0,2024,11
2024-11-15,4,2025-02-01,2025-02-28,Autonomo,Promedio,Are0002,58264056.0,2024,11
2024-06-16,9,2025-02-01,2025-02-28,Autonomo,Percentil 95,Are0127,320760.71875,2024,6
2024-06-16,9,2025-02-01,2025-02-28,Autonomo,Percentil 95,Are0056,5886886.0,2024,6
2024-06-16,9,2025-02-01,2025-02-28,Autonomo,Percentil 95,Are0012,1071392.875,2024,6
2024-06-16,9,2025-02-01,2025-02-28,Autonomo,Percentil 95,Are0002,28537990.0,2024,6
2024-06-16,9,2025-02-01,2025-02-28,Autonomo,Percentil 5,Are0127,320760.71875,2024,6
2024-06-16,9,2025-02-01,2025-02-28,Autonomo,Percentil 95,Are0010,211828576.0,2024,6
2024-06-16,9,2025-02-01,2025-02-28,Autonomo,Percentil 95,Are0128,12365486.0,2024,6
2024-06-16,9,2025-02-01,2025-02-28,Autonomo,Percentil 5,Are0056,5886886.0,2024,6
2024-06-16,9,2025-02-01,2025-02-28,Autonomo,Percentil 5,Are0012,1071392.875,2024,6
2024-06-16,9,2025-02-01,2025-02-28,Autonomo,Promedio,Are0127,1281543.375,2024,6
2024-06-16,9,2025-02-01,2025-02-28,Autonomo,Percentil 5,Are0010,49489284.0,2024,6
2024-06-16,9,2025-02-01,2025-02-28,Autonomo,Percentil 5,Are0128,12365486.0,2024,6
2024-06-16,9,2025-02-01,2025-02-28,Autonomo,Percentil 5,Are0002,28537990.0,2024,6
2024-06-16,9,2025-02-01,2025-02-28,Autonomo,Promedio,Are0010,123801072.0,2024,6
2024-06-16,9,2025-02-01,2025-02-28,Autonomo,Promedio,Are0128,31187464.0,2024,6
2024-06-16,9,2025-02-01,2025-02-28,Autonomo,Promedio,Are0056,13495114.0,2024,6
2024-06-16,9,2025-02-01,2025-02-28,Autonomo,Promedio,Are0012,5925612.0,2024,6
2024-06-16,9,2025-02-01,2025-02-28,Autonomo,Promedio,Are0002,71911424.0,2024,6
2023-10-09,31,2025-02-01,2025-02-28,Autonomo,Percentil 95,Are0128,19470686.0,2022,8
2023-10-09,31,2025-02-01,2025-02-28,Coordinado,Percentil 5,Are0010,81210712.0,2022,8
2023-10-09,31,2025-02-01,2025-02-28,Autonomo,Percentil 95,Are0010,207675008.0,2022,8
2023-10-09,31,2025-02-01,2025-02-28,Coordinado,Promedio,Are0056,14075427.0,2022,8
2023-10-09,31,2025-02-01,2025-02-28,Autonomo,Promedio,Are0127,1387817.375,2022,8
2023-10-09,31,2025-02-01,2025-02-28,Coordinado,Promedio,Are0002,79392600.0,2022,8
2023-10-09,31,2025-02-01,2025-02-28,Autonomo,Percentil 5,Are0056,9096900.0,2022,8
2023-10-09,31,2025-02-01,2025-02-28,Coordinado,Percentil 95,Are0010,201121424.0,2022,8
2023-10-09,31,2025-02-01,2025-02-28,Autonomo,Percentil 5,Are0010,82500000.0,2022,8
2023-10-09,31,2025-02-01,2025-02-28,Coordinado,Percentil 95,Are0056,9020454.0,2022,8
2023-10-09,31,2025-02-01,2025-02-28,Autonomo,Promedio,Are0012,6620618.0,2022,8
2023-10-09,31,2025-02-01,2025-02-28,Coordinado,Percentil 95,Are0128,19099260.0,2022,8
2023-10-09,31,2025-02-01,2025-02-28,Coordinado,Promedio,Are0128,29793212.0,2022,8
2023-10-09,31,2025-02-01,2025-02-28,Coordinado,Promedio,Are0010,130274360.0,2022,8
2023-10-09,31,2025-02-01,2025-02-28,Autonomo,Percentil 5,Are0128,19470686.0,2022,8
2023-10-09,31,2025-02-01,2025-02-28,Autonomo,Promedio,Are0010,134243648.0,2022,8
2023-10-09,31,2025-02-01,2025-02-28,Coordinado,Percentil 5,Are0012,1884928.625,2022,8
2023-10-09,31,2025-02-01,2025-02-28,Autonomo,Percentil 95,Are0002,46989436.0,2022,8
2023-10-09,31,2025-02-01,2025-02-28,Coordinado,Percentil 95,Are0127,352285.71875,2022,8
2023-10-09,31,2025-02-01,2025-02-28,Autonomo,Percentil 5,Are0002,46989436.0,2022,8
2023-10-09,31,2025-02-01,2025-02-28,Coordinado,Percentil 95,Are0012,1884928.625,2022,8
2023-10-09,31,2025-02-01,2025-02-28,Coordinado,Percentil 5,Are0127,352285.71875,2022,8
2023-10-09,31,2025-02-01,2025-02-28,Autonomo,Percentil 95,Are0012,2141964.25,2022,8
2023-10-09,31,2025-02-01,2025-02-28,Autonomo,Promedio,Are0002,80076768.0,2022,8
2023-10-09,31,2025-02-01,2025-02-28,Coordinado,Promedio,Are0012,5957475.5,2022,8
2023-10-09,31,2025-02-01,2025-02-28,Autonomo,Percentil 5,Are0012,2141964.25,2022,8
2023-10-09,31,2025-02-01,2025-02-28,Coordinado,Percentil 5,Are0056,9020454.0,2022,8
2023-10-09,31,2025-02-01,2025-02-28,Autonomo,Percentil 5,Are0127,513285.71875,2022,8
2023-10-09,31,2025-02-01,2025-02-28,Autonomo,Percentil 95,Are0056,9096900.0,2022,8
2023-10-09,31,2025-02-01,2025-02-28,Coordinado,Percentil 5,Are0002,46570224.0,2022,8
2023-10-09,31,2025-02-01,2025-02-28,Coordinado,Percentil 95,Are0002,46570224.0,2022,8
2023-10-09,31,2025-02-01,2025-02-28,Coordinado,Promedio,Are0127,1055610.375,2022,8
2023-10-09,31,2025-02-01,2025-02-28,Autonomo,Promedio,Are0056,14739572.0,2022,8
2023-10-09,31,2025-02-01,2025-02-28,Autonomo,Promedio,Are0128,31419024.0,2022,8
2023-10-09,31,2025-02-01,2025-02-28,Autonomo,Percentil 95,Are0127,513285.71875,2022,8
2023-10-09,31,2025-02-01,2025-02-28,Coordinado,Percentil 5,Are0128,19099260.0,2022,8
2023-10-10,22,2025-02-01,2025-02-28,Autonomo,Promedio,Are0010,130925536.0,2023,5
2023-10-10,22,2025-02-01,2025-02-28,Autonomo,Percentil 95,Are0056,8464155.0,2023,5
2023-10-10,22,2025-02-01,2025-02-28,Autonomo,Percentil 5,Are0012,1486214.25,2023,5
2023-10-10,22,2025-02-01,2025-02-28,Autonomo,Percentil 5,Are0056,8464155.0,2023,5
2023-10-10,22,2025-02-01,2025-02-28,Coordinado,Percentil 95,Are0128,16474857.0,2023,5
2023-10-10,22,2025-02-01,2025-02-28,Autonomo,Percentil 95,Are0010,201585712.0,2023,5
2023-10-10,22,2025-02-01,2025-02-28,Coordinado,Percentil 5,Are0128,16474857.0,2023,5
2023-10-10,22,2025-02-01,2025-02-28,Autonomo,Promedio,Are0002,78616312.0,2023,5
2023-10-10,22,2025-02-01,2025-02-28,Coordinado,Promedio,Are0056,13939673.0,2023,5
2023-10-10,22,2025-02-01,2025-02-28,Coordinado,Promedio,Are0012,6433078.0,2023,5
2023-10-10,22,2025-02-01,2025-02-28,Coordinado,Percentil 5,Are0127,371678.5625,2023,5
2023-10-10,22,2025-02-01,2025-02-28,Coordinado,Percentil 5,Are0012,1402821.375,2023,5
2023-10-10,22,2025-02-01,2025-02-28,Autonomo,Promedio,Are0056,14005349.0,2023,5
2023-10-10,22,2025-02-01,2025-02-28,Coordinado,Percentil 5,Are0056,8337191.0,2023,5
2023-10-10,22,2025-02-01,2025-02-28,Autonomo,Percentil 95,Are0002,38031888.0,2023,5
2023-10-10,22,2025-02-01,2025-02-28,Coordinado,Percentil 5,Are0002,38022068.0,2023,5
2023-10-10,22,2025-02-01,2025-02-28,Autonomo,Percentil 95,Are0127,373428.5625,2023,5
2023-10-10,22,2025-02-01,2025-02-28,Coordinado,Promedio,Are0127,1397011.5,2023,5
2023-10-10,22,2025-02-01,2025-02-28,Autonomo,Promedio,Are0127,1480062.0,2023,5
2023-10-10,22,2025-02-01,2025-02-28,Coordinado,Percentil 95,Are0010,199500000.0,2023,5
2023-10-10,22,2025-02-01,2025-02-28,Coordinado,Percentil 95,Are0056,8337191.0,2023,5
2023-10-10,22,2025-02-01,2025-02-28,Autonomo,Promedio,Are0012,6555410.5,2023,5
2023-10-10,22,2025-02-01,2025-02-28,Coordinado,Promedio,Are0002,78398264.0,2023,5
2023-10-10,22,2025-02-01,2025-02-28,Coordinado,Promedio,Are0128,30035240.0,2023,5
2023-10-10,22,2025-02-01,2025-02-28,Autonomo,Percentil 5,Are0002,38031888.0,2023,5
2023-10-10,22,2025-02-01,2025-02-28,Autonomo,Percentil 95,Are0128,16203468.0,2023,5
2023-10-10,22,2025-02-01,2025-02-28,Coordinado,Promedio,Are0010,130203248.0,2023,5
2023-10-10,22,2025-02-01,2025-02-28,Coordinado,Percentil 95,Are0012,1402821.375,2023,5
2023-10-10,22,2025-02-01,2025-02-28,Autonomo,Promedio,Are0128,30268470.0,2023,5
2023-10-10,22,2025-02-01,2025-02-28,Coordinado,Percentil 5,Are0010,69517856.0,2023,5
2023-10-10,22,2025-02-01,2025-02-28,Autonomo,Percentil 95,Are0012,1486214.25,2023,5
2023-10-10,22,2025-02-01,2025-02-28,Autonomo,Percentil 5,Are0127,373428.5625,2023,5
2023-10-10,22,2025-02-01,2025-02-28,Coordinado,Percentil 95,Are0127,371678.5625,2023,5
2023-10-10,22,2025-02-01,2025-02-28,Autonomo,Percentil 5,Are0010,70789288.0,2023,5
2023-10-10,22,2025-02-01,2025-02-28,Autonomo,Percentil 5,Are0128,16203468.0,2023,5
2023-10-10,22,2025-02-01,2025-02-28,Coordinado,Percentil 95,Are0002,38022068.0,2023,5
2023-10-10,36,2025-02-01,2025-02-28,Coordinado,Percentil 95,Are0127,490428.5625,2022,3
2023-10-10,36,2025-02-01,2025-02-28,Autonomo,Promedio,Are0010,126857464.0,2022,3
2023-10-10,36,2025-02-01,2025-02-28,Coordinado,Promedio,Are0056,13412822.0,2022,3
2023-10-10,36,2025-02-01,2025-02-28,Coordinado,Percentil 5,Are0010,78335712.0,2022,3
2023-10-10,36,2025-02-01,2025-02-28,Coordinado,Percentil 95,Are0010,203071424.0,2022,3
2023-10-10,36,2025-02-01,2025-02-28,Autonomo,Percentil 95,Are0010,203071424.0,2022,3
2023-10-10,36,2025-02-01,2025-02-28,Coordinado,Percentil 5,Are0012,1441214.25,2022,3
2023-10-10,36,2025-02-01,2025-02-28,Coordinado,Percentil 5,Are0127,490428.5625,2022,3
2023-10-10,36,2025-02-01,2025-02-28,Autonomo,Promedio,Are0002,75860408.0,2022,3
2023-10-10,19,2025-02-01,2025-02-28,Autonomo,Percentil 95,Are0012,1112428.625,2023,8
2023-10-10,19,2025-02-01,2025-02-28,Coordinado,Percentil 5,Are0128,16510050.0,2023,8
2023-10-10,19,2025-02-01,2025-02-28,Coordinado,Percentil 5,Are0056,7919939.5,2023,8
2023-10-10,19,2025-02-01,2025-02-28,Autonomo,Percentil 95,Are0002,42282644.0,2023,8
2023-10-10,19,2025-02-01,2025-02-28,Autonomo,Promedio,Are0002,75707896.0,2023,8
2023-10-10,19,2025-02-01,2025-02-28,Autonomo,Percentil 5,Are0128,15790657.0,2023,8
2023-10-10,19,2025-02-01,2025-02-28,Autonomo,Percentil 5,Are0010,80082144.0,2023,8
2023-10-10,19,2025-02-01,2025-02-28,Autonomo,Percentil 5,Are0012,1112428.625,2023,8
2023-10-10,19,2025-02-01,2025-02-28,Coordinado,Percentil 5,Are0002,42294108.0,2023,8
2023-10-10,19,2025-02-01,2025-02-28,Autonomo,Percentil 5,Are0002,42282644.0,2023,8
2023-10-10,19,2025-02-01,2025-02-28,Autonomo,Percentil 5,Are0056,7791955.5,2023,8
2023-10-10,19,2025-02-01,2025-02-28,Coordinado,Percentil 5,Are0012,1101607.125,2023,8
2023-10-10,19,2025-02-01,2025-02-28,Coordinado,Promedio,Are0002,75616256.0,2023,8
2023-10-10,19,2025-02-01,2025-02-28,Autonomo,Promedio,Are0010,127852640.0,2023,8
2023-10-10,19,2025-02-01,2025-02-28,Autonomo,Percentil 5,Are0127,475285.71875,2023,8
2023-10-10,19,2025-02-01,2025-02-28,Coordinado,Promedio,Are0010,127521896.0,2023,8
2023-10-10,19,2025-02-01,2025-02-28,Coordinado,Promedio,Are0128,30158750.0,2023,8
2023-10-10,19,2025-02-01,2025-02-28,Coordinado,Promedio,Are0056,14685119.0,2023,8
2023-10-10,19,2025-02-01,2025-02-28,Coordinado,Percentil 5,Are0010,80089288.0,2023,8
2023-10-10,19,2025-02-01,2025-02-28,Coordinado,Percentil 95,Are0002,42294108.0,2023,8
2023-10-10,19,2025-02-01,2025-02-28,Coordinado,Percentil 95,Are0056,7919939.5,2023,8
2023-10-10,19,2025-02-01,2025-02-28,Coordinado,Percentil 95,Are0010,188007136.0,2023,8
2023-10-10,19,2025-02-01,2025-02-28,Autonomo,Promedio,Are0012,5782864.5,2023,8
2023-10-10,19,2025-02-01,2025-02-28,Autonomo,Promedio,Are0127,1335663.625,2023,8
2023-10-10,19,2025-02-01,2025-02-28,Autonomo,Promedio,Are0056,14733217.0,2023,8
2023-10-10,19,2025-02-01,2025-02-28,Coordinado,Percentil 95,Are0012,1101607.125,2023,8
2023-10-10,19,2025-02-01,2025-02-28,Coordinado,Percentil 95,Are0127,475285.71875,2023,8
2023-10-10,19,2025-02-01,2025-02-28,Autonomo,Promedio,Are0128,30293018.0,2023,8
2023-10-10,19,2025-02-01,2025-02-28,Autonomo,Percentil 95,Are0127,475285.71875,2023,8
2023-10-10,19,2025-02-01,2025-02-28,Coordinado,Promedio,Are0012,5753100.5,2023,8
2023-10-10,19,2025-02-01,2025-02-28,Coordinado,Percentil 95,Are0128,16510050.0,2023,8
2023-10-10,19,2025-02-01,2025-02-28,Autonomo,Percentil 95,Are0128,15790657.0,2023,8
2023-10-10,19,2025-02-01,2025-02-28,Coordinado,Promedio,Are0127,1308654.25,2023,8
2023-10-10,19,2025-02-01,2025-02-28,Coordinado,Percentil 5,Are0127,475285.71875,2023,8
2023-10-10,19,2025-02-01,2025-02-28,Autonomo,Percentil 95,Are0010,188064288.0,2023,8
2023-10-10,19,2025-02-01,2025-02-28,Autonomo,Percentil 95,Are0056,7791955.5,2023,8
2023-10-10,36,2025-02-01,2025-02-28,Coordinado,Percentil 95,Are0002,45996380.0,2022,3
2023-10-10,36,2025-02-01,2025-02-28,Autonomo,Promedio,Are0056,13612904.0,2022,3
2023-10-10,36,2025-02-01,2025-02-28,Coordinado,Promedio,Are0010,125753896.0,2022,3
2023-10-10,36,2025-02-01,2025-02-28,Coordinado,Percentil 5,Are0056,8117202.0,2022,3
2023-10-10,36,2025-02-01,2025-02-28,Coordinado,Percentil 5,Are0002,45996380.0,2022,3
2023-10-10,36,2025-02-01,2025-02-28,Autonomo,Percentil 5,Are0002,46180736.0,2022,3
2023-10-10,36,2025-02-01,2025-02-28,Coordinado,Promedio,Are0012,6094757.0,2022,3
2023-10-10,36,2025-02-01,2025-02-28,Coordinado,Percentil 5,Are0128,16228725.0,2022,3
2023-10-10,36,2025-02-01,2025-02-28,Autonomo,Percentil 5,Are0056,8227575.0,2022,3
2023-10-10,36,2025-02-01,2025-02-28,Coordinado,Promedio,Are0128,29414546.0,2022,3
2023-10-10,36,2025-02-01,2025-02-28,Autonomo,Percentil 95,Are0012,1495678.625,2022,3
2023-10-10,36,2025-02-01,2025-02-28,Autonomo,Percentil 5,Are0010,78103568.0,2022,3
2023-10-10,36,2025-02-01,2025-02-28,Autonomo,Percentil 5,Are0128,16730121.0,2022,3
2023-10-10,36,2025-02-01,2025-02-28,Autonomo,Percentil 5,Are0012,1495678.625,2022,3
2023-10-10,36,2025-02-01,2025-02-28,Autonomo,Percentil 95,Are0128,16730121.0,2022,3
2023-10-10,36,2025-02-01,2025-02-28,Coordinado,Percentil 95,Are0128,16228725.0,2022,3
2023-10-10,36,2025-02-01,2025-02-28,Autonomo,Percentil 95,Are0002,46180736.0,2022,3
2023-10-10,36,2025-02-01,2025-02-28,Autonomo,Percentil 5,Are0127,575035.6875,2022,3
2023-10-10,36,2025-02-01,2025-02-28,Coordinado,Promedio,Are0127,1287255.75,2022,3
2023-10-10,36,2025-02-01,2025-02-28,Autonomo,Promedio,Are0012,6309895.0,2022,3
2023-10-10,36,2025-02-01,2025-02-28,Autonomo,Percentil 95,Are0127,575035.6875,2022,3
2023-10-10,36,2025-02-01,2025-02-28,Autonomo,Promedio,Are0127,1365938.5,2022,3
2023-10-10,36,2025-02-01,2025-02-28,Coordinado,Percentil 95,Are0056,8117202.0,2022,3
2023-10-10,36,2025-02-01,2025-02-28,Coordinado,Promedio,Are0002,75544568.0,2022,3
2023-10-10,36,2025-02-01,2025-02-28,Autonomo,Promedio,Are0128,29708382.0,2022,3
2023-10-10,36,2025-02-01,2025-02-28,Coordinado,Percentil 95,Are0012,1441214.25,2022,3
2023-10-10,36,2025-02-01,2025-02-28,Autonomo,Percentil 95,Are0056,8227575.0,2022,3
2023-10-10,17,2025-01-01,2025-01-31,Coordinado,Promedio,Are0002,84280896.0,2023,9
2023-10-10,17,2025-01-01,2025-01-31,Autonomo,Promedio,Are0127,1886910.0,2023,9
2023-10-10,17,2025-01-01,2025-01-31,Autonomo,Percentil 5,Are0056,7953856.0,2023,9
2023-10-10,17,2025-01-01,2025-01-31,Coordinado,Promedio,Are0056,14360437.0,2023,9
2023-10-10,17,2025-01-01,2025-01-31,Autonomo,Promedio,Are0010,139888192.0,2023,9
2023-10-10,17,2025-01-01,2025-01-31,Autonomo,Percentil 5,Are0127,620290.3125,2023,9
2023-10-10,17,2025-01-01,2025-01-31,Autonomo,Percentil 95,Are0002,40055332.0,2023,9
2023-10-10,17,2025-01-01,2025-01-31,Coordinado,Percentil 5,Are0012,1418225.75,2023,9
2023-10-10,17,2025-01-01,2025-01-31,Autonomo,Promedio,Are0128,33243178.0,2023,9
2023-10-10,17,2025-01-01,2025-01-31,Autonomo,Percentil 95,Are0012,1450387.125,2023,9
2023-10-10,17,2025-01-01,2025-01-31,Coordinado,Percentil 95,Are0002,40058880.0,2023,9
2023-10-09,29,2025-01-01,2025-01-31,Autonomo,Promedio,Are0128,31807714.0,2022,9
2023-10-09,29,2025-01-01,2025-01-31,Coordinado,Promedio,Are0127,1534224.875,2022,9
2023-10-09,29,2025-01-01,2025-01-31,Coordinado,Percentil 95,Are0056,8217829.0,2022,9
2023-10-09,29,2025-01-01,2025-01-31,Autonomo,Percentil 5,Are0010,90980648.0,2022,9
2023-10-09,29,2025-01-01,2025-01-31,Coordinado,Promedio,Are0128,30647836.0,2022,9
2023-10-09,29,2025-01-01,2025-01-31,Coordinado,Promedio,Are0056,12877652.0,2022,9
2023-10-09,29,2025-01-01,2025-01-31,Autonomo,Percentil 5,Are0002,55040200.0,2022,9
2023-10-09,29,2025-01-01,2025-01-31,Autonomo,Percentil 5,Are0128,18955338.0,2022,9
2023-10-09,29,2025-01-01,2025-01-31,Autonomo,Promedio,Are0002,88279704.0,2022,9
2023-10-09,29,2025-01-01,2025-01-31,Autonomo,Percentil 95,Are0128,18955338.0,2022,9
2023-10-09,29,2025-01-01,2025-01-31,Coordinado,Promedio,Are0002,87794856.0,2022,9
2023-10-09,29,2025-01-01,2025-01-31,Coordinado,Percentil 5,Are0012,1730451.625,2022,9
2023-10-09,29,2025-01-01,2025-01-31,Coordinado,Percentil 5,Are0056,8217829.0,2022,9
2023-10-09,29,2025-01-01,2025-01-31,Autonomo,Percentil 5,Are0127,794161.3125,2022,9
2023-10-09,29,2025-01-01,2025-01-31,Coordinado,Promedio,Are0012,6456699.5,2022,9
2023-10-09,29,2025-01-01,2025-01-31,Autonomo,Promedio,Are0012,6834037.5,2022,9
2023-10-09,29,2025-01-01,2025-01-31,Autonomo,Promedio,Are0127,1971134.875,2022,9
2023-10-09,29,2025-01-01,2025-01-31,Coordinado,Percentil 95,Are0127,649709.6875,2022,9
2023-10-09,29,2025-01-01,2025-01-31,Autonomo,Percentil 95,Are0127,794161.3125,2022,9
2023-10-09,29,2025-01-01,2025-01-31,Coordinado,Percentil 5,Are0002,54478676.0,2022,9
2023-10-09,29,2025-01-01,2025-01-31,Coordinado,Percentil 5,Are0127,649709.6875,2022,9
2023-10-09,29,2025-01-01,2025-01-31,Autonomo,Promedio,Are0010,142221168.0,2022,9
2023-10-10,17,2025-01-01,2025-01-31,Coordinado,Percentil 95,Are0128,19304620.0,2023,9
2023-10-10,17,2025-01-01,2025-01-31,Coordinado,Percentil 5,Are0002,40058880.0,2023,9
2023-10-10,17,2025-01-01,2025-01-31,Autonomo,Percentil 95,Are0127,620290.3125,2023,9
2023-10-10,17,2025-01-01,2025-01-31,Coordinado,Percentil 95,Are0056,7910943.0,2023,9
2023-10-10,17,2025-01-01,2025-01-31,Coordinado,Percentil 5,Are0128,19304620.0,2023,9
2023-10-10,17,2025-01-01,2025-01-31,Coordinado,Promedio,Are0012,6105597.0,2023,9
2023-10-10,17,2025-01-01,2025-01-31,Autonomo,Percentil 5,Are0012,1450387.125,2023,9
2023-10-10,17,2025-01-01,2025-01-31,Coordinado,Promedio,Are0010,139825456.0,2023,9
2023-10-10,17,2025-01-01,2025-01-31,Coordinado,Percentil 5,Are0010,74325808.0,2023,9
2023-10-10,17,2025-01-01,2025-01-31,Coordinado,Percentil 5,Are0127,564000.0,2023,9
2023-10-10,17,2025-01-01,2025-01-31,Coordinado,Percentil 95,Are0010,194093552.0,2023,9
2023-10-10,17,2025-01-01,2025-01-31,Autonomo,Percentil 95,Are0128,19069616.0,2023,9
2023-10-10,17,2025-01-01,2025-01-31,Autonomo,Percentil 95,Are0010,194825808.0,2023,9
2023-10-10,17,2025-01-01,2025-01-31,Coordinado,Percentil 95,Are0012,1418225.75,2023,9
2023-10-10,17,2025-01-01,2025-01-31,Autonomo,Percentil 5,Are0128,19069616.0,2023,9
2023-10-10,17,2025-01-01,2025-01-31,Autonomo,Promedio,Are0002,84264816.0,2023,9
2023-10-09,34,2025-01-01,2025-01-31,Coordinado,Promedio,Are0012,6757213.5,2022,4
2023-10-09,34,2025-01-01,2025-01-31,Autonomo,Percentil 95,Are0012,2336225.75,2022,4
2023-10-09,34,2025-01-01,2025-01-31,Coordinado,Percentil 95,Are0002,52369380.0,2022,4
2023-10-09,34,2025-01-01,2025-01-31,Coordinado,Percentil 95,Are0012,2304225.75,2022,4
2023-10-09,34,2025-01-01,2025-01-31,Coordinado,Promedio,Are0010,140619520.0,2022,4
2023-10-09,34,2025-01-01,2025-01-31,Coordinado,Percentil 5,Are0128,19351648.0,2022,4
2023-10-09,34,2025-01-01,2025-01-31,Coordinado,Percentil 95,Are0010,209777424.0,2022,4
2023-10-09,34,2025-01-01,2025-01-31,Coordinado,Promedio,Are0127,1619875.75,2022,4
2023-10-09,34,2025-01-01,2025-01-31,Coordinado,Percentil 5,Are0002,52369380.0,2022,4
2023-10-10,17,2025-01-01,2025-01-31,Coordinado,Promedio,Are0128,33194556.0,2023,9
2023-10-10,17,2025-01-01,2025-01-31,Autonomo,Promedio,Are0056,14376749.0,2023,9
2023-10-10,17,2025-01-01,2025-01-31,Autonomo,Percentil 95,Are0056,7953856.0,2023,9
2023-10-10,17,2025-01-01,2025-01-31,Coordinado,Promedio,Are0127,1883916.5,2023,9
2023-10-10,17,2025-01-01,2025-01-31,Autonomo,Percentil 5,Are0002,40055332.0,2023,9
2023-10-10,17,2025-01-01,2025-01-31,Coordinado,Percentil 5,Are0056,7910943.0,2023,9
2023-10-10,17,2025-01-01,2025-01-31,Autonomo,Promedio,Are0012,6116466.0,2023,9
2023-10-10,17,2025-01-01,2025-01-31,Autonomo,Percentil 5,Are0010,74351616.0,2023,9
2023-10-10,17,2025-01-01,2025-01-31,Coordinado,Percentil 95,Are0127,564000.0,2023,9
2023-10-09,33,2025-01-01,2025-01-31,Autonomo,Percentil 5,Are0010,85358064.0,2022,5
2023-10-09,33,2025-01-01,2025-01-31,Autonomo,Percentil 5,Are0127,851032.25,2022,5
2023-10-09,33,2025-01-01,2025-01-31,Coordinado,Promedio,Are0010,135456032.0,2022,5
2023-10-09,33,2025-01-01,2025-01-31,Coordinado,Percentil 5,Are0127,773580.625,2022,5
2023-10-09,33,2025-01-01,2025-01-31,Coordinado,Percentil 95,Are0127,773580.625,2022,5
2023-10-09,33,2025-01-01,2025-01-31,Autonomo,Promedio,Are0128,31906566.0,2022,5
2023-10-09,33,2025-01-01,2025-01-31,Autonomo,Promedio,Are0127,1990784.5,2022,5
2023-10-09,33,2025-01-01,2025-01-31,Autonomo,Percentil 5,Are0012,1999871.0,2022,5
2023-10-09,33,2025-01-01,2025-01-31,Autonomo,Percentil 95,Are0010,209767744.0,2022,5
2023-10-09,33,2025-01-01,2025-01-31,Coordinado,Promedio,Are0002,83989336.0,2022,5
2023-10-09,33,2025-01-01,2025-01-31,Coordinado,Percentil 5,Are0002,51241576.0,2022,5
2023-10-09,33,2025-01-01,2025-01-31,Autonomo,Percentil 5,Are0002,51773480.0,2022,5
2023-10-09,33,2025-01-01,2025-01-31,Coordinado,Promedio,Are0056,12795901.0,2022,5
2023-10-09,33,2025-01-01,2025-01-31,Autonomo,Percentil 5,Are0128,20285662.0,2022,5
2023-10-09,33,2025-01-01,2025-01-31,Autonomo,Promedio,Are0002,84541392.0,2022,5
2023-10-09,33,2025-01-01,2025-01-31,Coordinado,Promedio,Are0128,30737956.0,2022,5
2023-10-09,33,2025-01-01,2025-01-31,Autonomo,Promedio,Are0010,138434224.0,2022,5
2023-10-09,33,2025-01-01,2025-01-31,Autonomo,Percentil 95,Are0056,7981945.0,2022,5
2023-10-25,16,2025-01-01,2025-01-31,Autonomo,Percentil 5,Are0127,753806.4375,2023,10
2023-10-25,16,2025-01-01,2025-01-31,Coordinado,Percentil 5,Are0127,725967.75,2023,10
2023-10-25,16,2025-01-01,2025-01-31,Coordinado,Promedio,Are0012,6836591.5,2023,10
2023-10-25,16,2025-01-01,2025-01-31,Autonomo,Percentil 5,Are0128,20558368.0,2023,10
2023-10-25,16,2025-01-01,2025-01-31,Coordinado,Percentil 95,Are0127,725967.75,2023,10
2023-10-25,16,2025-01-01,2025-01-31,Coordinado,Percentil 5,Are0010,84503224.0,2023,10
2023-10-25,16,2025-01-01,2025-01-31,Coordinado,Promedio,Are0002,84562712.0,2023,10
2023-10-25,16,2025-01-01,2025-01-31,Coordinado,Percentil 5,Are0128,20263410.0,2023,10
2023-10-25,16,2025-01-01,2025-01-31,Autonomo,Percentil 5,Are0056,8023634.5,2023,10
2023-10-25,16,2025-01-01,2025-01-31,Autonomo,Promedio,Are0010,141115328.0,2023,10
2023-10-25,16,2025-01-01,2025-01-31,Coordinado,Percentil 95,Are0010,208016128.0,2023,10
2023-10-25,16,2025-01-01,2025-01-31,Coordinado,Percentil 95,Are0128,20263410.0,2023,10
2023-10-25,16,2025-01-01,2025-01-31,Autonomo,Percentil 5,Are0012,1590290.375,2023,10
2023-10-25,16,2025-01-01,2025-01-31,Autonomo,Promedio,Are0002,84554024.0,2023,10
2023-10-25,16,2025-01-01,2025-01-31,Coordinado,Percentil 5,Are0002,44558776.0,2023,10
2023-10-25,16,2025-01-01,2025-01-31,Autonomo,Promedio,Are0056,14356926.0,2023,10
2023-10-25,16,2025-01-01,2025-01-31,Coordinado,Percentil 95,Are0056,8012467.0,2023,10
2023-10-25,16,2025-01-01,2025-01-31,Coordinado,Promedio,Are0010,140970672.0,2023,10
2023-10-25,16,2025-01-01,2025-01-31,Autonomo,Percentil 95,Are0128,20558368.0,2023,10
2023-10-25,16,2025-01-01,2025-01-31,Autonomo,Percentil 5,Are0010,84338712.0,2023,10
2023-10-25,16,2025-01-01,2025-01-31,Autonomo,Percentil 95,Are0127,753806.4375,2023,10
2023-10-25,16,2025-01-01,2025-01-31,Autonomo,Promedio,Are0127,1863991.25,2023,10
2023-10-25,16,2025-01-01,2025-01-31,Coordinado,Promedio,Are0127,1827920.0,2023,10
2023-10-25,16,2025-01-01,2025-01-31,Autonomo,Percentil 95,Are0010,207912896.0,2023,10
2023-10-25,16,2025-01-01,2025-01-31,Coordinado,Percentil 95,Are0012,1713258.125,2023,10
2023-10-25,16,2025-01-01,2025-01-31,Coordinado,Percentil 95,Are0002,44558776.0,2023,10
2023-10-25,16,2025-01-01,2025-01-31,Autonomo,Promedio,Are0128,33513970.0,2023,10
2023-10-25,16,2025-01-01,2025-01-31,Coordinado,Percentil 5,Are0012,1713258.125,2023,10
2023-10-25,16,2025-01-01,2025-01-31,Coordinado,Promedio,Are0128,33390164.0,2023,10
2023-10-25,16,2025-01-01,2025-01-31,Autonomo,Percentil 95,Are0056,8023634.5,2023,10
2023-10-25,16,2025-01-01,2025-01-31,Autonomo,Percentil 95,Are0012,1590290.375,2023,10
2023-10-25,16,2025-01-01,2025-01-31,Autonomo,Percentil 95,Are0002,44561776.0,2023,10
2023-10-25,16,2025-01-01,2025-01-31,Coordinado,Percentil 5,Are0056,8012467.0,2023,10
2023-10-25,16,2025-01-01,2025-01-31,Autonomo,Promedio,Are0012,6826479.5,2023,10
2023-10-25,16,2025-01-01,2025-01-31,Coordinado,Promedio,Are0056,14353311.0,2023,10
2023-10-25,16,2025-01-01,2025-01-31,Autonomo,Percentil 5,Are0002,44561776.0,2023,10
2023-10-09,29,2025-01-01,2025-01-31,Autonomo,Percentil 95,Are0002,55040200.0,2022,9
2023-10-09,29,2025-01-01,2025-01-31,Coordinado,Percentil 95,Are0128,18169242.0,2022,9
2023-10-09,29,2025-01-01,2025-01-31,Autonomo,Percentil 5,Are0012,1789451.625,2022,9
2023-10-09,29,2025-01-01,2025-01-31,Coordinado,Percentil 95,Are0012,1730451.625,2022,9
2023-10-09,29,2025-01-01,2025-01-31,Autonomo,Percentil 5,Are0056,8501990.0,2022,9
2023-10-09,29,2025-01-01,2025-01-31,Autonomo,Percentil 95,Are0012,1789451.625,2022,9
2023-10-09,29,2025-01-01,2025-01-31,Autonomo,Percentil 95,Are0010,197377424.0,2022,9
2023-10-09,29,2025-01-01,2025-01-31,Coordinado,Promedio,Are0010,139311296.0,2022,9
2023-10-09,29,2025-01-01,2025-01-31,Autonomo,Percentil 95,Are0056,8501990.0,2022,9
2023-10-09,29,2025-01-01,2025-01-31,Coordinado,Percentil 95,Are0002,54478676.0,2022,9
2023-10-09,29,2025-01-01,2025-01-31,Coordinado,Percentil 95,Are0010,193790320.0,2022,9
2023-10-09,29,2025-01-01,2025-01-31,Coordinado,Percentil 5,Are0010,88709680.0,2022,9
2023-10-09,29,2025-01-01,2025-01-31,Autonomo,Promedio,Are0056,13328448.0,2022,9
2023-10-09,29,2025-01-01,2025-01-31,Coordinado,Percentil 5,Are0128,18169242.0,2022,9
2024-06-16,8,2025-01-01,2025-01-31,Autonomo,Percentil 95,Are0010,276922592.0,2024,6
2024-06-16,8,2025-01-01,2025-01-31,Autonomo,Percentil 95,Are0128,14635426.0,2024,6
2024-06-16,8,2025-01-01,2025-01-31,Autonomo,Percentil 5,Are0056,6331835.5,2024,6
2024-06-16,8,2025-01-01,2025-01-31,Autonomo,Percentil 5,Are0012,1358645.125,2024,6
2024-06-16,8,2025-01-01,2025-01-31,Autonomo,Promedio,Are0127,1942182.625,2024,6
2024-06-16,8,2025-01-01,2025-01-31,Autonomo,Percentil 5,Are0010,59000000.0,2024,6
2024-06-16,8,2025-01-01,2025-01-31,Autonomo,Percentil 5,Are0128,14635426.0,2024,6
2024-06-16,8,2025-01-01,2025-01-31,Autonomo,Percentil 5,Are0002,34708172.0,2024,6
2024-06-16,8,2025-01-01,2025-01-31,Autonomo,Promedio,Are0010,139995680.0,2024,6
2024-06-16,8,2025-01-01,2025-01-31,Autonomo,Promedio,Are0128,34573676.0,2024,6
2024-06-16,8,2025-01-01,2025-01-31,Autonomo,Promedio,Are0056,14010861.0,2024,6
2024-06-16,8,2025-01-01,2025-01-31,Autonomo,Promedio,Are0012,6732075.5,2024,6
2024-06-16,8,2025-01-01,2025-01-31,Autonomo,Promedio,Are0002,82736960.0,2024,6
2024-12-16,2,2025-01-01,2025-01-31,Autonomo,Percentil 95,Are0127,519258.0625,2024,12
2024-12-16,2,2025-01-01,2025-01-31,Autonomo,Percentil 5,Are0127,519258.0625,2024,12
2024-12-16,2,2025-01-01,2025-01-31,Autonomo,Promedio,Are0127,1732520.625,2024,12
2024-12-16,2,2025-01-01,2025-01-31,Autonomo,Percentil 95,Are0010,224654832.0,2024,12
2024-12-16,2,2025-01-01,2025-01-31,Autonomo,Percentil 5,Are0010,58406452.0,2024,12
2024-12-16,2,2025-01-01,2025-01-31,Autonomo,Promedio,Are0010,109649320.0,2024,12
2024-12-16,2,2025-01-01,2025-01-31,Autonomo,Percentil 95,Are0128,12860939.0,2024,12
2024-12-16,2,2025-01-01,2025-01-31,Autonomo,Percentil 5,Are0128,12860939.0,2024,12
2024-12-16,2,2025-01-01,2025-01-31,Autonomo,Promedio,Are0128,26463114.0,2024,12
2024-12-16,2,2025-01-01,2025-01-31,Autonomo,Percentil 95,Are0056,8253364.5,2024,12
2024-12-16,2,2025-01-01,2025-01-31,Autonomo,Percentil 5,Are0056,8253364.5,2024,12
2024-12-16,2,2025-01-01,2025-01-31,Autonomo,Promedio,Are0056,15544678.0,2024,12
2024-12-16,2,2025-01-01,2025-01-31,Autonomo,Percentil 95,Are0012,1411032.25,2024,12
2024-12-16,2,2025-01-01,2025-01-31,Autonomo,Percentil 5,Are0012,1411032.25,2024,12
2024-12-16,2,2025-01-01,2025-01-31,Autonomo,Promedio,Are0012,5408520.5,2024,12
2024-12-16,2,2025-01-01,2025-01-31,Autonomo,Percentil 95,Are0002,30971870.0,2024,12
2024-12-16,2,2025-01-01,2025-01-31,Autonomo,Percentil 5,Are0002,30971870.0,2024,12
2024-12-16,2,2025-01-01,2025-01-31,Autonomo,Promedio,Are0002,60500460.0,2024,12
2024-05-16,9,2025-01-01,2025-01-31,Autonomo,Percentil 95,Are0127,398645.15625,2024,5
2024-05-16,9,2025-01-01,2025-01-31,Autonomo,Percentil 5,Are0127,398645.15625,2024,5
2024-05-16,9,2025-01-01,2025-01-31,Autonomo,Promedio,Are0127,1752244.5,2024,5
2024-05-16,9,2025-01-01,2025-01-31,Autonomo,Percentil 95,Are0010,209096768.0,2024,5
2024-05-16,9,2025-01-01,2025-01-31,Autonomo,Percentil 5,Are0010,56154840.0,2024,5
2024-05-16,9,2025-01-01,2025-01-31,Autonomo,Promedio,Are0010,130698352.0,2024,5
2024-05-16,9,2025-01-01,2025-01-31,Autonomo,Percentil 95,Are0128,12845365.0,2024,5
2024-05-16,9,2025-01-01,2025-01-31,Autonomo,Percentil 5,Are0128,12845365.0,2024,5
2024-05-16,9,2025-01-01,2025-01-31,Autonomo,Promedio,Are0128,32248518.0,2024,5
2024-05-16,9,2025-01-01,2025-01-31,Autonomo,Percentil 95,Are0056,5999945.0,2024,5
2024-05-16,9,2025-01-01,2025-01-31,Autonomo,Percentil 5,Are0056,5999945.0,2024,5
2024-05-16,9,2025-01-01,2025-01-31,Autonomo,Promedio,Are0056,13335726.0,2024,5
2024-05-16,9,2025-01-01,2025-01-31,Autonomo,Percentil 95,Are0012,1358645.125,2024,5
2024-05-16,9,2025-01-01,2025-01-31,Autonomo,Percentil 5,Are0012,1358645.125,2024,5
2024-05-16,9,2025-01-01,2025-01-31,Autonomo,Promedio,Are0012,6208724.0,2024,5
2024-05-16,9,2025-01-01,2025-01-31,Autonomo,Percentil 95,Are0002,31547892.0,2024,5
2024-05-16,9,2025-01-01,2025-01-31,Autonomo,Percentil 5,Are0002,31547892.0,2024,5
2024-05-16,9,2025-01-01,2025-01-31,Autonomo,Promedio,Are0002,77153056.0,2024,5
2024-01-15,14,2025-01-01,2025-01-31,Autonomo,Percentil 95,Are0127,752935.5,2023,12
2024-01-15,14,2025-01-01,2025-01-31,Autonomo,Percentil 5,Are0127,752935.5,2023,12
2024-01-15,14,2025-01-01,2025-01-31,Autonomo,Promedio,Are0127,1965074.875,2023,12
2024-01-15,14,2025-01-01,2025-01-31,Autonomo,Percentil 95,Are0010,200751616.0,2023,12
2024-01-15,14,2025-01-01,2025-01-31,Autonomo,Percentil 5,Are0010,77977416.0,2023,12
2024-01-15,14,2025-01-01,2025-01-31,Autonomo,Promedio,Are0010,138026000.0,2023,12
2024-01-15,14,2025-01-01,2025-01-31,Autonomo,Percentil 95,Are0128,19518068.0,2023,12
2024-01-15,14,2025-01-01,2025-01-31,Autonomo,Percentil 5,Are0128,19518068.0,2023,12
2024-01-15,14,2025-01-01,2025-01-31,Autonomo,Promedio,Are0128,32735382.0,2023,12
2024-01-15,14,2025-01-01,2025-01-31,Autonomo,Percentil 95,Are0056,7067942.0,2023,12
2024-01-15,14,2025-01-01,2025-01-31,Autonomo,Percentil 5,Are0056,7067942.0,2023,12
2024-01-15,14,2025-01-01,2025-01-31,Autonomo,Promedio,Are0056,13595528.0,2023,12
2024-01-15,14,2025-01-01,2025-01-31,Autonomo,Percentil 95,Are0012,1479935.5,2023,12
2024-01-15,14,2025-01-01,2025-01-31,Autonomo,Percentil 5,Are0012,1479935.5,2023,12
2024-01-15,14,2025-01-01,2025-01-31,Autonomo,Promedio,Are0012,6240054.0,2023,12
2024-01-15,14,2025-01-01,2025-01-31,Autonomo,Percentil 95,Are0002,45840188.0,2023,12
2024-01-15,14,2025-01-01,2025-01-31,Autonomo,Percentil 5,Are0002,45840188.0,2023,12
2024-01-15,14,2025-01-01,2025-01-31,Autonomo,Promedio,Are0002,83489736.0,2023,12
2023-10-09,34,2025-01-01,2025-01-31,Coordinado,Percentil 5,Are0127,695258.0625,2022,4
2023-10-09,34,2025-01-01,2025-01-31,Autonomo,Percentil 95,Are0056,8163767.5,2022,4
2023-10-09,34,2025-01-01,2025-01-31,Coordinado,Percentil 5,Are0012,2304225.75,2022,4
2023-10-09,34,2025-01-01,2025-01-31,Coordinado,Promedio,Are0056,13262891.0,2022,4
2023-10-09,34,2025-01-01,2025-01-31,Autonomo,Percentil 5,Are0128,19764122.0,2022,4
2023-10-09,34,2025-01-01,2025-01-31,Autonomo,Promedio,Are0012,7039532.5,2022,4
2023-10-09,34,2025-01-01,2025-01-31,Coordinado,Percentil 5,Are0010,85648384.0,2022,4
2023-10-09,34,2025-01-01,2025-01-31,Autonomo,Percentil 5,Are0056,8163767.5,2022,4
2023-10-09,34,2025-01-01,2025-01-31,Autonomo,Percentil 5,Are0012,2336225.75,2022,4
2023-10-09,34,2025-01-01,2025-01-31,Autonomo,Promedio,Are0002,87075200.0,2022,4
2023-10-09,34,2025-01-01,2025-01-31,Coordinado,Promedio,Are0128,32485124.0,2022,4
2023-10-09,34,2025-01-01,2025-01-31,Autonomo,Promedio,Are0056,13631276.0,2022,4
2023-10-09,34,2025-01-01,2025-01-31,Autonomo,Promedio,Are0128,33424118.0,2022,4
2023-10-09,34,2025-01-01,2025-01-31,Autonomo,Promedio,Are0127,2122316.25,2022,4
2023-10-09,34,2025-01-01,2025-01-31,Autonomo,Promedio,Are0010,143292256.0,2022,4
2023-10-09,34,2025-01-01,2025-01-31,Coordinado,Percentil 95,Are0128,19351648.0,2022,4
2023-10-09,34,2025-01-01,2025-01-31,Coordinado,Percentil 5,Are0056,7859806.5,2022,4
2023-10-09,34,2025-01-01,2025-01-31,Coordinado,Percentil 95,Are0127,695258.0625,2022,4
2023-10-09,34,2025-01-01,2025-01-31,Autonomo,Percentil 95,Are0002,52566992.0,2022,4
2023-10-09,34,2025-01-01,2025-01-31,Autonomo,Percentil 95,Are0127,815580.625,2022,4
2023-10-09,34,2025-01-01,2025-01-31,Coordinado,Percentil 95,Are0056,7859806.5,2022,4
2023-10-09,34,2025-01-01,2025-01-31,Autonomo,Percentil 5,Are0002,52566992.0,2022,4
2023-10-09,34,2025-01-01,2025-01-31,Autonomo,Percentil 5,Are0127,815580.625,2022,4
2023-10-09,34,2025-01-01,2025-01-31,Autonomo,Percentil 95,Are0010,214235488.0,2022,4
2023-10-09,34,2025-01-01,2025-01-31,Autonomo,Percentil 5,Are0010,87329032.0,2022,4
2023-10-09,34,2025-01-01,2025-01-31,Autonomo,Percentil 95,Are0128,19764122.0,2022,4
2023-10-09,34,2025-01-01,2025-01-31,Coordinado,Promedio,Are0002,86494336.0,2022,4
2024-03-20,11,2025-01-01,2025-01-31,Autonomo,Percentil 95,Are0127,518774.1875,2024,3
2024-03-20,11,2025-01-01,2025-01-31,Autonomo,Percentil 5,Are0127,518774.1875,2024,3
2024-03-20,11,2025-01-01,2025-01-31,Autonomo,Promedio,Are0127,1820362.25,2024,3
2024-03-20,11,2025-01-01,2025-01-31,Autonomo,Percentil 95,Are0010,229348384.0,2024,3
2024-03-20,11,2025-01-01,2025-01-31,Autonomo,Percentil 5,Are0010,72406448.0,2024,3
2024-03-20,11,2025-01-01,2025-01-31,Autonomo,Promedio,Are0010,136556000.0,2024,3
2024-03-20,11,2025-01-01,2025-01-31,Autonomo,Percentil 95,Are0128,17125988.0,2024,3
2024-03-20,11,2025-01-01,2025-01-31,Autonomo,Percentil 5,Are0128,17125988.0,2024,3
2024-03-20,11,2025-01-01,2025-01-31,Autonomo,Promedio,Are0128,33068020.0,2024,3
2024-03-20,11,2025-01-01,2025-01-31,Autonomo,Percentil 95,Are0056,5646706.5,2024,3
2024-03-20,11,2025-01-01,2025-01-31,Autonomo,Percentil 5,Are0056,5646706.5,2024,3
2024-03-20,11,2025-01-01,2025-01-31,Autonomo,Promedio,Are0056,13496138.0,2024,3
2024-03-20,11,2025-01-01,2025-01-31,Autonomo,Percentil 95,Are0012,1572677.375,2024,3
2024-03-20,11,2025-01-01,2025-01-31,Autonomo,Percentil 5,Are0012,1572677.375,2024,3
2024-03-20,11,2025-01-01,2025-01-31,Autonomo,Promedio,Are0012,6839175.0,2024,3
2024-03-20,11,2025-01-01,2025-01-31,Autonomo,Percentil 95,Are0002,40689396.0,2024,3
2024-03-20,11,2025-01-01,2025-01-31,Autonomo,Percentil 5,Are0002,40689396.0,2024,3
2024-03-20,11,2025-01-01,2025-01-31,Autonomo,Promedio,Are0002,81332336.0,2024,3
2024-11-15,3,2025-01-01,2025-01-31,Autonomo,Percentil 95,Are0127,518774.1875,2024,11
2024-11-15,3,2025-01-01,2025-01-31,Autonomo,Percentil 5,Are0127,518774.1875,2024,11
2024-11-15,3,2025-01-01,2025-01-31,Autonomo,Promedio,Are0127,1718115.75,2024,11
2024-11-15,3,2025-01-01,2025-01-31,Autonomo,Percentil 95,Are0010,246070960.0,2024,11
2024-11-15,3,2025-01-01,2025-01-31,Autonomo,Percentil 5,Are0010,58748388.0,2024,11
2024-11-15,3,2025-01-01,2025-01-31,Autonomo,Promedio,Are0010,111254648.0,2024,11
2024-11-15,3,2025-01-01,2025-01-31,Autonomo,Percentil 95,Are0128,13156487.0,2024,11
2024-11-15,3,2025-01-01,2025-01-31,Autonomo,Percentil 5,Are0128,13156487.0,2024,11
2024-11-15,3,2025-01-01,2025-01-31,Autonomo,Promedio,Are0128,27687260.0,2024,11
2024-11-15,3,2025-01-01,2025-01-31,Autonomo,Percentil 95,Are0056,5607987.0,2024,11
2024-11-15,3,2025-01-01,2025-01-31,Autonomo,Percentil 5,Are0056,5607987.0,2024,11
2024-11-15,3,2025-01-01,2025-01-31,Autonomo,Promedio,Are0056,12659337.0,2024,11
2024-11-15,3,2025-01-01,2025-01-31,Autonomo,Percentil 95,Are0012,1451129.0,2024,11
2024-11-15,3,2025-01-01,2025-01-31,Autonomo,Percentil 5,Are0012,1451129.0,2024,11
2024-11-15,3,2025-01-01,2025-01-31,Autonomo,Promedio,Are0012,4715699.0,2024,11
2024-11-15,3,2025-01-01,2025-01-31,Autonomo,Percentil 95,Are0002,33820324.0,2024,11
2024-11-15,3,2025-01-01,2025-01-31,Autonomo,Percentil 5,Are0002,33820324.0,2024,11
2024-11-15,3,2025-01-01,2025-01-31,Autonomo,Promedio,Are0002,64474280.0,2024,11
2024-06-16,8,2025-01-01,2025-01-31,Autonomo,Percentil 95,Are0127,679193.5625,2024,6
2024-06-16,8,2025-01-01,2025-01-31,Autonomo,Percentil 95,Are0056,6331835.5,2024,6
2024-06-16,8,2025-01-01,2025-01-31,Autonomo,Percentil 95,Are0012,1358645.125,2024,6
2024-06-16,8,2025-01-01,2025-01-31,Autonomo,Percentil 95,Are0002,34708172.0,2024,6
2024-06-16,8,2025-01-01,2025-01-31,Autonomo,Percentil 5,Are0127,679193.5625,2024,6
2023-10-10,18,2025-01-01,2025-01-31,Coordinado,Promedio,Are0002,85733584.0,2023,8
2023-10-10,18,2025-01-01,2025-01-31,Coordinado,Percentil 5,Are0010,84283872.0,2023,8
2023-10-10,18,2025-01-01,2025-01-31,Coordinado,Percentil 95,Are0002,50522120.0,2023,8
2023-10-10,18,2025-01-01,2025-01-31,Coordinado,Promedio,Are0010,140547872.0,2023,8
2023-10-09,37,2025-01-01,2025-01-31,Coordinado,Percentil 95,Are0002,42735560.0,2022,1
2023-10-09,37,2025-01-01,2025-01-31,Autonomo,Percentil 5,Are0002,42848560.0,2022,1
2023-10-09,37,2025-01-01,2025-01-31,Autonomo,Promedio,Are0002,82794112.0,2022,1
2023-10-09,37,2025-01-01,2025-01-31,Coordinado,Percentil 95,Are0010,217841936.0,2022,1
2023-10-09,37,2025-01-01,2025-01-31,Autonomo,Percentil 5,Are0010,73712904.0,2022,1
2023-10-09,37,2025-01-01,2025-01-31,Coordinado,Percentil 5,Are0128,17284074.0,2022,1
2023-10-09,37,2025-01-01,2025-01-31,Autonomo,Percentil 5,Are0012,1667677.375,2022,1
2023-10-09,37,2025-01-01,2025-01-31,Coordinado,Percentil 5,Are0010,72383872.0,2022,1
2023-10-09,37,2025-01-01,2025-01-31,Coordinado,Promedio,Are0002,82579488.0,2022,1
2023-10-09,37,2025-01-01,2025-01-31,Autonomo,Promedio,Are0127,1907638.125,2022,1
2023-10-09,37,2025-01-01,2025-01-31,Coordinado,Promedio,Are0012,6288802.5,2022,1
2023-10-09,37,2025-01-01,2025-01-31,Coordinado,Percentil 95,Are0012,1557871.0,2022,1
2023-10-09,37,2025-01-01,2025-01-31,Autonomo,Percentil 95,Are0127,685000.0,2022,1
2023-10-09,37,2025-01-01,2025-01-31,Coordinado,Percentil 5,Are0012,1557871.0,2022,1
2023-10-09,37,2025-01-01,2025-01-31,Autonomo,Promedio,Are0128,31233028.0,2022,1
2023-10-09,37,2025-01-01,2025-01-31,Autonomo,Percentil 5,Are0056,7888119.5,2022,1
2023-10-09,37,2025-01-01,2025-01-31,Coordinado,Promedio,Are0010,134465040.0,2022,1
2023-10-09,37,2025-01-01,2025-01-31,Coordinado,Promedio,Are0056,13523453.0,2022,1
2023-10-09,37,2025-01-01,2025-01-31,Coordinado,Promedio,Are0128,30396410.0,2022,1
2023-10-09,37,2025-01-01,2025-01-31,Coordinado,Percentil 5,Are0056,7574916.0,2022,1
2023-10-09,37,2025-01-01,2025-01-31,Autonomo,Promedio,Are0012,6407491.5,2022,1
2023-10-09,37,2025-01-01,2025-01-31,Coordinado,Percentil 95,Are0128,17284074.0,2022,1
2023-10-09,37,2025-01-01,2025-01-31,Coordinado,Percentil 95,Are0056,7574916.0,2022,1
2023-10-09,37,2025-01-01,2025-01-31,Autonomo,Percentil 95,Are0012,1667677.375,2022,1
2023-10-09,37,2025-01-01,2025-01-31,Autonomo,Percentil 95,Are0010,220445168.0,2022,1
2023-10-09,37,2025-01-01,2025-01-31,Coordinado,Percentil 5,Are0127,584096.75,2022,1
2023-10-09,37,2025-01-01,2025-01-31,Coordinado,Percentil 95,Are0127,584096.75,2022,1
2023-10-09,37,2025-01-01,2025-01-31,Autonomo,Promedio,Are0056,13877282.0,2022,1
2023-10-09,37,2025-01-01,2025-01-31,Autonomo,Percentil 95,Are0128,17632880.0,2022,1
2023-10-09,37,2025-01-01,2025-01-31,Autonomo,Percentil 95,Are0056,7888119.5,2022,1
2023-10-09,37,2025-01-01,2025-01-31,Coordinado,Promedio,Are0127,1677043.25,2022,1
2023-10-09,37,2025-01-01,2025-01-31,Autonomo,Percentil 5,Are0128,17632880.0,2022,1
2023-10-09,37,2025-01-01,2025-01-31,Autonomo,Promedio,Are0010,136219616.0,2022,1
2023-10-09,37,2025-01-01,2025-01-31,Autonomo,Percentil 95,Are0002,42848560.0,2022,1
2023-10-09,37,2025-01-01,2025-01-31,Coordinado,Percentil 5,Are0002,42735560.0,2022,1
2023-10-09,37,2025-01-01,2025-01-31,Autonomo,Percentil 5,Are0127,685000.0,2022,1
2023-10-10,22,2025-01-01,2025-01-31,Coordinado,Percentil 95,Are0128,16843880.0,2023,4
2023-10-10,22,2025-01-01,2025-01-31,Autonomo,Percentil 95,Are0128,16965388.0,2023,4
2023-10-10,22,2025-01-01,2025-01-31,Autonomo,Percentil 95,Are0127,617967.75,2023,4
2023-10-10,22,2025-01-01,2025-01-31,Autonomo,Promedio,Are0012,6679505.5,2023,4
2023-10-10,22,2025-01-01,2025-01-31,Autonomo,Percentil 5,Are0012,2365967.75,2023,4
2023-10-10,22,2025-01-01,2025-01-31,Coordinado,Percentil 5,Are0128,16843880.0,2023,4
2023-10-10,22,2025-01-01,2025-01-31,Coordinado,Percentil 95,Are0056,8137238.0,2023,4
2023-10-10,22,2025-01-01,2025-01-31,Coordinado,Percentil 5,Are0056,8137238.0,2023,4
2023-10-10,22,2025-01-01,2025-01-31,Coordinado,Promedio,Are0002,88061352.0,2023,4
2023-10-10,22,2025-01-01,2025-01-31,Coordinado,Percentil 5,Are0002,43273764.0,2023,4
2023-10-10,22,2025-01-01,2025-01-31,Coordinado,Percentil 95,Are0127,598032.25,2023,4
2023-10-10,22,2025-01-01,2025-01-31,Autonomo,Percentil 95,Are0012,2365967.75,2023,4
2023-10-10,22,2025-01-01,2025-01-31,Autonomo,Percentil 5,Are0002,43414576.0,2023,4
2023-10-10,22,2025-01-01,2025-01-31,Coordinado,Promedio,Are0128,31834288.0,2023,4
2023-10-10,22,2025-01-01,2025-01-31,Coordinado,Promedio,Are0127,2007016.75,2023,4
2023-10-10,22,2025-01-01,2025-01-31,Autonomo,Promedio,Are0128,31989408.0,2023,4
2023-10-10,22,2025-01-01,2025-01-31,Coordinado,Percentil 5,Are0127,598032.25,2023,4
2023-10-10,22,2025-01-01,2025-01-31,Autonomo,Percentil 95,Are0002,43414576.0,2023,4
2023-10-10,22,2025-01-01,2025-01-31,Coordinado,Percentil 95,Are0012,2365967.75,2023,4
2023-10-10,22,2025-01-01,2025-01-31,Coordinado,Percentil 5,Are0010,77803224.0,2023,4
2023-10-10,22,2025-01-01,2025-01-31,Autonomo,Percentil 95,Are0056,8157486.5,2023,4
2023-10-10,22,2025-01-01,2025-01-31,Autonomo,Percentil 5,Are0056,8157486.5,2023,4
2023-10-10,22,2025-01-01,2025-01-31,Autonomo,Promedio,Are0002,88187360.0,2023,4
2023-10-10,22,2025-01-01,2025-01-31,Autonomo,Percentil 5,Are0128,16965388.0,2023,4
2023-10-10,22,2025-01-01,2025-01-31,Autonomo,Percentil 5,Are0127,617967.75,2023,4
2023-10-10,22,2025-01-01,2025-01-31,Coordinado,Promedio,Are0056,14078129.0,2023,4
2023-10-10,22,2025-01-01,2025-01-31,Coordinado,Promedio,Are0012,6645340.0,2023,4
2023-10-10,23,2025-01-01,2025-01-31,Coordinado,Percentil 5,Are0127,611612.875,2023,3
2023-10-10,23,2025-01-01,2025-01-31,Coordinado,Promedio,Are0002,88331160.0,2023,3
2023-10-10,23,2025-01-01,2025-01-31,Autonomo,Promedio,Are0056,14756239.0,2023,3
2023-10-10,23,2025-01-01,2025-01-31,Autonomo,Percentil 95,Are0127,621548.375,2023,3
2023-10-10,23,2025-01-01,2025-01-31,Autonomo,Promedio,Are0127,2048900.0,2023,3
2023-10-10,23,2025-01-01,2025-01-31,Autonomo,Percentil 5,Are0002,44677464.0,2023,3
2023-10-10,23,2025-01-01,2025-01-31,Coordinado,Percentil 5,Are0010,78938712.0,2023,3
2023-10-10,23,2025-01-01,2025-01-31,Coordinado,Percentil 95,Are0128,17525490.0,2023,3
2023-10-10,23,2025-01-01,2025-01-31,Coordinado,Percentil 95,Are0002,44402296.0,2023,3
2023-10-10,23,2025-01-01,2025-01-31,Autonomo,Percentil 5,Are0010,79267744.0,2023,3
2023-10-10,23,2025-01-01,2025-01-31,Autonomo,Promedio,Are0128,33635420.0,2023,3
2023-10-10,23,2025-01-01,2025-01-31,Autonomo,Percentil 95,Are0056,8789595.0,2023,3
2023-10-10,23,2025-01-01,2025-01-31,Coordinado,Percentil 95,Are0012,1607709.625,2023,3
2023-10-10,23,2025-01-01,2025-01-31,Autonomo,Percentil 95,Are0002,44677464.0,2023,3
2023-10-10,23,2025-01-01,2025-01-31,Coordinado,Promedio,Are0012,6552952.5,2023,3
2023-10-10,23,2025-01-01,2025-01-31,Coordinado,Percentil 5,Are0012,1607709.625,2023,3
2023-10-10,23,2025-01-01,2025-01-31,Coordinado,Percentil 5,Are0128,17525490.0,2023,3
2023-10-10,23,2025-01-01,2025-01-31,Autonomo,Promedio,Are0012,6615353.0,2023,3
2023-10-10,23,2025-01-01,2025-01-31,Coordinado,Percentil 95,Are0056,8789595.0,2023,3
2023-10-10,23,2025-01-01,2025-01-31,Autonomo,Promedio,Are0010,145543296.0,2023,3
2023-10-10,23,2025-01-01,2025-01-31,Coordinado,Percentil 5,Are0056,8789595.0,2023,3
2023-10-10,23,2025-01-01,2025-01-31,Coordinado,Promedio,Are0127,1983969.0,2023,3
2023-10-10,23,2025-01-01,2025-01-31,Coordinado,Percentil 5,Are0002,44402296.0,2023,3
2023-10-10,23,2025-01-01,2025-01-31,Coordinado,Promedio,Are0010,145008864.0,2023,3
2023-10-10,23,2025-01-01,2025-01-31,Autonomo,Percentil 5,Are0127,621548.375,2023,3
2023-10-10,23,2025-01-01,2025-01-31,Autonomo,Percentil 5,Are0012,1607709.625,2023,3
2023-10-10,23,2025-01-01,2025-01-31,Coordinado,Promedio,Are0056,14714711.0,2023,3
2023-10-10,23,2025-01-01,2025-01-31,Autonomo,Percentil 95,Are0128,17968312.0,2023,3
2023-10-10,23,2025-01-01,2025-01-31,Autonomo,Percentil 95,Are0012,1607709.625,2023,3
2023-10-10,23,2025-01-01,2025-01-31,Autonomo,Percentil 95,Are0010,218351616.0,2023,3
2023-10-10,23,2025-01-01,2025-01-31,Coordinado,Percentil 95,Are0010,218348384.0,2023,3
2023-10-10,23,2025-01-01,2025-01-31,Autonomo,Promedio,Are0002,88487176.0,2023,3
2023-10-10,23,2025-01-01,2025-01-31,Autonomo,Percentil 5,Are0056,8789595.0,2023,3
2023-10-10,23,2025-01-01,2025-01-31,Coordinado,Percentil 95,Are0127,611612.875,2023,3
2023-10-10,23,2025-01-01,2025-01-31,Autonomo,Percentil 5,Are0128,17968312.0,2023,3
2023-10-10,23,2025-01-01,2025-01-31,Coordinado,Promedio,Are0128,33425724.0,2023,3
2023-10-10,18,2025-01-01,2025-01-31,Coordinado,Percentil 95,Are0128,19285538.0,2023,8
2023-10-10,18,2025-01-01,2025-01-31,Autonomo,Percentil 95,Are0002,50588156.0,2023,8
2023-10-10,18,2025-01-01,2025-01-31,Autonomo,Promedio,Are0010,140873744.0,2023,8
2023-10-10,18,2025-01-01,2025-01-31,Autonomo,Promedio,Are0127,1847866.5,2023,8
2023-10-10,18,2025-01-01,2025-01-31,Autonomo,Percentil 95,Are0056,8105882.5,2023,8
2023-10-10,18,2025-01-01,2025-01-31,Coordinado,Percentil 95,Are0127,517451.625,2023,8
2023-10-10,18,2025-01-01,2025-01-31,Autonomo,Percentil 95,Are0127,517451.625,2023,8
2023-10-10,18,2025-01-01,2025-01-31,Autonomo,Percentil 5,Are0010,84258064.0,2023,8
2023-10-10,18,2025-01-01,2025-01-31,Coordinado,Promedio,Are0127,1820240.625,2023,8
2023-10-10,18,2025-01-01,2025-01-31,Autonomo,Percentil 95,Are0128,19276720.0,2023,8
2023-10-10,18,2025-01-01,2025-01-31,Autonomo,Percentil 5,Are0056,8105882.5,2023,8
2023-10-10,18,2025-01-01,2025-01-31,Coordinado,Promedio,Are0012,6316729.5,2023,8
2023-10-10,18,2025-01-01,2025-01-31,Coordinado,Percentil 95,Are0012,1477290.375,2023,8
2023-10-10,18,2025-01-01,2025-01-31,Autonomo,Promedio,Are0128,32011648.0,2023,8
2023-10-10,18,2025-01-01,2025-01-31,Autonomo,Promedio,Are0002,85802592.0,2023,8
2023-10-10,18,2025-01-01,2025-01-31,Coordinado,Percentil 5,Are0056,8105882.5,2023,8
2023-10-10,18,2025-01-01,2025-01-31,Coordinado,Promedio,Are0056,14812415.0,2023,8
2023-10-10,18,2025-01-01,2025-01-31,Coordinado,Percentil 5,Are0128,19285538.0,2023,8
2023-10-10,18,2025-01-01,2025-01-31,Autonomo,Percentil 5,Are0002,50588156.0,2023,8
2023-10-10,18,2025-01-01,2025-01-31,Coordinado,Promedio,Are0128,31864994.0,2023,8
2023-10-10,18,2025-01-01,2025-01-31,Coordinado,Percentil 5,Are0127,517451.625,2023,8
2023-10-10,18,2025-01-01,2025-01-31,Coordinado,Percentil 95,Are0010,200467744.0,2023,8
2023-10-10,18,2025-01-01,2025-01-31,Coordinado,Percentil 5,Are0012,1477290.375,2023,8
2023-10-10,18,2025-01-01,2025-01-31,Autonomo,Percentil 95,Are0012,1477290.375,2023,8
2023-10-10,18,2025-01-01,2025-01-31,Autonomo,Percentil 5,Are0012,1477290.375,2023,8
2023-10-10,18,2025-01-01,2025-01-31,Autonomo,Percentil 95,Are0010,200880640.0,2023,8
2023-10-10,18,2025-01-01,2025-01-31,Autonomo,Promedio,Are0012,6355479.5,2023,8
2023-10-10,18,2025-01-01,2025-01-31,Autonomo,Percentil 5,Are0127,517451.625,2023,8
2023-10-10,18,2025-01-01,2025-01-31,Autonomo,Percentil 5,Are0128,19276720.0,2023,8
2023-10-10,18,2025-01-01,2025-01-31,Coordinado,Percentil 95,Are0056,8105882.5,2023,8
2023-10-10,18,2025-01-01,2025-01-31,Autonomo,Promedio,Are0056,14856148.0,2023,8
2023-10-10,18,2025-01-01,2025-01-31,Coordinado,Percentil 5,Are0002,50522120.0,2023,8
2023-10-09,30,2025-01-01,2025-01-31,Autonomo,Promedio,Are0128,32857820.0,2022,8
2023-10-09,30,2025-01-01,2025-01-31,Coordinado,Percentil 5,Are0012,2314613.0,2022,8
2023-10-09,30,2025-01-01,2025-01-31,Coordinado,Percentil 5,Are0010,82474192.0,2022,8
2023-10-09,30,2025-01-01,2025-01-31,Autonomo,Promedio,Are0012,6980078.5,2022,8
2023-10-09,30,2025-01-01,2025-01-31,Autonomo,Percentil 95,Are0127,708129.0625,2022,8
2023-10-09,30,2025-01-01,2025-01-31,Coordinado,Percentil 95,Are0056,7802415.0,2022,8
2023-10-09,30,2025-01-01,2025-01-31,Coordinado,Percentil 5,Are0002,52373652.0,2022,8
2023-10-09,30,2025-01-01,2025-01-31,Coordinado,Percentil 5,Are0128,19301510.0,2022,8
2023-10-09,30,2025-01-01,2025-01-31,Autonomo,Percentil 5,Are0128,19918832.0,2022,8
2023-10-09,30,2025-01-01,2025-01-31,Coordinado,Promedio,Are0002,88193520.0,2022,8
2023-10-09,30,2025-01-01,2025-01-31,Autonomo,Percentil 95,Are0128,19918832.0,2022,8
2023-10-09,30,2025-01-01,2025-01-31,Autonomo,Percentil 5,Are0056,8034221.5,2022,8
2023-10-09,30,2025-01-01,2025-01-31,Autonomo,Percentil 95,Are0010,216045168.0,2022,8
2023-10-10,35,2025-01-01,2025-01-31,Autonomo,Promedio,Are0128,32195144.0,2022,3
2023-10-10,35,2025-01-01,2025-01-31,Coordinado,Percentil 95,Are0056,8342619.5,2022,3
2023-10-10,35,2025-01-01,2025-01-31,Coordinado,Promedio,Are0128,31963484.0,2022,3
2023-10-10,35,2025-01-01,2025-01-31,Autonomo,Percentil 5,Are0002,52498612.0,2022,3
2023-10-10,35,2025-01-01,2025-01-31,Coordinado,Percentil 95,Are0002,52145676.0,2022,3
2023-10-10,35,2025-01-01,2025-01-31,Autonomo,Percentil 5,Are0012,2289774.25,2022,3
2023-10-10,35,2025-01-01,2025-01-31,Autonomo,Promedio,Are0012,6900594.0,2022,3
2023-10-10,35,2025-01-01,2025-01-31,Coordinado,Percentil 95,Are0012,2289774.25,2022,3
2023-10-10,35,2025-01-01,2025-01-31,Coordinado,Percentil 95,Are0128,20563248.0,2022,3
2023-10-10,35,2025-01-01,2025-01-31,Autonomo,Percentil 5,Are0127,624258.0625,2022,3
2023-10-10,35,2025-01-01,2025-01-31,Coordinado,Percentil 5,Are0010,90951616.0,2022,3
2023-10-10,35,2025-01-01,2025-01-31,Autonomo,Percentil 95,Are0056,8464055.0,2022,3
2023-10-10,35,2025-01-01,2025-01-31,Autonomo,Percentil 5,Are0010,92251616.0,2022,3
2023-10-10,35,2025-01-01,2025-01-31,Coordinado,Promedio,Are0010,140059328.0,2022,3
2023-10-10,35,2025-01-01,2025-01-31,Autonomo,Promedio,Are0010,140826768.0,2022,3
2023-10-10,35,2025-01-01,2025-01-31,Autonomo,Percentil 95,Are0002,52498612.0,2022,3
2023-10-10,35,2025-01-01,2025-01-31,Coordinado,Promedio,Are0012,6772402.5,2022,3
2023-10-10,35,2025-01-01,2025-01-31,Autonomo,Percentil 5,Are0128,20771636.0,2022,3
2023-10-10,35,2025-01-01,2025-01-31,Autonomo,Promedio,Are0002,86167704.0,2022,3
2023-10-10,35,2025-01-01,2025-01-31,Coordinado,Percentil 5,Are0002,52145676.0,2022,3
2023-10-10,35,2025-01-01,2025-01-31,Coordinado,Percentil 5,Are0056,8342619.5,2022,3
2023-10-10,35,2025-01-01,2025-01-31,Autonomo,Percentil 95,Are0010,214145168.0,2022,3
2023-10-10,35,2025-01-01,2025-01-31,Coordinado,Promedio,Are0002,85930840.0,2022,3
2023-10-10,35,2025-01-01,2025-01-31,Coordinado,Percentil 95,Are0010,214122576.0,2022,3
2023-10-10,35,2025-01-01,2025-01-31,Autonomo,Percentil 5,Are0056,8464055.0,2022,3
2023-10-10,35,2025-01-01,2025-01-31,Coordinado,Percentil 5,Are0012,2289774.25,2022,3
2023-10-10,35,2025-01-01,2025-01-31,Coordinado,Percentil 5,Are0128,20563248.0,2022,3
2023-10-10,35,2025-01-01,2025-01-31,Coordinado,Promedio,Are0127,1850061.875,2022,3
2023-10-10,35,2025-01-01,2025-01-31,Autonomo,Promedio,Are0056,13670477.0,2022,3
2023-10-10,35,2025-01-01,2025-01-31,Autonomo,Promedio,Are0127,1892876.75,2022,3
2023-10-10,35,2025-01-01,2025-01-31,Autonomo,Percentil 95,Are0128,20771636.0,2022,3
2023-10-10,35,2025-01-01,2025-01-31,Coordinado,Percentil 5,Are0127,611193.5625,2022,3
2023-10-10,35,2025-01-01,2025-01-31,Coordinado,Promedio,Are0056,13542424.0,2022,3
2023-10-10,35,2025-01-01,2025-01-31,Autonomo,Percentil 95,Are0012,2289774.25,2022,3
2023-10-10,35,2025-01-01,2025-01-31,Coordinado,Percentil 95,Are0127,611193.5625,2022,3
2023-10-10,35,2025-01-01,2025-01-31,Autonomo,Percentil 95,Are0127,624258.0625,2022,3
2023-10-09,33,2025-01-01,2025-01-31,Coordinado,Percentil 5,Are0128,19229900.0,2022,5
2023-10-09,33,2025-01-01,2025-01-31,Coordinado,Percentil 95,Are0012,1999871.0,2022,5
2023-10-09,33,2025-01-01,2025-01-31,Autonomo,Percentil 5,Are0056,7981945.0,2022,5
2023-10-09,33,2025-01-01,2025-01-31,Autonomo,Percentil 95,Are0012,1999871.0,2022,5
2023-10-09,33,2025-01-01,2025-01-31,Coordinado,Percentil 95,Are0056,7642529.0,2022,5
2023-10-09,33,2025-01-01,2025-01-31,Coordinado,Promedio,Are0127,1526611.0,2022,5
2023-10-09,33,2025-01-01,2025-01-31,Autonomo,Promedio,Are0012,6781530.0,2022,5
2023-10-09,33,2025-01-01,2025-01-31,Coordinado,Percentil 5,Are0012,1999871.0,2022,5
2023-10-09,33,2025-01-01,2025-01-31,Coordinado,Percentil 5,Are0010,83548384.0,2022,5
2023-10-09,33,2025-01-01,2025-01-31,Autonomo,Promedio,Are0056,13214123.0,2022,5
2023-10-09,33,2025-01-01,2025-01-31,Coordinado,Percentil 5,Are0056,7642529.0,2022,5
2023-10-09,33,2025-01-01,2025-01-31,Coordinado,Percentil 95,Are0128,19229900.0,2022,5
2023-10-09,33,2025-01-01,2025-01-31,Autonomo,Percentil 95,Are0002,51773480.0,2022,5
2023-10-09,33,2025-01-01,2025-01-31,Autonomo,Percentil 95,Are0128,20285662.0,2022,5
2023-10-09,33,2025-01-01,2025-01-31,Coordinado,Percentil 95,Are0002,51241576.0,2022,5
2023-10-09,33,2025-01-01,2025-01-31,Coordinado,Promedio,Are0012,6406502.5,2022,5
2023-10-09,33,2025-01-01,2025-01-31,Autonomo,Percentil 95,Are0127,851032.25,2022,5
2023-10-09,33,2025-01-01,2025-01-31,Coordinado,Percentil 95,Are0010,205158064.0,2022,5
2023-10-10,22,2025-01-01,2025-01-31,Autonomo,Promedio,Are0010,143010480.0,2023,4
2023-10-10,22,2025-01-01,2025-01-31,Autonomo,Percentil 95,Are0010,206809680.0,2023,4
2023-10-10,22,2025-01-01,2025-01-31,Autonomo,Promedio,Are0127,2047461.0,2023,4
2023-10-10,22,2025-01-01,2025-01-31,Autonomo,Percentil 5,Are0010,77941936.0,2023,4
2023-10-10,22,2025-01-01,2025-01-31,Coordinado,Percentil 95,Are0002,43273764.0,2023,4
2023-10-10,22,2025-01-01,2025-01-31,Autonomo,Promedio,Are0056,14106809.0,2023,4
2023-10-10,22,2025-01-01,2025-01-31,Coordinado,Percentil 95,Are0010,206096768.0,2023,4
2023-10-10,22,2025-01-01,2025-01-31,Coordinado,Percentil 5,Are0012,2365967.75,2023,4
2023-10-10,22,2025-01-01,2025-01-31,Coordinado,Promedio,Are0010,142626160.0,2023,4
2023-12-15,15,2025-01-01,2025-01-31,Coordinado,Percentil 95,Are0127,735677.4375,2023,11
2023-12-15,15,2025-01-01,2025-01-31,Coordinado,Percentil 5,Are0127,735677.4375,2023,11
2023-12-15,15,2025-01-01,2025-01-31,Coordinado,Promedio,Are0127,1974358.125,2023,11
2023-12-15,15,2025-01-01,2025-01-31,Autonomo,Percentil 95,Are0127,755935.5,2023,11
2023-12-15,15,2025-01-01,2025-01-31,Autonomo,Percentil 5,Are0127,755935.5,2023,11
2023-12-15,15,2025-01-01,2025-01-31,Autonomo,Promedio,Are0127,1971924.25,2023,11
2023-12-15,15,2025-01-01,2025-01-31,Coordinado,Percentil 95,Are0010,200293552.0,2023,11
2023-12-15,15,2025-01-01,2025-01-31,Coordinado,Percentil 5,Are0010,80938712.0,2023,11
2023-12-15,15,2025-01-01,2025-01-31,Coordinado,Promedio,Are0010,139607328.0,2023,11
2023-12-15,15,2025-01-01,2025-01-31,Autonomo,Percentil 95,Are0010,200316128.0,2023,11
2023-12-15,15,2025-01-01,2025-01-31,Autonomo,Percentil 5,Are0010,80861288.0,2023,11
2023-12-15,15,2025-01-01,2025-01-31,Autonomo,Promedio,Are0010,139617360.0,2023,11
2023-12-15,15,2025-01-01,2025-01-31,Coordinado,Percentil 95,Are0128,18776610.0,2023,11
2023-12-15,15,2025-01-01,2025-01-31,Coordinado,Percentil 5,Are0128,18776610.0,2023,11
2023-12-15,15,2025-01-01,2025-01-31,Coordinado,Promedio,Are0128,32850744.0,2023,11
2023-12-15,15,2025-01-01,2025-01-31,Autonomo,Percentil 95,Are0128,18965422.0,2023,11
2023-12-15,15,2025-01-01,2025-01-31,Autonomo,Percentil 5,Are0128,18965422.0,2023,11
2023-12-15,15,2025-01-01,2025-01-31,Autonomo,Promedio,Are0128,32906428.0,2023,11
2023-12-15,15,2025-01-01,2025-01-31,Coordinado,Percentil 95,Are0056,8355670.5,2023,11
2023-12-15,15,2025-01-01,2025-01-31,Coordinado,Percentil 5,Are0056,8355670.5,2023,11
2023-12-15,15,2025-01-01,2025-01-31,Coordinado,Promedio,Are0056,14440528.0,2023,11
2023-12-15,15,2025-01-01,2025-01-31,Autonomo,Percentil 95,Are0056,8365361.0,2023,11
2023-12-15,15,2025-01-01,2025-01-31,Autonomo,Percentil 5,Are0056,8365361.0,2023,11
2023-12-15,15,2025-01-01,2025-01-31,Autonomo,Promedio,Are0056,14439043.0,2023,11
2023-12-15,15,2025-01-01,2025-01-31,Coordinado,Percentil 95,Are0012,1692451.625,2023,11
2023-12-15,15,2025-01-01,2025-01-31,Coordinado,Percentil 5,Are0012,1692451.625,2023,11
2023-12-15,15,2025-01-01,2025-01-31,Coordinado,Promedio,Are0012,6903058.5,2023,11
2023-12-15,15,2025-01-01,2025-01-31,Autonomo,Percentil 95,Are0012,1692451.625,2023,11
2023-12-15,15,2025-01-01,2025-01-31,Autonomo,Percentil 5,Are0012,1692451.625,2023,11
2023-12-15,15,2025-01-01,2025-01-31,Autonomo,Promedio,Are0012,6893619.5,2023,11
2023-12-15,15,2025-01-01,2025-01-31,Coordinado,Percentil 95,Are0002,40096372.0,2023,11
2023-12-15,15,2025-01-01,2025-01-31,Coordinado,Percentil 5,Are0002,40096372.0,2023,11
2023-12-15,15,2025-01-01,2025-01-31,Coordinado,Promedio,Are0002,83438544.0,2023,11
2023-12-15,15,2025-01-01,2025-01-31,Autonomo,Percentil 95,Are0002,40162048.0,2023,11
2023-12-15,15,2025-01-01,2025-01-31,Autonomo,Percentil 5,Are0002,40162048.0,2023,11
2023-12-15,15,2025-01-01,2025-01-31,Autonomo,Promedio,Are0002,83406240.0,2023,11
2023-10-09,30,2025-01-01,2025-01-31,Autonomo,Promedio,Are0002,88700600.0,2022,8
2023-10-09,30,2025-01-01,2025-01-31,Autonomo,Percentil 95,Are0012,2368354.75,2022,8
2023-10-09,30,2025-01-01,2025-01-31,Autonomo,Percentil 5,Are0012,2368354.75,2022,8
2023-10-09,30,2025-01-01,2025-01-31,Coordinado,Percentil 95,Are0012,2314613.0,2022,8
2023-10-09,30,2025-01-01,2025-01-31,Coordinado,Promedio,Are0010,141005776.0,2022,8
2023-10-09,30,2025-01-01,2025-01-31,Autonomo,Percentil 95,Are0002,52842672.0,2022,8
2023-10-09,30,2025-01-01,2025-01-31,Autonomo,Percentil 95,Are0056,8034221.5,2022,8
2023-10-09,30,2025-01-01,2025-01-31,Autonomo,Promedio,Are0056,13473656.0,2022,8
2023-10-09,30,2025-01-01,2025-01-31,Coordinado,Promedio,Are0012,6585286.5,2022,8
2023-10-09,30,2025-01-01,2025-01-31,Autonomo,Percentil 5,Are0127,708129.0625,2022,8
2023-10-09,30,2025-01-01,2025-01-31,Coordinado,Promedio,Are0056,13050578.0,2022,8
2023-10-09,30,2025-01-01,2025-01-31,Coordinado,Percentil 95,Are0128,19301510.0,2022,8
2023-10-09,30,2025-01-01,2025-01-31,Coordinado,Percentil 95,Are0010,213854832.0,2022,8
2023-10-09,30,2025-01-01,2025-01-31,Coordinado,Percentil 95,Are0002,52373652.0,2022,8
2023-10-09,30,2025-01-01,2025-01-31,Autonomo,Promedio,Are0010,143936096.0,2022,8
2023-10-09,30,2025-01-01,2025-01-31,Autonomo,Percentil 5,Are0010,83809680.0,2022,8
2023-10-09,30,2025-01-01,2025-01-31,Coordinado,Percentil 95,Are0127,545483.875,2022,8
2023-10-09,30,2025-01-01,2025-01-31,Coordinado,Percentil 5,Are0127,545483.875,2022,8
2023-10-09,30,2025-01-01,2025-01-31,Autonomo,Promedio,Are0127,1924069.375,2022,8
2023-10-09,30,2025-01-01,2025-01-31,Coordinado,Promedio,Are0128,31688650.0,2022,8
2023-10-09,30,2025-01-01,2025-01-31,Autonomo,Percentil 5,Are0002,52842672.0,2022,8
2023-10-09,30,2025-01-01,2025-01-31,Coordinado,Percentil 5,Are0056,7802415.0,2022,8
2023-10-09,30,2025-01-01,2025-01-31,Coordinado,Promedio,Are0127,1487846.125,2022,8
2023-10-10,25,2025-01-01,2025-01-31,Coordinado,Percentil 5,Are0010,76438712.0,2023,1
2023-10-10,25,2025-01-01,2025-01-31,Coordinado,Promedio,Are0127,1894941.25,2023,1
2023-10-10,25,2025-01-01,2025-01-31,Coordinado,Percentil 5,Are0128,17521394.0,2023,1
2023-10-10,25,2025-01-01,2025-01-31,Autonomo,Percentil 95,Are0128,17850370.0,2023,1
2023-10-10,25,2025-01-01,2025-01-31,Autonomo,Promedio,Are0012,6192361.5,2023,1
2023-10-10,25,2025-01-01,2025-01-31,Coordinado,Percentil 5,Are0002,44451324.0,2023,1
2023-10-10,25,2025-01-01,2025-01-31,Autonomo,Percentil 5,Are0127,703548.375,2023,1
2023-10-10,25,2025-01-01,2025-01-31,Coordinado,Percentil 95,Are0012,2058677.375,2023,1
2023-10-10,25,2025-01-01,2025-01-31,Coordinado,Percentil 95,Are0127,616387.125,2023,1
2023-10-10,25,2025-01-01,2025-01-31,Coordinado,Percentil 95,Are0002,44451324.0,2023,1
2023-10-10,25,2025-01-01,2025-01-31,Autonomo,Percentil 95,Are0127,703548.375,2023,1
2023-10-10,25,2025-01-01,2025-01-31,Autonomo,Percentil 5,Are0002,45058260.0,2023,1
2023-10-10,25,2025-01-01,2025-01-31,Coordinado,Percentil 5,Are0012,2058677.375,2023,1
2023-10-10,25,2025-01-01,2025-01-31,Autonomo,Percentil 5,Are0012,2058677.375,2023,1
2023-10-10,25,2025-01-01,2025-01-31,Coordinado,Promedio,Are0010,138016000.0,2023,1
2023-10-10,25,2025-01-01,2025-01-31,Autonomo,Percentil 5,Are0056,7833213.0,2023,1
2023-10-10,25,2025-01-01,2025-01-31,Coordinado,Percentil 5,Are0056,7767716.0,2023,1
2023-10-10,25,2025-01-01,2025-01-31,Coordinado,Percentil 95,Are0128,17521394.0,2023,1
2023-10-10,25,2025-01-01,2025-01-31,Coordinado,Promedio,Are0128,30875716.0,2023,1
2023-10-10,25,2025-01-01,2025-01-31,Coordinado,Promedio,Are0012,6101980.5,2023,1
2023-10-10,25,2025-01-01,2025-01-31,Autonomo,Percentil 5,Are0128,17850370.0,2023,1
2023-10-10,25,2025-01-01,2025-01-31,Autonomo,Percentil 5,Are0010,76554840.0,2023,1
2023-10-09,27,2025-01-01,2025-01-31,Autonomo,Percentil 5,Are0002,55254108.0,2022,11
2023-10-09,27,2025-01-01,2025-01-31,Autonomo,Percentil 95,Are0002,55254108.0,2022,11
2023-10-09,27,2025-01-01,2025-01-31,Autonomo,Promedio,Are0128,31478976.0,2022,11
2023-10-09,27,2025-01-01,2025-01-31,Coordinado,Percentil 5,Are0002,54926228.0,2022,11
2023-10-09,27,2025-01-01,2025-01-31,Coordinado,Percentil 5,Are0012,2300742.0,2022,11
2023-10-09,27,2025-01-01,2025-01-31,Autonomo,Promedio,Are0002,87907944.0,2022,11
2023-10-09,27,2025-01-01,2025-01-31,Autonomo,Percentil 95,Are0010,207906448.0,2022,11
2023-10-09,27,2025-01-01,2025-01-31,Autonomo,Percentil 95,Are0128,18071020.0,2022,11
2023-10-09,27,2025-01-01,2025-01-31,Coordinado,Percentil 5,Are0056,7392316.0,2022,11
2023-10-09,27,2025-01-01,2025-01-31,Autonomo,Percentil 95,Are0012,2300742.0,2022,11
2023-10-09,27,2025-01-01,2025-01-31,Autonomo,Percentil 5,Are0012,2300742.0,2022,11
2023-10-09,27,2025-01-01,2025-01-31,Coordinado,Promedio,Are0002,87557800.0,2022,11
2023-10-09,27,2025-01-01,2025-01-31,Coordinado,Percentil 5,Are0127,772258.0625,2022,11
2023-10-09,27,2025-01-01,2025-01-31,Coordinado,Promedio,Are0010,139496160.0,2022,11
2023-10-09,27,2025-01-01,2025-01-31,Coordinado,Percentil 95,Are0012,2300742.0,2022,11
2023-10-09,27,2025-01-01,2025-01-31,Autonomo,Percentil 95,Are0127,916677.4375,2022,11
2023-10-09,27,2025-01-01,2025-01-31,Coordinado,Percentil 95,Are0056,7392316.0,2022,11
2023-10-09,27,2025-01-01,2025-01-31,Coordinado,Promedio,Are0127,1682914.25,2022,11
2023-10-09,27,2025-01-01,2025-01-31,Coordinado,Percentil 95,Are0127,772258.0625,2022,11
2023-10-09,27,2025-01-01,2025-01-31,Coordinado,Percentil 5,Are0128,17622996.0,2022,11
2023-10-09,27,2025-01-01,2025-01-31,Autonomo,Promedio,Are0012,6381655.0,2022,11
2023-10-09,27,2025-01-01,2025-01-31,Coordinado,Percentil 95,Are0002,54926228.0,2022,11
2023-10-09,27,2025-01-01,2025-01-31,Autonomo,Promedio,Are0056,13696449.0,2022,11
2023-10-09,27,2025-01-01,2025-01-31,Autonomo,Percentil 5,Are0056,7638532.5,2022,11
2023-10-09,27,2025-01-01,2025-01-31,Coordinado,Percentil 95,Are0010,204858064.0,2022,11
2023-10-09,27,2025-01-01,2025-01-31,Autonomo,Percentil 95,Are0056,7638532.5,2022,11
2023-10-09,27,2025-01-01,2025-01-31,Autonomo,Percentil 5,Are0127,916677.4375,2022,11
2023-10-09,27,2025-01-01,2025-01-31,Coordinado,Promedio,Are0056,13458137.0,2022,11
2023-10-09,27,2025-01-01,2025-01-31,Coordinado,Percentil 95,Are0128,17622996.0,2022,11
2023-10-09,27,2025-01-01,2025-01-31,Coordinado,Promedio,Are0128,30599246.0,2022,11
2023-10-09,27,2025-01-01,2025-01-31,Autonomo,Promedio,Are0127,1933941.625,2022,11
2023-10-09,27,2025-01-01,2025-01-31,Autonomo,Promedio,Are0010,141399008.0,2022,11
2023-10-09,27,2025-01-01,2025-01-31,Coordinado,Percentil 5,Are0010,94345160.0,2022,11
2023-10-09,27,2025-01-01,2025-01-31,Autonomo,Percentil 5,Are0010,96077416.0,2022,11
2023-10-09,27,2025-01-01,2025-01-31,Autonomo,Percentil 5,Are0128,18071020.0,2022,11
2023-10-09,27,2025-01-01,2025-01-31,Coordinado,Promedio,Are0012,6197956.5,2022,11
2023-10-09,28,2025-01-01,2025-01-31,Autonomo,Percentil 95,Are0127,667935.5,2022,10
2023-10-09,28,2025-01-01,2025-01-31,Autonomo,Percentil 5,Are0056,7976642.0,2022,10
2023-10-09,28,2025-01-01,2025-01-31,Autonomo,Percentil 5,Are0128,21755304.0,2022,10
2023-10-09,28,2025-01-01,2025-01-31,Coordinado,Percentil 95,Are0002,54766872.0,2022,10
2023-10-09,28,2025-01-01,2025-01-31,Autonomo,Promedio,Are0127,1978908.375,2022,10
2023-10-09,28,2025-01-01,2025-01-31,Autonomo,Promedio,Are0128,32740160.0,2022,10
2023-10-09,28,2025-01-01,2025-01-31,Coordinado,Promedio,Are0127,1594781.25,2022,10
2023-10-09,28,2025-01-01,2025-01-31,Coordinado,Promedio,Are0012,6395713.0,2022,10
2023-10-09,28,2025-01-01,2025-01-31,Autonomo,Percentil 95,Are0128,21755304.0,2022,10
2023-10-10,20,2025-01-01,2025-01-31,Autonomo,Percentil 5,Are0056,9111535.0,2023,6
2023-10-10,20,2025-01-01,2025-01-31,Autonomo,Promedio,Are0056,15251716.0,2023,6
2023-10-10,20,2025-01-01,2025-01-31,Coordinado,Percentil 95,Are0012,1721741.875,2023,6
2023-10-10,20,2025-01-01,2025-01-31,Coordinado,Percentil 95,Are0010,209700000.0,2023,6
2023-10-10,20,2025-01-01,2025-01-31,Coordinado,Percentil 5,Are0012,1721741.875,2023,6
2023-10-10,20,2025-01-01,2025-01-31,Autonomo,Percentil 5,Are0002,50194984.0,2023,6
2023-10-10,20,2025-01-01,2025-01-31,Autonomo,Percentil 5,Are0127,785838.6875,2023,6
2023-10-10,20,2025-01-01,2025-01-31,Coordinado,Percentil 95,Are0128,18697126.0,2023,6
2023-10-10,20,2025-01-01,2025-01-31,Coordinado,Percentil 95,Are0056,9108977.0,2023,6
2023-10-10,20,2025-01-01,2025-01-31,Autonomo,Promedio,Are0010,145196352.0,2023,6
2023-10-10,20,2025-01-01,2025-01-31,Autonomo,Percentil 95,Are0056,9111535.0,2023,6
2023-10-10,20,2025-01-01,2025-01-31,Autonomo,Percentil 95,Are0012,1761935.5,2023,6
2023-10-10,20,2025-01-01,2025-01-31,Coordinado,Percentil 5,Are0010,85383872.0,2023,6
2023-10-10,20,2025-01-01,2025-01-31,Autonomo,Promedio,Are0128,32654350.0,2023,6
2023-10-10,20,2025-01-01,2025-01-31,Autonomo,Percentil 5,Are0128,18736032.0,2023,6
2023-10-10,20,2025-01-01,2025-01-31,Coordinado,Promedio,Are0012,6898316.0,2023,6
2023-10-10,20,2025-01-01,2025-01-31,Coordinado,Percentil 95,Are0002,50039684.0,2023,6
2023-10-10,20,2025-01-01,2025-01-31,Coordinado,Percentil 5,Are0127,793645.1875,2023,6
2023-10-09,36,2025-01-01,2025-01-31,Autonomo,Percentil 95,Are0127,513612.90625,2022,2
2023-10-09,36,2025-01-01,2025-01-31,Autonomo,Promedio,Are0002,83308512.0,2022,2
2023-10-09,36,2025-01-01,2025-01-31,Autonomo,Percentil 95,Are0010,211425808.0,2022,2
2023-10-09,36,2025-01-01,2025-01-31,Coordinado,Promedio,Are0127,1548627.75,2022,2
2023-10-09,36,2025-01-01,2025-01-31,Autonomo,Percentil 5,Are0056,8158567.0,2022,2
2023-10-09,36,2025-01-01,2025-01-31,Coordinado,Percentil 95,Are0127,448806.4375,2022,2
2023-10-09,36,2025-01-01,2025-01-31,Autonomo,Percentil 5,Are0002,45405012.0,2022,2
2023-10-09,36,2025-01-01,2025-01-31,Autonomo,Percentil 95,Are0002,45405012.0,2022,2
2023-10-09,36,2025-01-01,2025-01-31,Autonomo,Promedio,Are0056,13577793.0,2022,2
2023-10-09,36,2025-01-01,2025-01-31,Autonomo,Percentil 5,Are0010,82448384.0,2022,2
2023-10-09,36,2025-01-01,2025-01-31,Coordinado,Percentil 5,Are0128,17156980.0,2022,2
2023-10-09,36,2025-01-01,2025-01-31,Coordinado,Percentil 5,Are0010,81590320.0,2022,2
2023-10-09,36,2025-01-01,2025-01-31,Coordinado,Percentil 95,Are0010,209916128.0,2022,2
2023-10-09,36,2025-01-01,2025-01-31,Coordinado,Percentil 95,Are0012,1364548.375,2022,2
2023-10-09,36,2025-01-01,2025-01-31,Coordinado,Percentil 95,Are0056,8021338.5,2022,2
2023-10-09,36,2025-01-01,2025-01-31,Autonomo,Promedio,Are0010,136463456.0,2022,2
2023-10-09,36,2025-01-01,2025-01-31,Coordinado,Promedio,Are0012,6335537.0,2022,2
2023-10-09,36,2025-01-01,2025-01-31,Coordinado,Promedio,Are0128,30682024.0,2022,2
2023-10-09,36,2025-01-01,2025-01-31,Autonomo,Percentil 95,Are0128,17652200.0,2022,2
2023-10-09,36,2025-01-01,2025-01-31,Coordinado,Percentil 5,Are0002,45177272.0,2022,2
2023-10-09,36,2025-01-01,2025-01-31,Autonomo,Percentil 95,Are0056,8158567.0,2022,2
2023-10-09,36,2025-01-01,2025-01-31,Coordinado,Promedio,Are0056,13336450.0,2022,2
2023-10-09,36,2025-01-01,2025-01-31,Autonomo,Promedio,Are0128,31320524.0,2022,2
2023-10-09,36,2025-01-01,2025-01-31,Autonomo,Promedio,Are0012,6462224.0,2022,2
2023-10-09,36,2025-01-01,2025-01-31,Autonomo,Percentil 5,Are0128,17652200.0,2022,2
2023-10-09,36,2025-01-01,2025-01-31,Coordinado,Percentil 95,Are0002,45177272.0,2022,2
2023-10-09,36,2025-01-01,2025-01-31,Coordinado,Promedio,Are0010,134965136.0,2022,2
2023-10-09,36,2025-01-01,2025-01-31,Autonomo,Percentil 5,Are0127,513612.90625,2022,2
2023-10-09,36,2025-01-01,2025-01-31,Coordinado,Percentil 5,Are0127,448806.4375,2022,2
2023-10-09,36,2025-01-01,2025-01-31,Coordinado,Promedio,Are0002,83062504.0,2022,2
2023-10-09,36,2025-01-01,2025-01-31,Autonomo,Promedio,Are0127,1794393.5,2022,2
2023-10-09,36,2025-01-01,2025-01-31,Coordinado,Percentil 5,Are0056,8021338.5,2022,2
2023-10-09,36,2025-01-01,2025-01-31,Coordinado,Percentil 95,Are0128,17156980.0,2022,2
2023-10-09,36,2025-01-01,2025-01-31,Autonomo,Percentil 5,Are0012,1418483.875,2022,2
2023-10-09,36,2025-01-01,2025-01-31,Autonomo,Percentil 95,Are0012,1418483.875,2022,2
2023-10-09,36,2025-01-01,2025-01-31,Coordinado,Percentil 5,Are0012,1364548.375,2022,2
2023-10-10,25,2025-01-01,2025-01-31,Autonomo,Percentil 95,Are0012,2058677.375,2023,1
2023-10-10,25,2025-01-01,2025-01-31,Autonomo,Promedio,Are0127,1993499.0,2023,1
2023-10-10,25,2025-01-01,2025-01-31,Autonomo,Percentil 95,Are0010,218445168.0,2023,1
2023-10-10,25,2025-01-01,2025-01-31,Autonomo,Percentil 95,Are0002,45058260.0,2023,1
2023-10-10,25,2025-01-01,2025-01-31,Coordinado,Promedio,Are0056,13076583.0,2023,1
2023-10-10,25,2025-01-01,2025-01-31,Autonomo,Percentil 95,Are0056,7833213.0,2023,1
2023-10-10,25,2025-01-01,2025-01-31,Autonomo,Promedio,Are0002,86296280.0,2023,1
2023-10-10,25,2025-01-01,2025-01-31,Coordinado,Percentil 95,Are0056,7767716.0,2023,1
2023-10-10,25,2025-01-01,2025-01-31,Coordinado,Percentil 95,Are0010,217158064.0,2023,1
2023-10-10,25,2025-01-01,2025-01-31,Coordinado,Promedio,Are0002,86066856.0,2023,1
2023-10-10,25,2025-01-01,2025-01-31,Autonomo,Promedio,Are0056,13119163.0,2023,1
2023-10-10,25,2025-01-01,2025-01-31,Autonomo,Promedio,Are0128,31126484.0,2023,1
2023-10-10,25,2025-01-01,2025-01-31,Autonomo,Promedio,Are0010,138727968.0,2023,1
2023-10-10,25,2025-01-01,2025-01-31,Coordinado,Percentil 5,Are0127,616387.125,2023,1
2023-10-10,26,2025-01-01,2025-01-31,Coordinado,Percentil 95,Are0012,2365387.0,2022,12
2023-10-10,26,2025-01-01,2025-01-31,Autonomo,Percentil 95,Are0012,2398838.75,2022,12
2023-10-10,26,2025-01-01,2025-01-31,Coordinado,Percentil 95,Are0128,20204120.0,2022,12
2023-10-10,26,2025-01-01,2025-01-31,Autonomo,Percentil 5,Are0128,20184442.0,2022,12
2023-10-10,26,2025-01-01,2025-01-31,Coordinado,Promedio,Are0056,13447526.0,2022,12
2023-10-10,26,2025-01-01,2025-01-31,Autonomo,Percentil 95,Are0010,195254832.0,2022,12
2023-10-10,26,2025-01-01,2025-01-31,Autonomo,Percentil 95,Are0002,51098368.0,2022,12
2023-10-10,26,2025-01-01,2025-01-31,Autonomo,Promedio,Are0012,6499937.5,2022,12
2023-10-10,26,2025-01-01,2025-01-31,Coordinado,Percentil 95,Are0056,8583661.0,2022,12
2023-10-10,26,2025-01-01,2025-01-31,Coordinado,Percentil 5,Are0002,50820324.0,2022,12
2023-10-10,26,2025-01-01,2025-01-31,Autonomo,Promedio,Are0128,31597210.0,2022,12
2023-10-10,26,2025-01-01,2025-01-31,Autonomo,Percentil 5,Are0127,826483.875,2022,12
2023-10-10,26,2025-01-01,2025-01-31,Coordinado,Promedio,Are0012,6299304.5,2022,12
2023-10-10,26,2025-01-01,2025-01-31,Coordinado,Promedio,Are0127,1361199.375,2022,12
2023-10-10,26,2025-01-01,2025-01-31,Coordinado,Promedio,Are0002,86743240.0,2022,12
2023-10-10,26,2025-01-01,2025-01-31,Coordinado,Percentil 5,Are0010,88203224.0,2022,12
2023-10-10,26,2025-01-01,2025-01-31,Coordinado,Promedio,Are0010,138801840.0,2022,12
2023-10-10,26,2025-01-01,2025-01-31,Autonomo,Promedio,Are0002,87197448.0,2022,12
2023-10-10,26,2025-01-01,2025-01-31,Autonomo,Percentil 5,Are0056,8637681.0,2022,12
2023-10-10,26,2025-01-01,2025-01-31,Autonomo,Percentil 95,Are0056,8637681.0,2022,12
2023-10-10,26,2025-01-01,2025-01-31,Coordinado,Percentil 5,Are0012,2365387.0,2022,12
2023-10-10,26,2025-01-01,2025-01-31,Autonomo,Promedio,Are0010,140649424.0,2022,12
2023-10-10,26,2025-01-01,2025-01-31,Autonomo,Promedio,Are0056,13586825.0,2022,12
2023-10-10,26,2025-01-01,2025-01-31,Autonomo,Percentil 95,Are0127,826483.875,2022,12
2023-10-10,26,2025-01-01,2025-01-31,Autonomo,Percentil 5,Are0010,89438712.0,2022,12
2023-10-10,26,2025-01-01,2025-01-31,Autonomo,Promedio,Are0127,1768141.25,2022,12
2023-10-10,26,2025-01-01,2025-01-31,Coordinado,Percentil 5,Are0056,8583661.0,2022,12
2023-10-10,26,2025-01-01,2025-01-31,Autonomo,Percentil 5,Are0012,2398838.75,2022,12
2023-10-10,26,2025-01-01,2025-01-31,Coordinado,Percentil 95,Are0010,192790320.0,2022,12
2023-10-10,26,2025-01-01,2025-01-31,Coordinado,Promedio,Are0128,30950724.0,2022,12
2023-10-10,26,2025-01-01,2025-01-31,Autonomo,Percentil 95,Are0128,20184442.0,2022,12
2023-10-09,32,2025-01-01,2025-01-31,Coordinado,Percentil 95,Are0012,2687774.25,2022,6
2023-10-09,32,2025-01-01,2025-01-31,Coordinado,Percentil 5,Are0127,581290.3125,2022,6
2023-10-09,32,2025-01-01,2025-01-31,Coordinado,Promedio,Are0128,30914860.0,2022,6
2023-10-09,32,2025-01-01,2025-01-31,Coordinado,Promedio,Are0002,86421320.0,2022,6
2023-10-09,32,2025-01-01,2025-01-31,Autonomo,Percentil 95,Are0056,8939626.0,2022,6
2023-10-09,32,2025-01-01,2025-01-31,Coordinado,Percentil 95,Are0127,581290.3125,2022,6
2023-10-09,32,2025-01-01,2025-01-31,Coordinado,Percentil 5,Are0002,51073776.0,2022,6
2023-10-09,32,2025-01-01,2025-01-31,Coordinado,Promedio,Are0010,137896896.0,2022,6
2023-10-09,32,2025-01-01,2025-01-31,Autonomo,Promedio,Are0128,31885212.0,2022,6
2023-10-09,32,2025-01-01,2025-01-31,Autonomo,Percentil 95,Are0002,50956776.0,2022,6
2023-10-09,32,2025-01-01,2025-01-31,Coordinado,Percentil 5,Are0012,2687774.25,2022,6
2023-10-09,32,2025-01-01,2025-01-31,Coordinado,Percentil 5,Are0128,19794406.0,2022,6
2023-10-09,32,2025-01-01,2025-01-31,Autonomo,Percentil 5,Are0012,2845161.25,2022,6
2023-10-09,32,2025-01-01,2025-01-31,Autonomo,Percentil 5,Are0128,20520130.0,2022,6
2023-10-09,32,2025-01-01,2025-01-31,Autonomo,Percentil 5,Are0056,8939626.0,2022,6
2023-10-09,32,2025-01-01,2025-01-31,Coordinado,Percentil 95,Are0128,19794406.0,2022,6
2023-10-09,32,2025-01-01,2025-01-31,Coordinado,Percentil 95,Are0002,51073776.0,2022,6
2023-10-09,32,2025-01-01,2025-01-31,Autonomo,Percentil 5,Are0002,50956776.0,2022,6
2023-10-09,32,2025-01-01,2025-01-31,Autonomo,Percentil 5,Are0127,734451.625,2022,6
2023-10-09,32,2025-01-01,2025-01-31,Autonomo,Promedio,Are0002,86899792.0,2022,6
2023-10-09,32,2025-01-01,2025-01-31,Coordinado,Promedio,Are0056,12769679.0,2022,6
2023-10-09,32,2025-01-01,2025-01-31,Coordinado,Percentil 95,Are0056,8745187.0,2022,6
2023-10-09,32,2025-01-01,2025-01-31,Autonomo,Percentil 95,Are0012,2845161.25,2022,6
2023-10-09,32,2025-01-01,2025-01-31,Autonomo,Percentil 5,Are0010,89093552.0,2022,6
2023-10-09,32,2025-01-01,2025-01-31,Autonomo,Percentil 95,Are0010,205361296.0,2022,6
2023-10-09,32,2025-01-01,2025-01-31,Autonomo,Promedio,Are0012,6632591.5,2022,6
2023-10-09,32,2025-01-01,2025-01-31,Autonomo,Promedio,Are0010,140404992.0,2022,6
2023-10-09,32,2025-01-01,2025-01-31,Coordinado,Percentil 95,Are0010,203254832.0,2022,6
2023-10-09,32,2025-01-01,2025-01-31,Autonomo,Promedio,Are0056,13174963.0,2022,6
2023-10-09,32,2025-01-01,2025-01-31,Coordinado,Percentil 5,Are0010,88264520.0,2022,6
2023-10-09,32,2025-01-01,2025-01-31,Coordinado,Promedio,Are0127,1445769.625,2022,6
2023-10-09,32,2025-01-01,2025-01-31,Autonomo,Promedio,Are0127,1812336.5,2022,6
2023-10-09,32,2025-01-01,2025-01-31,Coordinado,Percentil 5,Are0056,8745187.0,2022,6
2023-10-09,32,2025-01-01,2025-01-31,Coordinado,Promedio,Are0012,6345077.5,2022,6
2023-10-09,32,2025-01-01,2025-01-31,Autonomo,Percentil 95,Are0128,20520130.0,2022,6
2023-10-09,32,2025-01-01,2025-01-31,Autonomo,Percentil 95,Are0127,734451.625,2022,6
2023-10-09,28,2025-01-01,2025-01-31,Coordinado,Percentil 5,Are0012,2440548.5,2022,10
2023-10-09,28,2025-01-01,2025-01-31,Coordinado,Promedio,Are0002,88931192.0,2022,10
2023-10-09,28,2025-01-01,2025-01-31,Coordinado,Promedio,Are0010,142271712.0,2022,10
2023-10-09,28,2025-01-01,2025-01-31,Coordinado,Percentil 95,Are0012,2440548.5,2022,10
2023-10-09,28,2025-01-01,2025-01-31,Autonomo,Promedio,Are0012,6680429.0,2022,10
2023-10-09,28,2025-01-01,2025-01-31,Autonomo,Percentil 95,Are0012,2701064.5,2022,10
2023-10-09,28,2025-01-01,2025-01-31,Autonomo,Percentil 5,Are0010,97493552.0,2022,10
2023-10-09,28,2025-01-01,2025-01-31,Autonomo,Percentil 5,Are0127,667935.5,2022,10
2023-10-09,28,2025-01-01,2025-01-31,Autonomo,Percentil 95,Are0056,7976642.0,2022,10
2023-10-09,28,2025-01-01,2025-01-31,Coordinado,Percentil 5,Are0127,573032.25,2022,10
2023-10-09,28,2025-01-01,2025-01-31,Coordinado,Promedio,Are0056,13683714.0,2022,10
2023-10-09,28,2025-01-01,2025-01-31,Autonomo,Percentil 5,Are0012,2701064.5,2022,10
2023-10-09,28,2025-01-01,2025-01-31,Coordinado,Percentil 95,Are0128,21278252.0,2022,10
2023-10-09,28,2025-01-01,2025-01-31,Coordinado,Percentil 95,Are0010,204370960.0,2022,10
2023-10-09,28,2025-01-01,2025-01-31,Coordinado,Percentil 95,Are0127,573032.25,2022,10
2023-10-09,28,2025-01-01,2025-01-31,Coordinado,Percentil 5,Are0002,54766872.0,2022,10
2023-10-09,28,2025-01-01,2025-01-31,Autonomo,Percentil 5,Are0002,55234548.0,2022,10
2023-10-09,28,2025-01-01,2025-01-31,Coordinado,Percentil 5,Are0056,7790064.5,2022,10
2023-10-09,28,2025-01-01,2025-01-31,Coordinado,Percentil 5,Are0010,95600000.0,2022,10
2023-10-09,28,2025-01-01,2025-01-31,Autonomo,Percentil 95,Are0010,208312896.0,2022,10
2023-10-09,28,2025-01-01,2025-01-31,Coordinado,Promedio,Are0128,31666210.0,2022,10
2023-10-09,28,2025-01-01,2025-01-31,Coordinado,Percentil 5,Are0128,21278252.0,2022,10
2023-10-09,28,2025-01-01,2025-01-31,Autonomo,Promedio,Are0010,144947520.0,2022,10
2023-10-09,28,2025-01-01,2025-01-31,Autonomo,Promedio,Are0002,89407768.0,2022,10
2023-10-09,28,2025-01-01,2025-01-31,Coordinado,Percentil 95,Are0056,7790064.5,2022,10
2023-10-09,28,2025-01-01,2025-01-31,Autonomo,Percentil 95,Are0002,55234548.0,2022,10
2023-10-09,28,2025-01-01,2025-01-31,Autonomo,Promedio,Are0056,14140196.0,2022,10
2023-10-09,31,2025-01-01,2025-01-31,Autonomo,Promedio,Are0012,6612034.0,2022,7
2023-10-09,31,2025-01-01,2025-01-31,Autonomo,Percentil 95,Are0012,2536161.25,2022,7
2023-10-09,31,2025-01-01,2025-01-31,Autonomo,Percentil 95,Are0002,51355204.0,2022,7
2023-10-09,31,2025-01-01,2025-01-31,Coordinado,Percentil 5,Are0128,19233310.0,2022,7
2023-10-09,31,2025-01-01,2025-01-31,Coordinado,Promedio,Are0127,1427754.5,2022,7
2023-10-09,31,2025-01-01,2025-01-31,Autonomo,Percentil 5,Are0128,20123994.0,2022,7
2023-10-09,31,2025-01-01,2025-01-31,Coordinado,Percentil 95,Are0010,217377424.0,2022,7
2023-10-09,31,2025-01-01,2025-01-31,Coordinado,Promedio,Are0056,13856790.0,2022,7
2023-10-09,31,2025-01-01,2025-01-31,Coordinado,Percentil 95,Are0012,2441967.75,2022,7
2023-10-09,31,2025-01-01,2025-01-31,Coordinado,Percentil 95,Are0002,50884532.0,2022,7
2023-10-09,31,2025-01-01,2025-01-31,Coordinado,Percentil 5,Are0127,512064.53125,2022,7
2023-10-09,31,2025-01-01,2025-01-31,Autonomo,Percentil 95,Are0127,652709.6875,2022,7
2023-10-09,31,2025-01-01,2025-01-31,Autonomo,Promedio,Are0128,32842670.0,2022,7
2023-10-09,31,2025-01-01,2025-01-31,Coordinado,Percentil 5,Are0002,50884532.0,2022,7
2023-10-09,31,2025-01-01,2025-01-31,Coordinado,Percentil 5,Are0012,2441967.75,2022,7
2023-10-09,31,2025-01-01,2025-01-31,Coordinado,Percentil 5,Are0056,8862916.0,2022,7
2023-10-09,31,2025-01-01,2025-01-31,Coordinado,Promedio,Are0002,87706144.0,2022,7
2023-10-09,31,2025-01-01,2025-01-31,Autonomo,Percentil 95,Are0056,9259421.0,2022,7
2023-10-09,31,2025-01-01,2025-01-31,Autonomo,Percentil 5,Are0012,2536161.25,2022,7
2023-10-09,31,2025-01-01,2025-01-31,Autonomo,Percentil 5,Are0127,652709.6875,2022,7
2023-10-09,31,2025-01-01,2025-01-31,Autonomo,Percentil 95,Are0128,20123994.0,2022,7
2023-10-09,31,2025-01-01,2025-01-31,Coordinado,Promedio,Are0128,31677240.0,2022,7
2023-10-09,31,2025-01-01,2025-01-31,Coordinado,Percentil 95,Are0056,8862916.0,2022,7
2023-10-09,31,2025-01-01,2025-01-31,Autonomo,Percentil 95,Are0010,220748384.0,2022,7
2023-10-09,31,2025-01-01,2025-01-31,Autonomo,Promedio,Are0127,1888977.75,2022,7
2023-10-09,31,2025-01-01,2025-01-31,Autonomo,Promedio,Are0056,14310023.0,2022,7
2023-10-09,31,2025-01-01,2025-01-31,Autonomo,Promedio,Are0002,88179096.0,2022,7
2023-10-09,31,2025-01-01,2025-01-31,Autonomo,Percentil 5,Are0002,51355204.0,2022,7
2023-10-09,31,2025-01-01,2025-01-31,Autonomo,Promedio,Are0010,143833104.0,2022,7
2023-10-09,31,2025-01-01,2025-01-31,Coordinado,Promedio,Are0012,6227419.5,2022,7
2023-10-09,31,2025-01-01,2025-01-31,Autonomo,Percentil 5,Are0056,9259421.0,2022,7
2023-10-09,31,2025-01-01,2025-01-31,Coordinado,Percentil 95,Are0127,512064.53125,2022,7
2023-10-09,31,2025-01-01,2025-01-31,Coordinado,Percentil 95,Are0128,19233310.0,2022,7
2023-10-09,31,2025-01-01,2025-01-31,Autonomo,Percentil 5,Are0010,90487096.0,2022,7
2023-10-09,31,2025-01-01,2025-01-31,Coordinado,Percentil 5,Are0010,87716128.0,2022,7
2023-10-09,31,2025-01-01,2025-01-31,Coordinado,Promedio,Are0010,140895232.0,2022,7
2023-10-10,26,2025-01-01,2025-01-31,Coordinado,Percentil 5,Are0127,677870.9375,2022,12
2023-10-10,26,2025-01-01,2025-01-31,Coordinado,Percentil 95,Are0002,50820324.0,2022,12
2023-10-10,26,2025-01-01,2025-01-31,Coordinado,Percentil 5,Are0128,20204120.0,2022,12
2023-10-10,26,2025-01-01,2025-01-31,Autonomo,Percentil 5,Are0002,51098368.0,2022,12
2023-10-10,26,2025-01-01,2025-01-31,Coordinado,Percentil 95,Are0127,677870.9375,2022,12
2024-09-15,5,2025-01-01,2025-01-31,Autonomo,Promedio,Are0128,33212860.0,2024,9
2024-09-15,5,2025-01-01,2025-01-31,Autonomo,Promedio,Are0056,13856890.0,2024,9
2024-09-15,5,2025-01-01,2025-01-31,Autonomo,Promedio,Are0012,5111044.0,2024,9
2024-09-15,5,2025-01-01,2025-01-31,Autonomo,Promedio,Are0002,80179648.0,2024,9
2024-08-15,6,2025-01-01,2025-01-31,Autonomo,Percentil 95,Are0127,519258.0625,2024,8
2024-08-15,6,2025-01-01,2025-01-31,Autonomo,Percentil 95,Are0056,7990385.0,2024,8
2024-08-15,6,2025-01-01,2025-01-31,Autonomo,Percentil 95,Are0012,1358645.125,2024,8
2024-08-15,6,2025-01-01,2025-01-31,Autonomo,Percentil 95,Are0002,46662196.0,2024,8
2024-08-15,6,2025-01-01,2025-01-31,Autonomo,Percentil 5,Are0127,519258.0625,2024,8
2024-08-15,6,2025-01-01,2025-01-31,Autonomo,Percentil 95,Are0010,275803232.0,2024,8
2024-08-15,6,2025-01-01,2025-01-31,Autonomo,Percentil 95,Are0128,17352846.0,2024,8
2024-08-15,6,2025-01-01,2025-01-31,Autonomo,Percentil 5,Are0056,7990385.0,2024,8
2024-08-15,6,2025-01-01,2025-01-31,Autonomo,Percentil 5,Are0012,1358645.125,2024,8
2024-08-15,6,2025-01-01,2025-01-31,Autonomo,Promedio,Are0127,1932420.375,2024,8
2024-08-15,6,2025-01-01,2025-01-31,Autonomo,Percentil 5,Are0010,80158064.0,2024,8
2024-08-15,6,2025-01-01,2025-01-31,Autonomo,Percentil 5,Are0128,17352846.0,2024,8
2024-08-15,6,2025-01-01,2025-01-31,Autonomo,Percentil 5,Are0002,46662196.0,2024,8
2024-08-15,6,2025-01-01,2025-01-31,Autonomo,Promedio,Are0010,147843040.0,2024,8
2024-08-15,6,2025-01-01,2025-01-31,Autonomo,Promedio,Are0128,35792468.0,2024,8
2024-08-15,6,2025-01-01,2025-01-31,Autonomo,Promedio,Are0056,14826766.0,2024,8
2024-08-15,6,2025-01-01,2025-01-31,Autonomo,Promedio,Are0012,6465880.5,2024,8
2024-08-15,6,2025-01-01,2025-01-31,Autonomo,Promedio,Are0002,88825224.0,2024,8
2024-04-15,10,2025-01-01,2025-01-31,Autonomo,Percentil 95,Are0127,452741.9375,2024,4
2024-04-15,10,2025-01-01,2025-01-31,Autonomo,Percentil 5,Are0127,452741.9375,2024,4
2024-04-15,10,2025-01-01,2025-01-31,Autonomo,Promedio,Are0127,1751401.0,2024,4
2024-04-15,10,2025-01-01,2025-01-31,Autonomo,Percentil 95,Are0010,212658064.0,2024,4
2024-04-15,10,2025-01-01,2025-01-31,Autonomo,Percentil 5,Are0010,56041936.0,2024,4
2024-04-15,10,2025-01-01,2025-01-31,Autonomo,Promedio,Are0010,131117352.0,2024,4
2024-04-15,10,2025-01-01,2025-01-31,Autonomo,Percentil 95,Are0128,13067081.0,2024,4
2024-04-15,10,2025-01-01,2025-01-31,Autonomo,Percentil 5,Are0128,13067081.0,2024,4
2024-04-15,10,2025-01-01,2025-01-31,Autonomo,Promedio,Are0128,32126272.0,2024,4
2024-04-15,10,2025-01-01,2025-01-31,Autonomo,Percentil 95,Are0056,6253800.0,2024,4
2024-04-15,10,2025-01-01,2025-01-31,Autonomo,Percentil 5,Are0056,6253800.0,2024,4
2024-04-15,10,2025-01-01,2025-01-31,Autonomo,Promedio,Are0056,13422745.0,2024,4
2024-04-15,10,2025-01-01,2025-01-31,Autonomo,Percentil 95,Are0012,1304354.875,2024,4
2024-04-15,10,2025-01-01,2025-01-31,Autonomo,Percentil 5,Are0012,1304354.875,2024,4
2024-04-15,10,2025-01-01,2025-01-31,Autonomo,Promedio,Are0012,6165336.0,2024,4
2024-04-15,10,2025-01-01,2025-01-31,Autonomo,Percentil 95,Are0002,31540924.0,2024,4
2024-04-15,10,2025-01-01,2025-01-31,Autonomo,Percentil 5,Are0002,31540924.0,2024,4
2024-04-15,10,2025-01-01,2025-01-31,Autonomo,Promedio,Are0002,77651512.0,2024,4
2024-02-15,12,2025-01-01,2025-01-31,Autonomo,Percentil 95,Are0127,518774.1875,2024,2
2024-02-15,12,2025-01-01,2025-01-31,Autonomo,Percentil 5,Are0127,518774.1875,2024,2
2024-02-15,12,2025-01-01,2025-01-31,Autonomo,Promedio,Are0127,1833401.875,2024,2
2024-02-15,12,2025-01-01,2025-01-31,Autonomo,Percentil 95,Are0010,227651616.0,2024,2
2024-02-15,12,2025-01-01,2025-01-31,Autonomo,Percentil 5,Are0010,71254840.0,2024,2
2024-02-15,12,2025-01-01,2025-01-31,Autonomo,Promedio,Are0010,136483008.0,2024,2
2024-02-15,12,2025-01-01,2025-01-31,Autonomo,Percentil 95,Are0128,17037280.0,2024,2
2024-02-15,12,2025-01-01,2025-01-31,Autonomo,Percentil 5,Are0128,17037280.0,2024,2
2024-02-15,12,2025-01-01,2025-01-31,Autonomo,Promedio,Are0128,33019670.0,2024,2
2024-02-15,12,2025-01-01,2025-01-31,Autonomo,Percentil 95,Are0056,5571793.5,2024,2
2024-02-15,12,2025-01-01,2025-01-31,Autonomo,Percentil 5,Are0056,5571793.5,2024,2
2024-02-15,12,2025-01-01,2025-01-31,Autonomo,Promedio,Are0056,13484025.0,2024,2
2024-02-15,12,2025-01-01,2025-01-31,Autonomo,Percentil 95,Are0012,1598193.5,2024,2
2024-02-15,12,2025-01-01,2025-01-31,Autonomo,Percentil 5,Are0012,1598193.5,2024,2
2024-02-15,12,2025-01-01,2025-01-31,Autonomo,Promedio,Are0012,6835700.0,2024,2
2024-02-15,12,2025-01-01,2025-01-31,Autonomo,Percentil 95,Are0002,40732916.0,2024,2
2024-02-15,12,2025-01-01,2025-01-31,Autonomo,Percentil 5,Are0002,40732916.0,2024,2
2024-02-15,12,2025-01-01,2025-01-31,Autonomo,Promedio,Are0002,81310128.0,2024,2
2025-01-23,1,2025-01-01,2025-01-31,Autonomo,Percentil 95,Are0127,503225.8125,2025,1
2025-01-23,1,2025-01-01,2025-01-31,Autonomo,Percentil 5,Are0127,503225.8125,2025,1
2025-01-23,1,2025-01-01,2025-01-31,Autonomo,Promedio,Are0127,838870.9375,2025,1
2025-01-23,1,2025-01-01,2025-01-31,Autonomo,Percentil 95,Are0010,206819360.0,2025,1
2025-01-23,1,2025-01-01,2025-01-31,Autonomo,Percentil 5,Are0010,50303224.0,2025,1
2025-01-23,1,2025-01-01,2025-01-31,Autonomo,Promedio,Are0010,86189064.0,2025,1
2025-01-23,1,2025-01-01,2025-01-31,Autonomo,Percentil 95,Are0128,12387748.0,2025,1
2025-01-23,1,2025-01-01,2025-01-31,Autonomo,Percentil 5,Are0128,12387748.0,2025,1
2025-01-23,1,2025-01-01,2025-01-31,Autonomo,Promedio,Are0128,22895240.0,2025,1
2024-02-02,13,2025-01-01,2025-01-31,Autonomo,Percentil 95,Are0127,709870.9375,2024,1
2024-02-02,13,2025-01-01,2025-01-31,Autonomo,Percentil 5,Are0127,709870.9375,2024,1
2024-02-02,13,2025-01-01,2025-01-31,Autonomo,Promedio,Are0127,1901899.375,2024,1
2024-02-02,13,2025-01-01,2025-01-31,Autonomo,Percentil 95,Are0010,191167744.0,2024,1
2024-02-02,13,2025-01-01,2025-01-31,Autonomo,Percentil 5,Are0010,79983872.0,2024,1
2024-02-02,13,2025-01-01,2025-01-31,Autonomo,Promedio,Are0010,136844608.0,2024,1
2024-02-02,13,2025-01-01,2025-01-31,Autonomo,Percentil 95,Are0128,18986122.0,2024,1
2024-02-02,13,2025-01-01,2025-01-31,Autonomo,Percentil 5,Are0128,18986122.0,2024,1
2024-02-02,13,2025-01-01,2025-01-31,Autonomo,Promedio,Are0128,32401348.0,2024,1
2024-02-02,13,2025-01-01,2025-01-31,Autonomo,Percentil 95,Are0056,8943737.0,2024,1
2024-02-02,13,2025-01-01,2025-01-31,Autonomo,Percentil 5,Are0056,8943737.0,2024,1
2024-02-02,13,2025-01-01,2025-01-31,Autonomo,Promedio,Are0056,14147503.0,2024,1
2024-02-02,13,2025-01-01,2025-01-31,Autonomo,Percentil 95,Are0012,1530612.875,2024,1
2024-02-02,13,2025-01-01,2025-01-31,Autonomo,Percentil 5,Are0012,1530612.875,2024,1
2024-02-02,13,2025-01-01,2025-01-31,Autonomo,Promedio,Are0012,6587111.5,2024,1
2024-02-02,13,2025-01-01,2025-01-31,Autonomo,Percentil 95,Are0002,43024144.0,2024,1
2024-02-02,13,2025-01-01,2025-01-31,Autonomo,Percentil 5,Are0002,43024144.0,2024,1
2024-02-02,13,2025-01-01,2025-01-31,Autonomo,Promedio,Are0002,81806784.0,2024,1
2024-10-15,4,2025-01-01,2025-01-31,Autonomo,Percentil 95,Are0127,519258.0625,2024,10
2024-10-15,4,2025-01-01,2025-01-31,Autonomo,Percentil 5,Are0127,519258.0625,2024,10
2024-10-15,4,2025-01-01,2025-01-31,Autonomo,Promedio,Are0127,1695513.875,2024,10
2024-10-15,4,2025-01-01,2025-01-31,Autonomo,Percentil 95,Are0010,249419360.0,2024,10
2024-10-15,4,2025-01-01,2025-01-31,Autonomo,Percentil 5,Are0010,59748388.0,2024,10
2024-10-15,4,2025-01-01,2025-01-31,Autonomo,Promedio,Are0010,125805256.0,2024,10
2024-10-15,4,2025-01-01,2025-01-31,Autonomo,Percentil 95,Are0128,11530497.0,2024,10
2024-10-15,4,2025-01-01,2025-01-31,Autonomo,Percentil 5,Are0128,11530497.0,2024,10
2024-10-15,4,2025-01-01,2025-01-31,Autonomo,Promedio,Are0128,31511622.0,2024,10
2024-10-15,4,2025-01-01,2025-01-31,Autonomo,Percentil 95,Are0056,6705540.5,2024,10
2024-10-15,4,2025-01-01,2025-01-31,Autonomo,Percentil 5,Are0056,6705540.5,2024,10
2024-10-15,4,2025-01-01,2025-01-31,Autonomo,Promedio,Are0056,13204380.0,2024,10
2024-10-15,4,2025-01-01,2025-01-31,Autonomo,Percentil 95,Are0012,1379516.125,2024,10
2024-10-15,4,2025-01-01,2025-01-31,Autonomo,Percentil 5,Are0012,1379516.125,2024,10
2024-10-15,4,2025-01-01,2025-01-31,Autonomo,Promedio,Are0012,5030959.0,2024,10
2024-10-15,4,2025-01-01,2025-01-31,Autonomo,Percentil 95,Are0002,33003680.0,2024,10
2024-10-15,4,2025-01-01,2025-01-31,Autonomo,Percentil 5,Are0002,33003680.0,2024,10
2024-10-15,4,2025-01-01,2025-01-31,Autonomo,Promedio,Are0002,74362720.0,2024,10
2024-07-15,7,2025-01-01,2025-01-31,Autonomo,Percentil 95,Are0127,438935.46875,2024,7
2024-07-15,7,2025-01-01,2025-01-31,Autonomo,Percentil 95,Are0056,7532725.0,2024,7
2024-07-15,7,2025-01-01,2025-01-31,Autonomo,Percentil 95,Are0012,1358645.125,2024,7
2024-07-15,7,2025-01-01,2025-01-31,Autonomo,Percentil 95,Are0002,36341480.0,2024,7
2024-07-15,7,2025-01-01,2025-01-31,Autonomo,Percentil 5,Are0127,438935.46875,2024,7
2024-07-15,7,2025-01-01,2025-01-31,Autonomo,Percentil 95,Are0010,326548384.0,2024,7
2024-07-15,7,2025-01-01,2025-01-31,Autonomo,Percentil 95,Are0128,20382670.0,2024,7
2024-07-15,7,2025-01-01,2025-01-31,Autonomo,Percentil 5,Are0056,7532725.0,2024,7
2024-07-15,7,2025-01-01,2025-01-31,Autonomo,Percentil 5,Are0012,1358645.125,2024,7
2024-07-15,7,2025-01-01,2025-01-31,Autonomo,Promedio,Are0127,2059755.75,2024,7
2024-07-15,7,2025-01-01,2025-01-31,Autonomo,Percentil 5,Are0010,75435480.0,2024,7
2024-07-15,7,2025-01-01,2025-01-31,Autonomo,Percentil 5,Are0128,20382670.0,2024,7
2024-07-15,7,2025-01-01,2025-01-31,Autonomo,Percentil 5,Are0002,36341480.0,2024,7
2024-07-15,7,2025-01-01,2025-01-31,Autonomo,Promedio,Are0010,152335264.0,2024,7
2024-07-15,7,2025-01-01,2025-01-31,Autonomo,Promedio,Are0128,35920796.0,2024,7
2024-07-15,7,2025-01-01,2025-01-31,Autonomo,Promedio,Are0056,14077450.0,2024,7
2024-07-15,7,2025-01-01,2025-01-31,Autonomo,Promedio,Are0012,7163497.5,2024,7
2024-07-15,7,2025-01-01,2025-01-31,Autonomo,Promedio,Are0002,93113576.0,2024,7
2024-09-15,5,2025-01-01,2025-01-31,Autonomo,Percentil 95,Are0127,486419.34375,2024,9
2024-09-15,5,2025-01-01,2025-01-31,Autonomo,Percentil 95,Are0056,6630793.5,2024,9
2024-09-15,5,2025-01-01,2025-01-31,Autonomo,Percentil 95,Are0012,1358645.125,2024,9
2024-09-15,5,2025-01-01,2025-01-31,Autonomo,Percentil 95,Are0002,36926260.0,2024,9
2024-09-15,5,2025-01-01,2025-01-31,Autonomo,Percentil 5,Are0127,486419.34375,2024,9
2024-09-15,5,2025-01-01,2025-01-31,Autonomo,Percentil 95,Are0010,246006448.0,2024,9
2024-09-15,5,2025-01-01,2025-01-31,Autonomo,Percentil 95,Are0128,16349429.0,2024,9
2024-09-15,5,2025-01-01,2025-01-31,Autonomo,Percentil 5,Are0056,6630793.5,2024,9
2024-09-15,5,2025-01-01,2025-01-31,Autonomo,Percentil 5,Are0012,1358645.125,2024,9
2024-09-15,5,2025-01-01,2025-01-31,Autonomo,Promedio,Are0127,2013666.125,2024,9
2024-09-15,5,2025-01-01,2025-01-31,Autonomo,Percentil 5,Are0010,70670968.0,2024,9
2024-09-15,5,2025-01-01,2025-01-31,Autonomo,Percentil 5,Are0128,16349429.0,2024,9
2024-09-15,5,2025-01-01,2025-01-31,Autonomo,Percentil 5,Are0002,36926260.0,2024,9
2024-09-15,5,2025-01-01,2025-01-31,Autonomo,Promedio,Are0010,134374192.0,2024,9
2023-10-10,24,2025-01-01,2025-01-31,Autonomo,Percentil 95,Are0056,7653680.5,2023,2
2023-10-10,24,2025-01-01,2025-01-31,Coordinado,Percentil 5,Are0128,18904994.0,2023,2
2023-10-10,24,2025-01-01,2025-01-31,Coordinado,Percentil 5,Are0056,7602097.0,2023,2
2023-10-10,24,2025-01-01,2025-01-31,Coordinado,Promedio,Are0010,145700032.0,2023,2
2023-10-10,24,2025-01-01,2025-01-31,Coordinado,Percentil 95,Are0010,217916128.0,2023,2
2023-10-10,24,2025-01-01,2025-01-31,Autonomo,Promedio,Are0012,7132221.5,2023,2
2023-10-10,24,2025-01-01,2025-01-31,Autonomo,Promedio,Are0128,33203940.0,2023,2
2023-10-10,24,2025-01-01,2025-01-31,Autonomo,Percentil 95,Are0002,46665420.0,2023,2
2023-10-10,24,2025-01-01,2025-01-31,Coordinado,Percentil 5,Are0127,610548.375,2023,2
2023-10-10,24,2025-01-01,2025-01-31,Autonomo,Percentil 5,Are0002,46665420.0,2023,2
2023-10-10,24,2025-01-01,2025-01-31,Autonomo,Percentil 5,Are0010,82254840.0,2023,2
2023-10-10,24,2025-01-01,2025-01-31,Autonomo,Percentil 5,Are0127,697322.5625,2023,2
2023-10-10,24,2025-01-01,2025-01-31,Autonomo,Percentil 5,Are0128,19432054.0,2023,2
2023-10-10,21,2025-01-01,2025-01-31,Autonomo,Percentil 95,Are0056,9086902.0,2023,5
2023-10-10,21,2025-01-01,2025-01-31,Autonomo,Percentil 95,Are0127,696774.1875,2023,5
2023-10-10,21,2025-01-01,2025-01-31,Autonomo,Percentil 5,Are0056,9086902.0,2023,5
2023-10-10,21,2025-01-01,2025-01-31,Coordinado,Promedio,Are0002,91171088.0,2023,5
2023-10-10,21,2025-01-01,2025-01-31,Coordinado,Percentil 5,Are0128,20327906.0,2023,5
2023-10-10,21,2025-01-01,2025-01-31,Autonomo,Percentil 5,Are0010,92422584.0,2023,5
2023-10-10,21,2025-01-01,2025-01-31,Coordinado,Promedio,Are0010,149800000.0,2023,5
2023-10-10,21,2025-01-01,2025-01-31,Autonomo,Percentil 95,Are0010,220390320.0,2023,5
2023-10-10,21,2025-01-01,2025-01-31,Coordinado,Percentil 95,Are0012,1653419.375,2023,5
2023-10-10,21,2025-01-01,2025-01-31,Autonomo,Percentil 95,Are0012,1733193.5,2023,5
2023-10-10,21,2025-01-01,2025-01-31,Autonomo,Promedio,Are0128,34696688.0,2023,5
2023-10-10,21,2025-01-01,2025-01-31,Coordinado,Promedio,Are0012,7155045.5,2023,5
2023-10-10,21,2025-01-01,2025-01-31,Coordinado,Percentil 5,Are0056,8938337.0,2023,5
2023-10-10,21,2025-01-01,2025-01-31,Autonomo,Percentil 5,Are0012,1733193.5,2023,5
2023-10-10,21,2025-01-01,2025-01-31,Autonomo,Promedio,Are0127,2028254.5,2023,5
2023-10-10,21,2025-01-01,2025-01-31,Autonomo,Percentil 95,Are0002,51881088.0,2023,5
2023-10-10,21,2025-01-01,2025-01-31,Coordinado,Percentil 5,Are0127,653516.125,2023,5
2023-10-10,21,2025-01-01,2025-01-31,Coordinado,Percentil 95,Are0127,653516.125,2023,5
2023-10-10,21,2025-01-01,2025-01-31,Coordinado,Percentil 95,Are0010,218912896.0,2023,5
2023-10-10,21,2025-01-01,2025-01-31,Coordinado,Percentil 95,Are0056,8938337.0,2023,5
2023-10-10,21,2025-01-01,2025-01-31,Coordinado,Promedio,Are0127,1977762.25,2023,5
2023-10-10,21,2025-01-01,2025-01-31,Coordinado,Percentil 5,Are0010,91200000.0,2023,5
2023-10-10,21,2025-01-01,2025-01-31,Autonomo,Promedio,Are0012,7240230.5,2023,5
2023-10-10,21,2025-01-01,2025-01-31,Autonomo,Promedio,Are0056,15200556.0,2023,5
2023-10-10,21,2025-01-01,2025-01-31,Autonomo,Percentil 5,Are0128,21113478.0,2023,5
2023-10-10,21,2025-01-01,2025-01-31,Autonomo,Promedio,Are0002,91309200.0,2023,5
2023-10-10,21,2025-01-01,2025-01-31,Autonomo,Percentil 5,Are0127,696774.1875,2023,5
2023-10-10,21,2025-01-01,2025-01-31,Autonomo,Promedio,Are0010,150474768.0,2023,5
2023-10-10,21,2025-01-01,2025-01-31,Autonomo,Percentil 95,Are0128,21113478.0,2023,5
2023-10-10,21,2025-01-01,2025-01-31,Autonomo,Percentil 5,Are0002,51881088.0,2023,5
2023-10-10,21,2025-01-01,2025-01-31,Coordinado,Percentil 5,Are0002,51443008.0,2023,5
2023-10-10,21,2025-01-01,2025-01-31,Coordinado,Promedio,Are0056,15149567.0,2023,5
2023-10-10,21,2025-01-01,2025-01-31,Coordinado,Percentil 95,Are0128,20327906.0,2023,5
2023-10-10,21,2025-01-01,2025-01-31,Coordinado,Promedio,Are0128,34346668.0,2023,5
2023-10-10,21,2025-01-01,2025-01-31,Coordinado,Percentil 5,Are0012,1653419.375,2023,5
2023-10-10,21,2025-01-01,2025-01-31,Coordinado,Percentil 95,Are0002,51443008.0,2023,5
2023-10-10,20,2025-01-01,2025-01-31,Autonomo,Percentil 5,Are0012,1761935.5,2023,6
2023-10-10,20,2025-01-01,2025-01-31,Autonomo,Promedio,Are0002,88436080.0,2023,6
2023-10-10,20,2025-01-01,2025-01-31,Coordinado,Percentil 95,Are0127,793645.1875,2023,6
2023-10-10,20,2025-01-01,2025-01-31,Autonomo,Percentil 95,Are0002,50194984.0,2023,6
2023-10-10,20,2025-01-01,2025-01-31,Autonomo,Percentil 5,Are0010,85351616.0,2023,6
2023-10-10,20,2025-01-01,2025-01-31,Coordinado,Promedio,Are0002,88346072.0,2023,6
2023-10-10,20,2025-01-01,2025-01-31,Autonomo,Percentil 95,Are0010,209909680.0,2023,6
2023-10-10,20,2025-01-01,2025-01-31,Coordinado,Promedio,Are0127,1848867.375,2023,6
2023-10-10,20,2025-01-01,2025-01-31,Autonomo,Promedio,Are0127,1885311.0,2023,6
2023-10-10,20,2025-01-01,2025-01-31,Coordinado,Promedio,Are0128,32425730.0,2023,6
2023-10-10,20,2025-01-01,2025-01-31,Coordinado,Percentil 5,Are0002,50039684.0,2023,6
2023-10-10,20,2025-01-01,2025-01-31,Autonomo,Promedio,Are0012,6969011.5,2023,6
2023-10-10,20,2025-01-01,2025-01-31,Coordinado,Percentil 5,Are0056,9108977.0,2023,6
2023-10-10,20,2025-01-01,2025-01-31,Autonomo,Percentil 95,Are0128,18736032.0,2023,6
2023-10-10,20,2025-01-01,2025-01-31,Coordinado,Percentil 5,Are0128,18697126.0,2023,6
2023-10-10,20,2025-01-01,2025-01-31,Coordinado,Promedio,Are0010,144731520.0,2023,6
2023-10-10,20,2025-01-01,2025-01-31,Coordinado,Promedio,Are0056,15212375.0,2023,6
2023-10-10,20,2025-01-01,2025-01-31,Autonomo,Percentil 95,Are0127,785838.6875,2023,6
2025-01-23,1,2025-01-01,2025-01-31,Autonomo,Percentil 95,Are0056,5293374.0,2025,1
2025-01-23,1,2025-01-01,2025-01-31,Autonomo,Percentil 5,Are0056,5293374.0,2025,1
2025-01-23,1,2025-01-01,2025-01-31,Autonomo,Promedio,Are0056,10964874.0,2025,1
2025-01-23,1,2025-01-01,2025-01-31,Autonomo,Percentil 95,Are0012,1407322.625,2025,1
2025-01-23,1,2025-01-01,2025-01-31,Autonomo,Percentil 5,Are0012,1407322.625,2025,1
2025-01-23,1,2025-01-01,2025-01-31,Autonomo,Promedio,Are0012,2136914.75,2025,1
2025-01-23,1,2025-01-01,2025-01-31,Autonomo,Percentil 95,Are0002,29996068.0,2025,1
2025-01-23,1,2025-01-01,2025-01-31,Autonomo,Percentil 5,Are0002,29996068.0,2025,1
2025-01-23,1,2025-01-01,2025-01-31,Autonomo,Promedio,Are0002,49353208.0,2025,1
2023-10-10,19,2025-01-01,2025-01-31,Coordinado,Promedio,Are0128,32461550.0,2023,7
2023-10-10,19,2025-01-01,2025-01-31,Coordinado,Promedio,Are0002,85517008.0,2023,7
2023-10-10,19,2025-01-01,2025-01-31,Autonomo,Percentil 95,Are0010,200348384.0,2023,7
2023-10-10,19,2025-01-01,2025-01-31,Coordinado,Percentil 95,Are0128,19260768.0,2023,7
2023-10-10,19,2025-01-01,2025-01-31,Autonomo,Percentil 95,Are0128,19311958.0,2023,7
2023-10-10,19,2025-01-01,2025-01-31,Autonomo,Percentil 95,Are0012,1384709.625,2023,7
2023-10-10,19,2025-01-01,2025-01-31,Autonomo,Percentil 5,Are0012,1384709.625,2023,7
2023-10-10,19,2025-01-01,2025-01-31,Coordinado,Percentil 5,Are0128,19260768.0,2023,7
2023-10-10,19,2025-01-01,2025-01-31,Autonomo,Promedio,Are0128,32551846.0,2023,7
2023-10-10,19,2025-01-01,2025-01-31,Coordinado,Percentil 95,Are0056,7829934.5,2023,7
2023-10-10,19,2025-01-01,2025-01-31,Autonomo,Percentil 95,Are0002,47196956.0,2023,7
2023-10-10,19,2025-01-01,2025-01-31,Autonomo,Promedio,Are0010,140981584.0,2023,7
2023-10-10,19,2025-01-01,2025-01-31,Autonomo,Percentil 5,Are0002,47196956.0,2023,7
2023-10-10,19,2025-01-01,2025-01-31,Coordinado,Percentil 95,Are0002,47167180.0,2023,7
2023-10-10,19,2025-01-01,2025-01-31,Coordinado,Promedio,Are0012,6152250.5,2023,7
2023-10-10,19,2025-01-01,2025-01-31,Coordinado,Percentil 5,Are0056,7829934.5,2023,7
2023-10-10,19,2025-01-01,2025-01-31,Autonomo,Promedio,Are0127,1861867.375,2023,7
2023-10-10,19,2025-01-01,2025-01-31,Coordinado,Promedio,Are0010,140798352.0,2023,7
2023-10-10,19,2025-01-01,2025-01-31,Coordinado,Promedio,Are0056,14834789.0,2023,7
2023-10-10,19,2025-01-01,2025-01-31,Autonomo,Percentil 5,Are0056,7829934.5,2023,7
2023-10-10,19,2025-01-01,2025-01-31,Coordinado,Promedio,Are0127,1832829.375,2023,7
2023-10-10,19,2025-01-01,2025-01-31,Coordinado,Percentil 95,Are0010,200629040.0,2023,7
2023-10-10,19,2025-01-01,2025-01-31,Coordinado,Percentil 5,Are0012,1384709.625,2023,7
2023-10-10,19,2025-01-01,2025-01-31,Autonomo,Percentil 5,Are0128,19311958.0,2023,7
2023-10-10,19,2025-01-01,2025-01-31,Coordinado,Percentil 5,Are0010,87867744.0,2023,7
2023-10-10,19,2025-01-01,2025-01-31,Coordinado,Percentil 5,Are0002,47167180.0,2023,7
2023-10-10,19,2025-01-01,2025-01-31,Autonomo,Percentil 95,Are0127,533580.625,2023,7
2023-10-10,19,2025-01-01,2025-01-31,Coordinado,Percentil 95,Are0127,568709.6875,2023,7
2023-10-10,19,2025-01-01,2025-01-31,Autonomo,Percentil 5,Are0127,533580.625,2023,7
2023-10-10,19,2025-01-01,2025-01-31,Autonomo,Promedio,Are0056,14859803.0,2023,7
2023-10-10,19,2025-01-01,2025-01-31,Autonomo,Percentil 95,Are0056,7829934.5,2023,7
2023-10-10,19,2025-01-01,2025-01-31,Autonomo,Promedio,Are0002,85546360.0,2023,7
2023-10-10,19,2025-01-01,2025-01-31,Coordinado,Percentil 5,Are0127,568709.6875,2023,7
2023-10-10,19,2025-01-01,2025-01-31,Coordinado,Percentil 95,Are0012,1384709.625,2023,7
2023-10-10,19,2025-01-01,2025-01-31,Autonomo,Percentil 5,Are0010,86900000.0,2023,7
2023-10-10,19,2025-01-01,2025-01-31,Autonomo,Promedio,Are0012,6161641.0,2023,7
2023-10-10,24,2025-01-01,2025-01-31,Coordinado,Promedio,Are0127,1837124.875,2023,2
2023-10-10,24,2025-01-01,2025-01-31,Autonomo,Percentil 5,Are0056,7653680.5,2023,2
2023-10-10,24,2025-01-01,2025-01-31,Coordinado,Promedio,Are0002,89434800.0,2023,2
2023-10-10,24,2025-01-01,2025-01-31,Coordinado,Promedio,Are0056,14448563.0,2023,2
2023-10-10,24,2025-01-01,2025-01-31,Coordinado,Percentil 95,Are0056,7602097.0,2023,2
2023-10-10,24,2025-01-01,2025-01-31,Coordinado,Percentil 95,Are0012,1962516.125,2023,2
2023-10-10,24,2025-01-01,2025-01-31,Autonomo,Percentil 95,Are0127,697322.5625,2023,2
2023-10-10,24,2025-01-01,2025-01-31,Autonomo,Promedio,Are0010,146379232.0,2023,2
2023-10-10,24,2025-01-01,2025-01-31,Autonomo,Percentil 5,Are0012,2108161.25,2023,2
2023-10-10,24,2025-01-01,2025-01-31,Coordinado,Percentil 95,Are0128,18904994.0,2023,2
2023-10-10,24,2025-01-01,2025-01-31,Autonomo,Percentil 95,Are0010,217929040.0,2023,2
2023-10-10,24,2025-01-01,2025-01-31,Autonomo,Promedio,Are0002,89626440.0,2023,2
2023-10-10,24,2025-01-01,2025-01-31,Coordinado,Promedio,Are0128,32932150.0,2023,2
2023-10-10,24,2025-01-01,2025-01-31,Autonomo,Percentil 95,Are0128,19432054.0,2023,2
2023-10-10,24,2025-01-01,2025-01-31,Coordinado,Percentil 95,Are0127,610548.375,2023,2
2023-10-10,24,2025-01-01,2025-01-31,Autonomo,Promedio,Are0127,1918137.75,2023,2
2023-10-10,24,2025-01-01,2025-01-31,Coordinado,Percentil 5,Are0012,1962516.125,2023,2
2023-10-10,24,2025-01-01,2025-01-31,Coordinado,Percentil 5,Are0002,46410116.0,2023,2
2023-10-10,24,2025-01-01,2025-01-31,Coordinado,Percentil 5,Are0010,81090320.0,2023,2
2023-10-10,24,2025-01-01,2025-01-31,Coordinado,Promedio,Are0012,7047366.5,2023,2
2023-10-10,24,2025-01-01,2025-01-31,Coordinado,Percentil 95,Are0002,46410116.0,2023,2
2023-10-10,24,2025-01-01,2025-01-31,Autonomo,Promedio,Are0056,14498613.0,2023,2
2023-10-10,24,2025-01-01,2025-01-31,Autonomo,Percentil 95,Are0012,2108161.25,2023,2
